# Blender 4.2.3 LTS
# www.blender.org
mtllib Hair_03_SleekBob.mtl
o Hair_03_SleekBob
v 0.020040 0.525090 -0.103112
v 0.030237 0.526262 -0.096316
v 0.039552 0.506991 -0.162033
v -0.001296 0.539942 -0.036060
v 0.009292 0.524763 -0.105388
v 0.040225 0.527321 -0.088937
v 0.078072 0.510442 -0.135638
v 0.060282 0.507983 -0.152748
v 0.047423 0.529410 -0.076793
v 0.117594 0.485461 -0.184014
v 0.093761 0.514022 -0.113478
v 0.060807 0.480640 -0.224677
v 0.090642 0.482355 -0.208922
v 0.019251 0.506046 -0.168756
v -0.001487 0.524520 -0.107215
v -0.001489 0.506113 -0.169239
v 0.054203 0.531346 -0.064221
v 0.103681 0.519066 -0.086202
v 0.155890 0.497503 -0.107070
v 0.139937 0.490770 -0.148312
v 0.116633 0.453186 -0.256048
v 0.079285 0.450412 -0.277368
v -0.001489 0.478986 -0.235975
v 0.029896 0.479442 -0.233416
v -0.012266 0.524763 -0.105388
v -0.022228 0.506046 -0.168756
v 0.056900 0.533808 -0.049429
v 0.110515 0.523546 -0.058807
v 0.179316 0.463324 -0.177319
v 0.150365 0.457186 -0.223409
v -0.001489 0.446861 -0.293758
v -0.032873 0.479442 -0.233416
v 0.039467 0.447984 -0.289769
v -0.063784 0.480640 -0.224677
v -0.042529 0.506991 -0.162033
v 0.181014 0.420079 -0.259147
v 0.141333 0.415155 -0.299248
v -0.001489 0.405081 -0.348659
v -0.042444 0.447984 -0.289769
v 0.049003 0.407067 -0.342992
v -0.063259 0.507983 -0.152748
v -0.033211 0.526262 -0.096316
v -0.023014 0.525090 -0.103112
v 0.097369 0.411084 -0.326402
v -0.051980 0.407067 -0.342992
v -0.082262 0.450412 -0.277368
v 0.114459 0.366014 -0.369690
v 0.058065 0.361188 -0.389643
v -0.081049 0.510442 -0.135638
v -0.043199 0.527321 -0.088937
v 0.164452 0.370588 -0.337460
v -0.093619 0.482355 -0.208922
v 0.128263 0.322294 -0.403437
v -0.120571 0.485461 -0.184014
v -0.096738 0.514022 -0.113478
v -0.050397 0.529410 -0.076793
v 0.183570 0.326759 -0.367471
v 0.233524 0.332522 -0.315719
v 0.209582 0.376087 -0.290815
v -0.119610 0.453186 -0.256048
v -0.142914 0.490770 -0.148312
v -0.153342 0.457186 -0.223409
v -0.158867 0.497503 -0.107070
v -0.106658 0.519066 -0.086202
v -0.057177 0.531346 -0.064221
v 0.200855 0.279675 -0.393646
v 0.251479 0.383754 -0.227793
v 0.216568 0.426725 -0.203955
v -0.100346 0.411084 -0.326402
v -0.113492 0.523546 -0.058807
v -0.059870 0.533809 -0.049428
v 0.065288 0.317609 -0.425440
v 0.140213 0.275580 -0.433051
v 0.071272 0.271464 -0.456050
v 0.290491 0.400966 -0.158876
v 0.243983 0.434716 -0.140705
v 0.200723 0.470942 -0.124391
v -0.114149 0.528264 -0.030724
v -0.062077 0.535924 -0.034499
v -0.001489 0.315222 -0.432957
v -0.001489 0.358724 -0.396555
v 0.150765 0.225188 -0.458224
v 0.211926 0.479330 -0.071313
v 0.163980 0.504764 -0.065742
v -0.060068 0.538125 -0.019937
v -0.061042 0.361188 -0.389643
v 0.216389 0.228916 -0.415647
v 0.282802 0.240679 -0.364001
v 0.260498 0.290842 -0.343441
v 0.165697 0.511827 -0.024892
v 0.111172 0.528264 -0.030724
v -0.117436 0.366014 -0.369690
v 0.229372 0.173736 -0.431951
v 0.319402 0.306466 -0.272875
v 0.288428 0.350717 -0.253390
v 0.059103 0.535924 -0.034499
v -0.131241 0.322294 -0.403437
v -0.167429 0.370588 -0.337460
v -0.144310 0.415155 -0.299248
v 0.329127 0.363437 -0.173173
v 0.057144 0.538125 -0.019960
v -0.186547 0.326759 -0.367471
v -0.236501 0.332522 -0.315719
v -0.212559 0.376087 -0.290815
v -0.068265 0.317609 -0.425440
v -0.183991 0.420079 -0.259147
v 0.308923 0.409885 -0.083430
v 0.110087 0.532266 -0.002793
v -0.203832 0.279675 -0.393646
v -0.254456 0.383754 -0.227793
v -0.074249 0.271464 -0.456050
v -0.001489 0.269498 -0.463578
v -0.182293 0.463324 -0.177319
v 0.259299 0.443619 -0.076583
v -0.143190 0.275580 -0.433051
v -0.001489 0.219765 -0.488040
v -0.079329 0.221530 -0.481361
v -0.153742 0.225188 -0.458224
v 0.076352 0.221530 -0.481361
v 0.311434 0.413673 -0.009292
v 0.265154 0.453408 -0.013435
v 0.215155 0.487913 -0.019147
v -0.083516 0.166313 -0.499596
v 0.080539 0.166313 -0.499596
v 0.159440 0.169946 -0.476501
v 0.355258 0.379657 -0.007232
v 0.311964 0.426605 0.061160
v 0.350687 0.373408 -0.089361
v 0.264042 0.464041 0.048631
v 0.162796 0.517890 0.015120
v 0.166301 0.111141 -0.488509
v 0.351773 0.387220 0.068834
v 0.302602 0.438949 0.125204
v 0.343194 0.400965 0.139114
v 0.390394 0.330168 -0.094773
v 0.365386 0.319988 -0.185743
v 0.254629 0.473925 0.104348
v 0.212601 0.496103 0.032043
v 0.389680 0.324639 0.074488
v 0.281095 0.448775 0.179537
v 0.235367 0.481471 0.149716
v 0.397881 0.270654 -0.197071
v 0.347266 0.256580 -0.289781
v 0.203957 0.502916 0.078213
v 0.189124 0.508042 0.116034
v 0.155494 0.522493 0.051509
v 0.396700 0.336141 -0.006187
v 0.248638 0.456512 0.227517
v 0.208287 0.487693 0.189454
v 0.370746 0.201144 -0.304119
v 0.301917 0.185524 -0.380561
v 0.144405 0.525744 0.081740
v 0.103655 0.535582 0.022055
v 0.096065 0.537969 0.043283
v 0.433516 0.287099 -0.006136
v 0.426016 0.280889 -0.100058
v 0.316999 0.125855 -0.392521
v 0.239609 0.115102 -0.442940
v 0.129181 0.528410 0.107359
v 0.455758 0.226959 -0.105708
v 0.425056 0.215913 -0.207628
v 0.247687 0.054133 -0.450049
v 0.171937 0.050017 -0.496115
v 0.086797 0.046629 -0.518825
v 0.083930 0.107480 -0.511517
v 0.168631 0.512433 0.148831
v 0.054751 0.539913 -0.005612
v 0.446661 0.155128 -0.216400
v 0.389167 0.140237 -0.315091
v 0.176271 -0.014192 -0.500082
v -0.001489 0.105811 -0.517457
v -0.001489 0.164581 -0.505663
v 0.049384 0.541269 0.004612
v 0.401772 0.074401 -0.321627
v 0.479697 0.167452 -0.110680
v 0.461895 0.088060 -0.222032
v 0.327356 0.062657 -0.399140
v 0.043712 0.542423 0.014445
v 0.084292 0.539845 0.059240
v 0.489090 0.176425 -0.008060
v 0.464299 0.234045 -0.007038
v 0.497146 0.101533 -0.113740
v 0.469057 0.015822 -0.223910
v 0.036208 0.543339 0.020513
v 0.071816 0.541050 0.074012
v 0.109519 0.531055 0.130258
v 0.450171 0.232657 0.080346
v 0.423325 0.287401 0.078106
v 0.506143 0.029492 -0.115541
v 0.507436 0.113310 -0.008362
v 0.028451 0.544011 0.026255
v 0.055505 0.542310 0.084005
v 0.085354 0.533491 0.149000
v 0.142744 0.516712 0.180107
v 0.175283 0.493681 0.228613
v 0.416886 0.288075 0.158137
v 0.518069 0.043790 -0.009333
v 0.499720 0.116694 0.084036
v 0.481356 0.178220 0.083274
v 0.018746 0.544427 0.029812
v 0.037184 0.543517 0.093129
v 0.111409 0.520385 0.206799
v 0.136437 0.498551 0.262932
v 0.206557 0.462294 0.272197
v 0.446046 0.242891 0.162854
v 0.469252 0.182614 0.165571
v 0.009027 0.544795 0.033074
v 0.018249 0.544250 0.097202
v 0.057041 0.535530 0.162278
v 0.286105 0.423791 0.258893
v 0.428290 0.254762 0.241688
v 0.001556 0.544835 0.034143
v 0.028637 0.536919 0.170601
v 0.004136 0.537439 0.174848
v 0.002736 0.544592 0.100897
v 0.074893 0.522767 0.225563
v 0.322220 0.413689 0.202206
v -0.005770 0.544845 0.034948
v -0.010839 0.544433 0.100320
v 0.038014 0.524057 0.237141
v -0.017860 0.537291 0.175643
v 0.005360 0.524502 0.242463
v 0.092134 0.501264 0.287764
v 0.361139 0.350174 0.220168
v 0.381951 0.336380 0.149814
v -0.012455 0.544685 0.033905
v 0.047205 0.502270 0.303127
v -0.039027 0.536689 0.173821
v -0.024485 0.524309 0.242797
v 0.006338 0.502093 0.309300
v 0.158507 0.467512 0.311312
v -0.023856 0.544210 0.100902
v -0.019235 0.544502 0.032491
v -0.037845 0.543942 0.095990
v 0.176050 0.431707 0.349223
v 0.106977 0.471487 0.341787
v 0.396502 0.301060 0.233609
v -0.028837 0.543847 0.026653
v -0.061504 0.535312 0.166716
v -0.055496 0.542952 0.088232
v 0.234191 0.428103 0.307797
v 0.055211 0.473087 0.361559
v 0.355736 0.312603 0.304771
v 0.321876 0.380401 0.285365
v -0.038501 0.543022 0.020244
v -0.073508 0.541855 0.072211
v -0.087203 0.532841 0.151961
v 0.260495 0.385042 0.340072
v 0.061257 0.438180 0.406356
v 0.006701 0.471561 0.368877
v -0.056024 0.539924 -0.004800
v -0.047440 0.541573 0.007927
v 0.192044 0.387196 0.385094
v 0.287994 0.315994 0.364161
v 0.118348 0.436290 0.383373
v -0.039033 0.468551 0.366462
v -0.031554 0.501234 0.308427
v -0.104637 0.535746 0.024175
v -0.113008 0.532270 -0.002732
v -0.091740 0.539332 0.051016
v 0.389457 0.256022 0.316704
v 0.321797 0.258057 0.376214
v 0.128336 0.390408 0.420726
v -0.155828 0.522698 0.054657
v -0.168674 0.511827 -0.024891
v -0.137372 0.526527 0.094037
v -0.113413 0.529817 0.128082
v 0.419578 0.197438 0.319251
v 0.454937 0.191365 0.245614
v -0.166957 0.504764 -0.065742
v -0.181935 0.508683 0.131493
v -0.204391 0.503097 0.081405
v -0.151835 0.513497 0.175608
v -0.117738 0.518119 0.207758
v 0.474849 0.126841 0.245257
v 0.486584 0.120660 0.165660
v 0.201243 0.318850 0.422954
v -0.203700 0.470942 -0.124391
v -0.053270 0.523649 0.239285
v -0.083609 0.521809 0.228678
v 0.498321 0.057783 0.162879
v 0.510690 0.051352 0.083419
v 0.242994 0.257379 0.423223
v -0.246960 0.434716 -0.140705
v -0.214903 0.479330 -0.071313
v -0.219545 0.426725 -0.203955
v -0.106476 0.497854 0.287762
v 0.280562 0.197770 0.420904
v 0.355607 0.198932 0.379242
v -0.292571 0.399656 -0.158357
v -0.068017 0.500159 0.302498
v -0.149927 0.493319 0.260506
v -0.192816 0.487533 0.220317
v 0.383724 0.146197 0.375240
v 0.314197 0.144668 0.409769
v 0.442584 0.130217 0.316812
v -0.306430 0.402628 -0.081953
v -0.262276 0.443619 -0.076583
v -0.083023 0.465710 0.356971
v -0.229429 0.481437 0.167060
v 0.343157 0.103672 0.392288
v 0.459164 0.064565 0.306842
v 0.488514 0.062753 0.239504
v -0.268131 0.453408 -0.013435
v -0.218131 0.487913 -0.019147
v -0.129469 0.462470 0.337522
v -0.046353 0.430521 0.412450
v 0.496480 0.000052 0.227369
v 0.504692 -0.005590 0.157064
v 0.513315 -0.017085 0.081339
v -0.215506 0.496108 0.032131
v -0.165698 0.517896 0.015210
v -0.182187 0.458189 0.305155
v -0.150156 0.421238 0.375538
v 0.006272 0.435425 0.415385
v 0.505578 -0.065378 0.150845
v -0.233440 0.452992 0.258706
v -0.269170 0.412745 0.286758
v -0.210913 0.417106 0.338503
v -0.096852 0.425428 0.399631
v 0.004954 0.387540 0.456427
v 0.066270 0.390974 0.444771
v 0.519003 -0.030965 -0.008761
v -0.239693 0.348315 0.367476
v -0.111277 0.357715 0.439880
v -0.054537 0.381725 0.454967
v 0.135594 0.322147 0.453229
v 0.505100 -0.046524 -0.114498
v -0.266962 0.464042 0.048707
v -0.255570 0.473947 0.107222
v -0.171342 0.353226 0.411271
v -0.063100 0.311649 0.490184
v 0.136269 0.266728 0.466793
v -0.314886 0.426599 0.061258
v -0.303636 0.438702 0.128788
v -0.314411 0.413673 -0.009291
v -0.275213 0.447005 0.197429
v -0.194876 0.305612 0.444499
v 0.071644 0.265129 0.497769
v 0.069246 0.211675 0.503239
v -0.344547 0.400557 0.143645
v -0.352602 0.373638 -0.007116
v -0.127064 0.308137 0.475620
v 0.068790 0.320785 0.475575
v -0.000553 0.206762 0.525638
v -0.004479 0.157985 0.525392
v -0.330963 0.362076 -0.172524
v -0.352352 0.371922 -0.089006
v -0.354707 0.387211 0.068963
v 0.003008 0.316209 0.489387
v -0.391744 0.328686 -0.094348
v -0.392658 0.324635 0.074623
v -0.314695 0.407956 0.219094
v -0.353786 0.340871 0.235424
v -0.304502 0.343810 0.308812
v 0.000913 0.261111 0.511777
v -0.290537 0.349572 -0.252562
v -0.397972 0.334634 -0.006159
v -0.336909 0.293618 0.325118
v -0.268558 0.299310 0.392095
v -0.071458 0.256498 0.514096
v -0.143717 0.254866 0.501797
v -0.078266 0.203276 0.529006
v -0.321322 0.305345 -0.271877
v -0.366959 0.318639 -0.184960
v -0.384679 0.336203 0.154504
v -0.080119 0.156549 0.535372
v -0.175822 0.154999 0.521500
v -0.159842 0.201614 0.516357
v -0.083906 0.110275 0.530100
v -0.399187 0.269394 -0.196153
v -0.427047 0.279496 -0.099562
v -0.434451 0.285683 -0.006105
v -0.420038 0.300148 0.161913
v -0.388763 0.291832 0.247139
v -0.201498 0.113895 0.515388
v -0.242944 0.203110 0.483186
v -0.244331 0.008581 0.482763
v -0.153685 0.000272 0.501734
v -0.456495 0.225738 -0.105139
v -0.416121 0.243287 0.254638
v -0.294764 0.249375 0.408838
v -0.363631 0.245126 0.335395
v -0.297671 0.117895 0.480423
v -0.219015 0.254147 0.469138
v -0.223548 -0.067696 0.468298
v -0.426346 0.287878 0.078214
v -0.386031 0.199187 0.340806
v -0.268019 0.158411 0.487756
v -0.347248 -0.124478 0.390606
v -0.281233 -0.126794 0.425088
v -0.301246 -0.061775 0.443555
v -0.464898 0.232854 -0.006997
v -0.454062 0.235586 0.080509
v -0.447483 0.246197 0.166837
v -0.343807 0.158912 0.421382
v -0.319313 0.201500 0.418268
v -0.334644 -0.176457 0.372141
v -0.373286 -0.057606 0.402117
v -0.489404 0.175554 -0.008006
v -0.468728 0.190478 0.169378
v -0.474121 0.179292 0.081741
v -0.437748 0.195953 0.255783
v -0.384911 -0.180202 0.329008
v -0.415628 -0.232054 0.259299
v -0.388383 -0.229021 0.288452
v -0.403372 -0.122075 0.345145
v -0.425335 -0.181601 0.284693
v -0.498322 0.122694 0.083793
v -0.485174 0.132940 0.169822
v -0.455168 0.140382 0.255592
v -0.405560 0.155927 0.342461
v -0.430952 -0.268956 0.198026
v -0.442613 -0.234605 0.221118
v -0.458018 -0.289146 0.134248
v -0.437606 -0.116195 0.305305
v -0.451268 -0.176114 0.253743
v -0.456015 -0.232211 0.200079
v -0.497188 0.071854 0.167707
v -0.423812 0.085681 0.330251
v -0.469461 0.080233 0.251141
v -0.369378 0.118425 0.415236
v -0.421542 -0.050451 0.350673
v -0.457670 -0.049854 0.290840
v -0.465321 -0.116532 0.257831
v -0.469726 -0.175464 0.218940
v -0.466484 -0.231763 0.179861
v -0.481579 0.014639 0.241625
v -0.397029 0.020322 0.385421
v -0.442485 0.018619 0.314942
v -0.335003 0.016148 0.445868
v -0.487886 -0.118492 0.206552
v -0.483440 -0.174313 0.184332
v -0.473924 -0.230499 0.159887
v -0.475925 -0.237164 0.115692
v -0.465005 -0.246643 0.098321
v -0.477850 -0.232022 0.138348
v -0.490743 -0.178518 0.144811
v -0.500442 -0.122616 0.150521
v -0.488769 -0.052817 0.226639
v -0.505366 -0.064009 0.154975
v -0.488193 -0.185213 0.103605
v -0.472777 -0.198945 0.066263
v -0.496446 -0.134850 0.090557
v -0.504990 0.005402 0.162701
v -0.503349 -0.080901 0.081808
v -0.494856 -0.155826 0.035159
v -0.513495 -0.011112 0.081235
v -0.519026 -0.030593 -0.008695
v -0.508404 -0.109203 -0.000524
v -0.510017 0.058407 0.082892
v -0.518073 0.043752 -0.009275
v -0.505281 -0.046243 -0.113809
v -0.506313 0.029314 -0.114837
v -0.493649 -0.119762 -0.111209
v -0.490976 -0.170530 -0.016201
v -0.507541 0.112844 -0.008297
v -0.467360 -0.058759 -0.220277
v -0.455679 -0.130891 -0.213598
v -0.469661 0.015732 -0.222645
v -0.497425 0.100927 -0.113059
v -0.466137 -0.182163 -0.108696
v -0.476727 -0.231693 -0.028309
v -0.480177 0.166494 -0.110046
v -0.406663 -0.067824 -0.316899
v -0.391907 -0.136122 -0.302105
v -0.435261 -0.195919 -0.202843
v -0.462582 0.087569 -0.220794
v -0.408745 0.004318 -0.321417
v -0.403054 0.074048 -0.320100
v -0.460986 -0.249279 -0.112194
v -0.452792 -0.316417 -0.113924
v -0.466496 -0.298047 -0.039972
v -0.447509 0.154296 -0.215240
v -0.426116 0.214824 -0.206581
v -0.334243 -0.004084 -0.398328
v -0.390563 0.139594 -0.313646
v -0.318921 0.125402 -0.391106
v -0.329203 0.062424 -0.397654
v -0.431262 -0.265464 -0.199076
v -0.438669 -0.387670 -0.113089
v -0.447242 -0.372925 -0.054394
v -0.372293 0.200273 -0.302801
v -0.348992 0.255549 -0.288616
v -0.250664 0.054133 -0.450049
v -0.389248 -0.279038 -0.289862
v -0.383947 -0.349110 -0.279362
v -0.424820 -0.333507 -0.192777
v -0.411956 -0.472871 -0.108881
v -0.414019 -0.462591 -0.075004
v -0.284934 0.239913 -0.362842
v -0.303935 0.184891 -0.379261
v -0.258999 0.285844 -0.337539
v -0.391907 -0.207818 -0.297510
v -0.413938 -0.403865 -0.181469
v -0.369902 -0.562777 -0.103780
v -0.232349 0.173736 -0.431951
v -0.242586 0.115102 -0.442940
v -0.336008 -0.216858 -0.383559
v -0.334221 -0.289093 -0.374456
v -0.335254 -0.144705 -0.389290
v -0.169278 0.111141 -0.488509
v -0.219366 0.228916 -0.415647
v -0.263723 -0.221603 -0.447227
v -0.263366 -0.149792 -0.452910
v -0.332249 -0.073072 -0.391079
v -0.261016 -0.078697 -0.454980
v -0.394738 -0.488015 -0.165760
v -0.183545 -0.152825 -0.499036
v -0.183263 -0.224378 -0.493718
v -0.256759 -0.010144 -0.453883
v -0.182166 -0.082267 -0.501102
v -0.179248 -0.014192 -0.500082
v -0.363786 -0.578936 -0.150298
v -0.314487 -0.674186 -0.140332
v -0.374748 -0.421525 -0.261032
v -0.162417 0.169946 -0.476501
v -0.174914 0.050017 -0.496115
v -0.093469 -0.084677 -0.523691
v -0.338025 -0.589880 -0.213853
v -0.302737 -0.685526 -0.188898
v -0.254710 -0.783978 -0.180809
v -0.089774 0.046629 -0.518825
v -0.086907 0.107480 -0.511517
v -0.094084 -0.154831 -0.521751
v -0.360521 -0.503179 -0.237587
v -0.270081 -0.692788 -0.234199
v -0.184846 -0.747333 -0.244268
v -0.092005 -0.017115 -0.522561
v -0.181432 -0.296911 -0.485098
v -0.093777 -0.226226 -0.516256
v -0.321821 -0.435733 -0.342709
v -0.310521 -0.515802 -0.311575
v -0.203329 -0.696466 -0.283952
v -0.116706 -0.706448 -0.308955
v -0.001489 0.045204 -0.524582
v -0.261939 -0.294004 -0.438177
v -0.242368 -0.524210 -0.375227
v -0.292986 -0.599131 -0.274688
v -0.329584 -0.361284 -0.362399
v -0.001489 -0.018239 -0.528239
v 0.089028 -0.017115 -0.522561
v -0.257851 -0.367124 -0.425870
v -0.227359 -0.604925 -0.335351
v -0.251235 -0.442845 -0.406151
v 0.090492 -0.084677 -0.523691
v -0.001489 -0.085576 -0.529561
v -0.092699 -0.298862 -0.507657
v -0.090979 -0.373017 -0.496092
v -0.178199 -0.370711 -0.473079
v -0.173050 -0.447749 -0.453768
v -0.153042 -0.608578 -0.382629
v -0.001489 -0.155603 -0.527760
v -0.001489 -0.226983 -0.522052
v -0.001489 -0.299700 -0.513315
v -0.165429 -0.529506 -0.423456
v -0.084085 -0.534991 -0.448869
v -0.088233 -0.451053 -0.477672
v -0.077800 -0.619619 -0.407556
v -0.066024 -0.718621 -0.342011
v -0.057606 -0.769157 -0.294834
v 0.091107 -0.154831 -0.521751
v 0.090800 -0.226226 -0.516256
v -0.001489 -0.452421 -0.483810
v -0.001489 -0.537484 -0.455780
v -0.001489 -0.626523 -0.414611
v -0.001489 -0.717953 -0.356139
v -0.001489 -0.826540 -0.282895
v 0.180568 -0.152825 -0.499036
v 0.179189 -0.082267 -0.501102
v 0.180285 -0.224378 -0.493718
v 0.081108 -0.534991 -0.448869
v 0.074823 -0.619619 -0.407556
v 0.063047 -0.718621 -0.342010
v -0.001489 -0.373971 -0.501847
v 0.054626 -0.769160 -0.294832
v 0.258039 -0.078697 -0.454980
v 0.260389 -0.149792 -0.452910
v 0.253781 -0.010144 -0.453883
v 0.150065 -0.608578 -0.382629
v 0.113727 -0.706449 -0.308955
v 0.089722 -0.298862 -0.507657
v 0.088002 -0.373017 -0.496092
v 0.085256 -0.451053 -0.477672
v 0.332447 -0.004099 -0.399828
v 0.200352 -0.696466 -0.283952
v 0.181869 -0.747333 -0.244268
v 0.178455 -0.296911 -0.485098
v 0.170073 -0.447749 -0.453768
v 0.175222 -0.370711 -0.473079
v 0.162452 -0.529506 -0.423456
v 0.224382 -0.604925 -0.335351
v 0.267104 -0.692788 -0.234199
v 0.251733 -0.783978 -0.180809
v 0.260746 -0.221603 -0.447227
v 0.254874 -0.367124 -0.425870
v 0.258962 -0.294004 -0.438177
v 0.239391 -0.524210 -0.375227
v 0.407525 0.004339 -0.322962
v 0.290009 -0.599131 -0.274688
v 0.299759 -0.685526 -0.188898
v 0.311510 -0.674186 -0.140332
v 0.332277 -0.144705 -0.389290
v 0.333031 -0.216858 -0.383559
v 0.331243 -0.289093 -0.374456
v 0.405447 -0.068142 -0.318386
v 0.329272 -0.073072 -0.391079
v 0.466740 -0.059086 -0.221502
v 0.335048 -0.589880 -0.213853
v 0.360809 -0.578936 -0.150298
v 0.366925 -0.562777 -0.103780
v 0.395824 -0.138535 -0.307460
v 0.454952 -0.131580 -0.214721
v 0.493337 -0.120451 -0.111849
v 0.508267 -0.109836 -0.000532
v 0.391761 -0.488015 -0.165760
v 0.408979 -0.472871 -0.108881
v 0.411042 -0.462591 -0.075004
v 0.432284 -0.195919 -0.202843
v 0.388930 -0.207818 -0.297510
v 0.472773 -0.185944 -0.110952
v 0.490644 -0.171472 -0.016290
v 0.307543 -0.515802 -0.311575
v 0.444265 -0.372925 -0.054394
v 0.386271 -0.279038 -0.289862
v 0.458009 -0.249279 -0.112194
v 0.473750 -0.231693 -0.028309
v 0.500105 -0.080028 0.081080
v 0.357544 -0.503179 -0.237587
v 0.435692 -0.387670 -0.113089
v 0.463519 -0.298047 -0.039972
v 0.428285 -0.265464 -0.199076
v 0.449815 -0.316417 -0.113924
v 0.495400 -0.133169 0.090896
v 0.494579 -0.156646 0.035412
v 0.318844 -0.435733 -0.342709
v 0.371771 -0.421525 -0.261032
v 0.410961 -0.403865 -0.181469
v 0.421843 -0.333507 -0.192777
v 0.380970 -0.349110 -0.279362
v 0.501151 -0.117448 0.146790
v 0.487660 -0.181820 0.103697
v 0.469896 -0.198824 0.066335
v 0.326607 -0.361284 -0.362399
v 0.495535 -0.110244 0.196504
v 0.499418 -0.058538 0.212209
v 0.487394 -0.160709 0.179414
v 0.492601 -0.167333 0.143177
v 0.475647 -0.232549 0.114813
v 0.462156 -0.246451 0.098354
v 0.248258 -0.442845 -0.406151
v 0.476225 -0.057722 0.264245
v 0.476548 -0.109130 0.239571
v 0.470130 0.000215 0.287606
v 0.479877 -0.221160 0.138075
v 0.456033 -0.287575 0.131866
v 0.423463 -0.001650 0.330520
v 0.436268 -0.059563 0.303064
v 0.444830 -0.110641 0.273864
v 0.471988 -0.159304 0.211267
v 0.449383 -0.160433 0.238476
v 0.406240 0.104131 0.363813
v 0.475592 -0.215530 0.159455
v 0.394112 -0.061366 0.333632
v 0.409256 -0.112349 0.300478
v 0.453056 -0.218528 0.193345
v 0.466565 -0.215628 0.178629
v 0.419253 -0.162451 0.252898
v 0.373240 -0.004209 0.362042
v 0.437090 -0.224804 0.194354
v -0.495865 -0.152676 0.034760
v -0.517876 -0.034360 0.032003
v -0.469431 -0.196628 0.067446
v -0.509224 -0.105311 -0.000351
v -0.491316 -0.169529 -0.016389
v -0.452097 -0.198870 0.162661
v -0.472174 -0.214802 -0.036216
v -0.461858 -0.242828 0.099087
v -0.473228 -0.227546 -0.028268
v -0.440059 -0.274480 0.135006
v 0.217290 0.304108 0.361529
v -0.462202 -0.295215 -0.040930
v -0.361542 -0.362249 -0.091997
v -0.415871 -0.252740 0.200759
v -0.443399 -0.368303 -0.055260
v -0.157259 -0.474532 -0.143141
v -0.373195 -0.212699 0.291417
v -0.408764 -0.461738 -0.077935
v -0.162417 -0.531746 -0.161685
v 0.159443 -0.531747 -0.161685
v 0.155098 -0.475208 -0.143256
v -0.001686 -0.498170 -0.149078
v -0.365192 -0.563589 -0.106394
v -0.318383 -0.161173 0.373934
v 0.362215 -0.563590 -0.106395
v 0.405815 -0.461785 -0.077943
v 0.441885 -0.369019 -0.055387
v 0.376680 -0.347903 -0.086463
v -0.311448 -0.672026 -0.141827
v -0.267569 -0.113253 0.424619
v 0.308471 -0.672026 -0.141827
v 0.460711 -0.295905 -0.041048
v 0.470115 -0.218653 -0.039786
v -0.253190 -0.780183 -0.181668
v -0.208472 -0.056021 0.466612
v 0.250212 -0.780183 -0.181668
v 0.471222 -0.225089 -0.027212
v 0.512620 -0.086621 0.010842
v -0.186233 -0.742710 -0.243618
v -0.117459 -0.702643 -0.305816
v -0.060048 -0.763375 -0.291722
v -0.001489 -0.817512 -0.276327
v -0.142558 0.009935 0.498300
v 0.183256 -0.742710 -0.243618
v 0.491963 -0.167721 -0.015550
v 0.057068 -0.763378 -0.291719
v -0.071516 0.117799 0.525623
v 0.114479 -0.702645 -0.305815
v 0.509049 -0.106150 -0.001006
v 0.002427 0.162816 0.520638
v 0.495472 -0.154015 0.034448
v 0.073898 0.214826 0.498662
v 0.469439 -0.198446 0.067299
v 0.458045 -0.217774 0.114759
v 0.138913 0.268231 0.463146
v 0.461936 -0.244616 0.098928
v 0.449752 -0.274883 0.134665
v 0.201891 0.319698 0.422109
v 0.432572 -0.209941 0.199072
v 0.242488 0.260473 0.422954
v 0.423013 -0.152098 0.261393
v 0.279014 0.202333 0.420697
v 0.408427 -0.101019 0.305586
v 0.311733 0.150477 0.409897
v 0.392423 -0.050769 0.337382
v 0.340084 0.110128 0.392209
v 0.371104 0.005075 0.364220
v 0.019053 0.510873 -0.095106
v 0.028501 0.511684 -0.088132
v 0.038046 0.494495 -0.156291
v -0.001483 0.519253 -0.027827
v 0.008530 0.510760 -0.097218
v 0.038013 0.512315 -0.080549
v 0.073991 0.498166 -0.129445
v 0.057406 0.495465 -0.147035
v 0.045188 0.513565 -0.067887
v 0.110559 0.475158 -0.180004
v 0.088941 0.501244 -0.106036
v 0.058501 0.467782 -0.219449
v 0.085980 0.470265 -0.204592
v 0.018682 0.493457 -0.162944
v -0.001698 0.510366 -0.099617
v -0.001706 0.493554 -0.163711
v 0.051452 0.514517 -0.055004
v 0.098267 0.504719 -0.077476
v 0.146588 0.488832 -0.099773
v 0.131911 0.482171 -0.143214
v 0.108030 0.442816 -0.250287
v 0.074896 0.438205 -0.269753
v -0.001706 0.466147 -0.230443
v 0.029440 0.466380 -0.228085
v -0.011924 0.510694 -0.097206
v -0.022088 0.493330 -0.162902
v 0.054108 0.515594 -0.040434
v 0.104254 0.507030 -0.049513
v 0.166932 0.460763 -0.173871
v 0.138719 0.450378 -0.219810
v -0.001703 0.434536 -0.285614
v -0.032837 0.466197 -0.227995
v 0.038286 0.435480 -0.281587
v -0.061865 0.467427 -0.219282
v -0.041438 0.494247 -0.156212
v 0.166744 0.419720 -0.257743
v 0.129405 0.408989 -0.293908
v -0.001704 0.394271 -0.339039
v -0.041669 0.435261 -0.281445
v 0.046824 0.396341 -0.333349
v -0.060772 0.495096 -0.146925
v -0.031881 0.511490 -0.088099
v -0.022442 0.510740 -0.095082
v 0.090674 0.401491 -0.317779
v -0.050201 0.396099 -0.333145
v -0.078226 0.437783 -0.269493
v 0.106103 0.358003 -0.361906
v 0.054943 0.351042 -0.379672
v -0.077329 0.497691 -0.129322
v -0.041380 0.512061 -0.080508
v 0.151144 0.367740 -0.335145
v -0.089296 0.469745 -0.204366
v 0.118576 0.315269 -0.396163
v -0.113821 0.474484 -0.179748
v -0.092240 0.500673 -0.105915
v -0.048542 0.513264 -0.067847
v 0.169845 0.325625 -0.368131
v 0.222005 0.340553 -0.324249
v 0.196174 0.381151 -0.294347
v -0.111291 0.442203 -0.249941
v -0.135111 0.481356 -0.142972
v -0.141901 0.449577 -0.219419
v -0.149729 0.487918 -0.099586
v -0.101532 0.504087 -0.077379
v -0.054791 0.514176 -0.054967
v 0.187320 0.279068 -0.396777
v 0.242973 0.396550 -0.232621
v 0.203831 0.432847 -0.203706
v -0.093977 0.401023 -0.317409
v -0.107488 0.506361 -0.049447
v -0.057430 0.515237 -0.040405
v 0.061408 0.308058 -0.414403
v 0.129595 0.269249 -0.425571
v 0.067169 0.263302 -0.443351
v 0.280215 0.408956 -0.156953
v 0.233086 0.443811 -0.138213
v 0.187971 0.470043 -0.118855
v -0.107728 0.508274 -0.021268
v -0.059336 0.515966 -0.025654
v -0.001700 0.305070 -0.421105
v -0.001703 0.348103 -0.386291
v 0.139398 0.221354 -0.449412
v 0.197998 0.476644 -0.063303
v 0.153336 0.493618 -0.056824
v -0.057851 0.516630 -0.012125
v -0.058309 0.350792 -0.379401
v 0.202866 0.229853 -0.420016
v 0.268844 0.244137 -0.372183
v 0.246716 0.294410 -0.350506
v 0.153746 0.496525 -0.015007
v 0.104505 0.508946 -0.021276
v -0.109375 0.357515 -0.361414
v 0.216815 0.176825 -0.438320
v 0.308103 0.313613 -0.277704
v 0.276631 0.358029 -0.256302
v 0.056016 0.516337 -0.025656
v -0.121816 0.314789 -0.395561
v -0.154299 0.367024 -0.334492
v -0.132617 0.408310 -0.293420
v 0.319864 0.372214 -0.171882
v 0.054405 0.517015 -0.011632
v -0.172939 0.324910 -0.367322
v -0.224898 0.339556 -0.323300
v -0.199177 0.380174 -0.293592
v -0.064761 0.307813 -0.414074
v -0.169845 0.418816 -0.257187
v 0.299675 0.417905 -0.077137
v 0.103371 0.509585 0.006122
v -0.190346 0.278390 -0.395813
v -0.245753 0.395273 -0.231872
v -0.070509 0.263075 -0.442968
v -0.001698 0.261079 -0.449705
v -0.170023 0.459772 -0.173498
v 0.248236 0.451506 -0.070153
v -0.132800 0.268802 -0.424865
v -0.001701 0.215969 -0.473027
v -0.075628 0.217017 -0.466459
v -0.142568 0.220959 -0.448611
v 0.072295 0.217219 -0.466893
v 0.303839 0.421979 0.003958
v 0.251836 0.454946 -0.001630
v 0.199662 0.480063 -0.008621
v -0.080677 0.166421 -0.485999
v 0.077336 0.166587 -0.486485
v 0.148503 0.169784 -0.468530
v 0.345066 0.388983 0.004716
v 0.295722 0.420501 0.078280
v 0.342620 0.382261 -0.082998
v 0.246341 0.453589 0.063032
v 0.150437 0.497145 0.024804
v 0.156978 0.111480 -0.483042
v 0.334046 0.389344 0.084993
v 0.279131 0.416782 0.137036
v 0.312603 0.387604 0.149808
v 0.383801 0.339624 -0.088050
v 0.357139 0.329492 -0.185167
v 0.233595 0.450240 0.114532
v 0.195520 0.479877 0.043473
v 0.388398 0.333423 0.091521
v 0.255369 0.414847 0.181902
v 0.214043 0.448647 0.152650
v 0.390742 0.280637 -0.197391
v 0.336068 0.263619 -0.296586
v 0.186373 0.477604 0.086947
v 0.172593 0.475540 0.120304
v 0.143343 0.496300 0.059487
v 0.390276 0.343570 0.006623
v 0.223615 0.415213 0.219077
v 0.186745 0.448193 0.186142
v 0.359507 0.207877 -0.312957
v 0.287740 0.189186 -0.389634
v 0.133785 0.494823 0.087474
v 0.097400 0.509924 0.029848
v 0.090486 0.509636 0.049834
v 0.430092 0.292168 0.007696
v 0.420909 0.290882 -0.092859
v 0.303390 0.127330 -0.402668
v 0.229053 0.117013 -0.451932
v 0.119728 0.493581 0.111550
v 0.452194 0.237200 -0.098268
v 0.419169 0.225654 -0.209230
v 0.238310 0.051365 -0.459314
v 0.163807 0.047270 -0.491256
v 0.085873 0.045063 -0.510877
v 0.082081 0.108753 -0.501832
v 0.152707 0.473868 0.150098
v 0.052340 0.517355 0.002087
v 0.442622 0.162091 -0.219572
v 0.378646 0.144215 -0.325929
v 0.167848 -0.021806 -0.491682
v -0.001727 0.107858 -0.508688
v -0.001714 0.165708 -0.492887
v 0.047463 0.517695 0.011799
v 0.392025 0.072801 -0.333790
v 0.478414 0.175546 -0.103458
v 0.459462 0.089210 -0.226576
v 0.314523 0.059361 -0.409819
v 0.041971 0.517872 0.021152
v 0.079933 0.509704 0.064905
v 0.486496 0.183393 0.009429
v 0.460000 0.242297 0.009619
v 0.498011 0.104659 -0.106920
v 0.466657 0.008790 -0.229247
v 0.035059 0.518096 0.027332
v 0.068025 0.509429 0.079086
v 0.101167 0.492273 0.133537
v 0.450309 0.239394 0.101548
v 0.420638 0.289929 0.096978
v 0.507705 0.025330 -0.109519
v 0.506635 0.116728 0.009791
v 0.027670 0.518234 0.032683
v 0.052469 0.509629 0.089025
v 0.078628 0.491343 0.150994
v 0.127304 0.471502 0.178549
v 0.153024 0.446022 0.219199
v 0.402464 0.278194 0.176156
v 0.518242 0.041797 0.008815
v 0.494799 0.118104 0.107820
v 0.475399 0.182222 0.105788
v 0.017910 0.518441 0.036033
v 0.034649 0.509490 0.098079
v 0.098865 0.469038 0.201566
v 0.116546 0.442655 0.246726
v 0.180830 0.416018 0.254223
v 0.427191 0.236078 0.179375
v 0.451482 0.180478 0.184369
v 0.008560 0.518411 0.039703
v 0.016383 0.509573 0.102308
v 0.052365 0.490867 0.163425
v 0.251276 0.384108 0.244380
v 0.394388 0.236486 0.242761
v 0.001643 0.518425 0.040409
v 0.025331 0.490489 0.170819
v 0.002813 0.489729 0.174808
v 0.002031 0.509109 0.105849
v 0.066468 0.467637 0.217481
v 0.285846 0.384475 0.202166
v -0.005434 0.518301 0.041650
v -0.010504 0.509078 0.105493
v 0.033056 0.466594 0.227150
v -0.017288 0.489293 0.175195
v 0.004002 0.465753 0.231209
v 0.077670 0.439814 0.266329
v 0.328428 0.334708 0.224734
v 0.362860 0.333569 0.165725
v -0.012361 0.518268 0.040570
v 0.039670 0.437430 0.278354
v -0.036001 0.488782 0.173769
v -0.022547 0.465276 0.231105
v 0.006138 0.436410 0.282681
v 0.132876 0.414498 0.284490
v -0.022718 0.508649 0.105643
v -0.018761 0.518189 0.039094
v -0.035260 0.508819 0.101289
v 0.147797 0.386940 0.314377
v 0.084697 0.405155 0.302160
v 0.367100 0.281697 0.237244
v -0.028276 0.518142 0.033609
v -0.054949 0.489139 0.167702
v -0.051589 0.508963 0.093248
v 0.206509 0.385379 0.281491
v 0.043966 0.405590 0.319127
v 0.322226 0.290972 0.286192
v 0.282709 0.349393 0.261534
v -0.037539 0.517938 0.027044
v -0.069122 0.509506 0.077625
v -0.078439 0.490388 0.154165
v 0.229253 0.353707 0.304523
v 0.046897 0.380326 0.352049
v 0.007510 0.404167 0.324994
v -0.054273 0.517155 0.002305
v -0.045638 0.517774 0.015068
v 0.162420 0.355950 0.342519
v 0.263167 0.301368 0.332146
v 0.091715 0.379480 0.333131
v -0.028832 0.402532 0.321871
v -0.026102 0.436683 0.281117
v -0.098627 0.509628 0.030850
v -0.106745 0.508896 0.005512
v -0.086173 0.509623 0.057088
v 0.357088 0.235613 0.295591
v 0.300800 0.246523 0.345175
v 0.101726 0.353941 0.367121
v -0.144208 0.495877 0.060912
v -0.156821 0.495563 -0.015000
v -0.126921 0.494553 0.098531
v -0.103696 0.492339 0.131336
v 0.385360 0.183807 0.296838
v 0.420809 0.180569 0.246403
v -0.156432 0.492659 -0.056713
v -0.166030 0.474167 0.134164
v -0.187857 0.476818 0.088056
v -0.135687 0.470570 0.174793
v -0.102468 0.467678 0.202923
v 0.441366 0.119930 0.247413
v 0.470852 0.118452 0.186193
v 0.175377 0.308945 0.379731
v -0.190969 0.468906 -0.118568
v -0.046908 0.464965 0.228050
v -0.071752 0.465708 0.219927
v 0.483224 0.054315 0.184240
v 0.506271 0.049018 0.108107
v 0.223521 0.251719 0.396328
v -0.235892 0.442457 -0.137792
v -0.200930 0.475437 -0.063143
v -0.206789 0.431697 -0.203165
v -0.088360 0.438519 0.265129
v 0.270400 0.200309 0.396434
v 0.336737 0.193560 0.345749
v -0.282755 0.407430 -0.156367
v -0.056473 0.437139 0.275898
v -0.127922 0.440658 0.244655
v -0.170010 0.443052 0.212606
v 0.365173 0.148398 0.339156
v 0.312637 0.156634 0.384869
v 0.409113 0.122621 0.296632
v -0.302056 0.416244 -0.076831
v -0.250936 0.450046 -0.069926
v -0.064753 0.401087 0.312864
v -0.207819 0.446415 0.167106
v 0.347749 0.126012 0.365502
v 0.429970 0.066860 0.284703
v 0.456524 0.059018 0.241873
v -0.254482 0.453471 -0.001652
v -0.202564 0.478846 -0.008624
v -0.105930 0.408811 0.303401
v -0.029917 0.374969 0.356200
v 0.466524 -0.001465 0.229681
v 0.488411 -0.010903 0.178145
v 0.508471 -0.023770 0.106263
v -0.198696 0.478649 0.042603
v -0.153673 0.496191 0.024074
v -0.155093 0.410304 0.279280
v -0.121407 0.381569 0.331761
v 0.006440 0.377345 0.359636
v 0.486375 -0.070410 0.169947
v -0.204954 0.411194 0.243543
v -0.233529 0.382961 0.263069
v -0.178505 0.382797 0.303319
v -0.071196 0.372042 0.344800
v 0.002383 0.343442 0.388560
v 0.048936 0.347479 0.378784
v 0.518403 -0.039813 0.008559
v -0.213516 0.327962 0.342420
v -0.086677 0.324687 0.396820
v -0.040249 0.336409 0.389274
v 0.110926 0.307473 0.404420
v 0.504854 -0.059506 -0.109460
v -0.249226 0.452154 0.061989
v -0.235196 0.449339 0.114794
v -0.145896 0.325819 0.378095
v -0.051587 0.282667 0.433403
v 0.113801 0.271717 0.428508
v -0.298224 0.418934 0.077177
v -0.280176 0.416224 0.136600
v -0.306151 0.420305 0.003916
v -0.248393 0.413670 0.193849
v -0.168813 0.273093 0.409051
v 0.051130 0.259862 0.447501
v 0.047070 0.223605 0.467103
v -0.313980 0.386750 0.149135
v -0.347067 0.387198 0.004678
v -0.106721 0.275616 0.427839
v 0.050256 0.302348 0.420071
v -0.013684 0.209050 0.475931
v -0.020452 0.173216 0.489875
v -0.322124 0.370605 -0.171139
v -0.344668 0.380498 -0.082615
v -0.336591 0.387328 0.084167
v -0.002038 0.292897 0.429660
v -0.385476 0.337841 -0.087587
v -0.391898 0.328973 0.092698
v -0.279786 0.384900 0.209695
v -0.329477 0.328952 0.231593
v -0.277349 0.328518 0.292495
v -0.008524 0.249021 0.456416
v -0.279219 0.356698 -0.255349
v -0.391925 0.341687 0.006652
v -0.312403 0.274609 0.312081
v -0.241718 0.273800 0.370143
v -0.067142 0.237758 0.457562
v -0.127101 0.230554 0.448431
v -0.078569 0.198144 0.474305
v -0.310479 0.312297 -0.276539
v -0.359091 0.327875 -0.184259
v -0.368252 0.327601 0.165734
v -0.082588 0.164791 0.486233
v -0.165223 0.154689 0.468159
v -0.146312 0.188437 0.462044
v -0.085793 0.128166 0.496601
v -0.392380 0.279105 -0.196313
v -0.422210 0.289169 -0.092304
v -0.431566 0.289975 0.008083
v -0.400178 0.285031 0.170337
v -0.367683 0.275895 0.243088
v -0.192373 0.128298 0.465760
v -0.215037 0.181748 0.437180
v -0.248434 0.027006 0.456016
v -0.156719 0.014147 0.495620
v -0.453134 0.235669 -0.097619
v -0.392618 0.232719 0.249184
v -0.264983 0.227014 0.385550
v -0.337437 0.229318 0.322412
v -0.266298 0.116856 0.431080
v -0.191111 0.226960 0.427043
v -0.227439 -0.059709 0.463796
v -0.422955 0.286220 0.097914
v -0.357541 0.185087 0.329101
v -0.239682 0.143456 0.438603
v -0.346274 -0.110102 0.371984
v -0.283410 -0.124164 0.417926
v -0.303074 -0.039967 0.420653
v -0.461052 0.240261 0.010284
v -0.449252 0.241252 0.101834
v -0.426599 0.240822 0.174408
v -0.305466 0.141061 0.396475
v -0.287223 0.180194 0.394250
v -0.329942 -0.173208 0.362681
v -0.355436 -0.043330 0.377078
v -0.486899 0.182271 0.010306
v -0.450471 0.188665 0.178553
v -0.474189 0.186075 0.104504
v -0.413911 0.188601 0.252006
v -0.379337 -0.168103 0.313440
v -0.404418 -0.220892 0.240942
v -0.381612 -0.222060 0.274703
v -0.389327 -0.106576 0.327820
v -0.413484 -0.169558 0.265859
v -0.493454 0.124873 0.106346
v -0.469330 0.132036 0.180821
v -0.433323 0.137192 0.252604
v -0.374021 0.145445 0.330687
v -0.415302 -0.257696 0.177531
v -0.424472 -0.221791 0.202565
v -0.416530 -0.281644 0.132589
v -0.418153 -0.108154 0.289570
v -0.431369 -0.167106 0.237480
v -0.434163 -0.222193 0.180369
v -0.482900 0.069578 0.179907
v -0.398504 0.081103 0.324063
v -0.449175 0.078007 0.250114
v -0.329524 0.111804 0.386411
v -0.395802 -0.045157 0.334218
v -0.433748 -0.050225 0.282383
v -0.442901 -0.114315 0.247327
v -0.444368 -0.170888 0.209126
v -0.438436 -0.224698 0.166387
v -0.461146 0.010968 0.240050
v -0.366787 0.021181 0.367993
v -0.418158 0.015886 0.308693
v -0.315386 0.027627 0.412515
v -0.463887 -0.118739 0.202757
v -0.455752 -0.173302 0.180710
v -0.441484 -0.227747 0.153698
v -0.441788 -0.236298 0.139236
v -0.438852 -0.247258 0.129122
v -0.442376 -0.231860 0.144720
v -0.462428 -0.181137 0.154110
v -0.477921 -0.126368 0.161315
v -0.466112 -0.055080 0.223843
v -0.487595 -0.068822 0.167078
v -0.467097 -0.188549 0.129112
v -0.467045 -0.207468 0.096053
v -0.487423 -0.140092 0.114859
v -0.489635 0.001105 0.175088
v -0.501574 -0.087623 0.105572
v -0.490860 -0.162147 0.056257
v -0.509195 -0.016660 0.104130
v -0.518449 -0.039151 0.008836
v -0.506090 -0.118500 0.015198
v -0.505873 0.056896 0.106090
v -0.518248 0.041599 0.009410
v -0.505078 -0.059072 -0.108661
v -0.507892 0.025141 -0.108692
v -0.489141 -0.141047 -0.106052
v -0.482618 -0.193589 -0.001683
v -0.506777 0.116047 0.010513
v -0.462895 -0.074988 -0.224733
v -0.446803 -0.154653 -0.216447
v -0.467415 0.008730 -0.227699
v -0.498339 0.103905 -0.106124
v -0.462768 -0.212522 -0.105261
v -0.453833 -0.253342 -0.015925
v -0.479012 0.174346 -0.102718
v -0.395186 -0.085168 -0.327070
v -0.382455 -0.161464 -0.313142
v -0.422348 -0.224870 -0.203607
v -0.460320 0.088615 -0.225063
v -0.399119 -0.004939 -0.333286
v -0.393666 0.072398 -0.331942
v -0.430944 -0.271885 -0.103759
v -0.396804 -0.320561 -0.100934
v -0.419904 -0.305294 -0.029594
v -0.443692 0.161057 -0.218171
v -0.420509 0.224310 -0.207983
v -0.322048 -0.013893 -0.408035
v -0.380425 0.143446 -0.324191
v -0.305783 0.126809 -0.401019
v -0.316824 0.059109 -0.408080
v -0.393026 -0.284005 -0.187808
v -0.362369 -0.367362 -0.098527
v -0.374885 -0.353075 -0.046482
v -0.361464 0.206835 -0.311389
v -0.338227 0.262397 -0.295212
v -0.241095 0.051205 -0.457877
v -0.339769 -0.287868 -0.268494
v -0.314102 -0.335038 -0.242559
v -0.362625 -0.331456 -0.170410
v -0.337067 -0.445425 -0.100010
v -0.343778 -0.435173 -0.072790
v -0.271468 0.243262 -0.370848
v -0.290241 0.188456 -0.388129
v -0.249478 0.293445 -0.349357
v -0.363256 -0.229573 -0.292816
v -0.340376 -0.384609 -0.156106
v -0.300757 -0.530397 -0.103772
v -0.219711 0.176324 -0.437078
v -0.231894 0.116661 -0.450572
v -0.298188 -0.228877 -0.359304
v -0.280468 -0.286283 -0.331330
v -0.311772 -0.163105 -0.382877
v -0.160113 0.111255 -0.482065
v -0.205822 0.229246 -0.418908
v -0.230388 -0.228125 -0.406547
v -0.240355 -0.163633 -0.431107
v -0.320264 -0.090086 -0.399644
v -0.245908 -0.092670 -0.448711
v -0.321269 -0.461896 -0.146136
v -0.167415 -0.163313 -0.464436
v -0.160059 -0.227107 -0.439549
v -0.246127 -0.019153 -0.457662
v -0.171173 -0.093648 -0.482006
v -0.170918 -0.021759 -0.490626
v -0.291157 -0.546742 -0.137371
v -0.245975 -0.640816 -0.133757
v -0.305710 -0.401417 -0.225616
v -0.151653 0.169460 -0.467637
v -0.166917 0.047170 -0.490218
v -0.091533 -0.095663 -0.502862
v -0.270146 -0.558305 -0.184013
v -0.234618 -0.651383 -0.161729
v -0.196798 -0.744052 -0.143794
v -0.089230 0.045013 -0.510306
v -0.085437 0.108637 -0.501297
v -0.089381 -0.165178 -0.484899
v -0.292393 -0.477358 -0.203929
v -0.218554 -0.654350 -0.184771
v -0.156003 -0.702763 -0.190508
v -0.091458 -0.023807 -0.511340
v -0.150725 -0.285467 -0.411398
v -0.085233 -0.229135 -0.458947
v -0.261754 -0.413129 -0.293870
v -0.251761 -0.486973 -0.264705
v -0.167572 -0.651599 -0.227380
v -0.084644 -0.658315 -0.257547
v -0.001734 0.044242 -0.518112
v -0.214969 -0.282838 -0.374046
v -0.196240 -0.492466 -0.317635
v -0.237015 -0.564951 -0.228102
v -0.268727 -0.345363 -0.311832
v -0.001725 -0.024794 -0.519406
v 0.088125 -0.023834 -0.511924
v -0.210817 -0.350472 -0.362951
v -0.186152 -0.564747 -0.279041
v -0.204257 -0.418883 -0.345573
v 0.088263 -0.095770 -0.503426
v -0.001692 -0.096936 -0.510882
v -0.080009 -0.287711 -0.429183
v -0.077820 -0.357166 -0.418445
v -0.147049 -0.354107 -0.400525
v -0.141287 -0.423891 -0.383578
v -0.120627 -0.567469 -0.321586
v -0.001638 -0.166584 -0.492592
v -0.001568 -0.230803 -0.465969
v -0.001488 -0.288752 -0.433955
v -0.133040 -0.497375 -0.357073
v -0.068031 -0.503613 -0.376514
v -0.074007 -0.428149 -0.401927
v -0.056458 -0.577705 -0.341728
v -0.038119 -0.670507 -0.282447
v -0.018996 -0.722930 -0.249832
v 0.086210 -0.165353 -0.485413
v 0.082189 -0.229356 -0.459392
v -0.001489 -0.430223 -0.406722
v -0.001489 -0.506839 -0.381487
v -0.001489 -0.586150 -0.344773
v -0.001488 -0.672915 -0.288892
v -0.001490 -0.769033 -0.221665
v 0.164486 -0.163641 -0.465367
v 0.168164 -0.093846 -0.483026
v 0.157227 -0.227524 -0.440355
v 0.065054 -0.503613 -0.376514
v 0.053481 -0.577704 -0.341728
v 0.035141 -0.670507 -0.282447
v -0.001488 -0.358581 -0.423180
v 0.016015 -0.722932 -0.249831
v 0.243237 -0.092958 -0.450105
v 0.237742 -0.164113 -0.432372
v 0.243399 -0.019214 -0.459116
v 0.117650 -0.567469 -0.321586
v 0.081664 -0.658316 -0.257547
v 0.077032 -0.287711 -0.429183
v 0.074843 -0.357166 -0.418445
v 0.071030 -0.428149 -0.401927
v 0.319814 -0.013952 -0.409786
v 0.164595 -0.651599 -0.227380
v 0.153026 -0.702763 -0.190508
v 0.147748 -0.285467 -0.411398
v 0.138310 -0.423891 -0.383578
v 0.144072 -0.354107 -0.400525
v 0.130063 -0.497375 -0.357073
v 0.183175 -0.564747 -0.279041
v 0.215577 -0.654350 -0.184771
v 0.193821 -0.744052 -0.143794
v 0.227834 -0.228739 -0.407640
v 0.207840 -0.350472 -0.362951
v 0.211992 -0.282838 -0.374046
v 0.193262 -0.492466 -0.317635
v 0.397553 -0.004966 -0.335152
v 0.234038 -0.564951 -0.228102
v 0.231640 -0.651383 -0.161729
v 0.242998 -0.640816 -0.133757
v 0.309591 -0.163742 -0.384372
v 0.296008 -0.229691 -0.360584
v 0.278291 -0.287190 -0.332380
v 0.393617 -0.085628 -0.328837
v 0.318069 -0.090461 -0.401309
v 0.462093 -0.075481 -0.226213
v 0.267169 -0.558305 -0.184013
v 0.288180 -0.546742 -0.137371
v 0.297780 -0.530397 -0.103772
v 0.380818 -0.162275 -0.314714
v 0.445833 -0.155596 -0.217768
v 0.488706 -0.142024 -0.106752
v 0.505724 -0.119967 0.015840
v 0.318292 -0.461896 -0.146136
v 0.334090 -0.445425 -0.100010
v 0.340801 -0.435173 -0.072790
v 0.421151 -0.226099 -0.204720
v 0.361523 -0.230612 -0.294142
v 0.462024 -0.213819 -0.105902
v 0.482120 -0.194828 -0.001678
v 0.248784 -0.486973 -0.264705
v 0.371908 -0.353075 -0.046481
v 0.337941 -0.289016 -0.269565
v 0.429888 -0.273340 -0.104314
v 0.453027 -0.254774 -0.016015
v 0.501105 -0.087825 0.107611
v 0.289416 -0.477358 -0.203929
v 0.359392 -0.367362 -0.098526
v 0.418790 -0.306807 -0.029741
v 0.391609 -0.285363 -0.188706
v 0.395482 -0.322044 -0.101401
v 0.487108 -0.138569 0.118002
v 0.490255 -0.163249 0.058310
v 0.258777 -0.413129 -0.293870
v 0.302733 -0.401417 -0.225616
v 0.337399 -0.384609 -0.156106
v 0.361035 -0.332827 -0.171115
v 0.311125 -0.335038 -0.242558
v 0.479001 -0.120181 0.162831
v 0.467884 -0.184546 0.132011
v 0.466478 -0.207329 0.099061
v 0.265750 -0.345363 -0.311832
v 0.470232 -0.105502 0.195322
v 0.470866 -0.057237 0.213095
v 0.464002 -0.156129 0.175287
v 0.467012 -0.168459 0.154665
v 0.444373 -0.230622 0.140520
v 0.438638 -0.246086 0.132054
v 0.201280 -0.418883 -0.345573
v 0.456585 -0.047346 0.244312
v 0.461085 -0.095824 0.220496
v 0.446338 0.008047 0.266679
v 0.448895 -0.219752 0.143534
v 0.427792 -0.269941 0.120523
v 0.424844 0.016632 0.299384
v 0.440686 -0.040596 0.273035
v 0.450108 -0.089535 0.244512
v 0.460110 -0.147203 0.192431
v 0.455605 -0.139173 0.208457
v 0.388364 0.116234 0.325673
v 0.450542 -0.211934 0.149986
v 0.414663 -0.041060 0.311076
v 0.430703 -0.091383 0.276666
v 0.453587 -0.199112 0.158157
v 0.451119 -0.206081 0.156275
v 0.445104 -0.142732 0.227838
v 0.391923 0.017238 0.341319
v 0.451452 -0.204070 0.157946
v -0.504092 -0.102440 0.088713
v -0.492630 0.166065 -0.011738
v -0.493826 -0.158222 0.127429
v -0.556056 0.045164 -0.029149
v -0.485949 -0.143858 -0.087829
v -0.471299 -0.088990 0.200892
v -0.466602 -0.167438 -0.156993
v -0.486914 -0.203888 0.158451
v -0.480076 -0.211066 -0.101464
v -0.485415 -0.213989 0.171256
v 0.201396 0.380012 0.284958
v -0.471323 -0.279839 -0.114129
v -0.359923 -0.319403 -0.197071
v -0.464052 -0.194727 0.200031
v -0.455415 -0.353359 -0.128162
v -0.154045 -0.497013 -0.230853
v -0.421448 -0.154755 0.289062
v -0.425629 -0.446639 -0.150037
v -0.164396 -0.480538 -0.249504
v 0.161458 -0.480548 -0.249485
v 0.152249 -0.497630 -0.229466
v -0.001470 -0.509961 -0.138805
v -0.385097 -0.547164 -0.177680
v -0.366653 -0.103267 0.370843
v 0.382131 -0.547202 -0.177686
v 0.423011 -0.447869 -0.150212
v 0.455280 -0.355657 -0.128300
v 0.375004 -0.312500 -0.179210
v -0.333371 -0.657801 -0.212881
v -0.315983 -0.055550 0.419989
v 0.330395 -0.657802 -0.212881
v 0.471677 -0.281866 -0.114242
v 0.468796 -0.179676 -0.135451
v -0.294286 -0.760319 -0.245249
v -0.257251 0.001115 0.459482
v 0.291310 -0.760319 -0.245249
v 0.478268 -0.205520 -0.101002
v 0.509565 0.096874 -0.036858
v -0.238487 -0.718712 -0.292052
v -0.119090 -0.635282 -0.391842
v -0.010583 -0.721202 -0.329225
v -0.001487 -0.750086 -0.350116
v -0.194314 0.062841 0.478319
v 0.235510 -0.718712 -0.292052
v 0.492394 -0.141865 -0.088446
v 0.007604 -0.721205 -0.329222
v -0.119963 0.179406 0.512016
v 0.116109 -0.635283 -0.391842
v 0.557759 0.060141 -0.040468
v -0.037640 0.227490 0.521756
v 0.503295 -0.103303 0.088242
v 0.028073 0.274775 0.492482
v 0.492430 -0.159814 0.127718
v 0.487522 -0.122881 0.132752
v 0.091510 0.326309 0.453012
v 0.485966 -0.204806 0.158197
v 0.518600 -0.214998 0.163098
v 0.215018 0.432023 0.402167
v 0.497237 -0.173947 0.185111
v 0.302808 0.305153 0.415412
v 0.479685 -0.114042 0.242066
v 0.340639 0.245137 0.414089
v 0.463161 -0.063564 0.282484
v 0.372461 0.195267 0.406842
v 0.446512 -0.014606 0.311141
v 0.404283 0.150839 0.372316
v 0.425931 0.037692 0.328628
vn 0.0319 0.5396 0.8413
vn 0.0683 0.4015 0.9133
vn 0.2456 0.3723 0.8950
vn 0.2165 0.5286 0.8208
vn 0.0418 0.9682 -0.2465
vn -0.0005 0.9898 -0.1424
vn 0.0631 0.9700 -0.2347
vn -0.0789 0.9445 -0.3190
vn -0.0418 0.9683 -0.2465
vn -0.0217 0.9688 -0.2468
vn -0.0369 0.9428 -0.3314
vn 0.0217 0.9688 -0.2469
vn 0.0860 0.9699 -0.2277
vn -0.1677 0.9446 -0.2821
vn -0.0860 0.9700 -0.2276
vn -0.0631 0.9700 -0.2346
vn -0.1275 0.9437 -0.3052
vn -0.1998 0.9449 -0.2592
vn -0.0936 0.9726 -0.2130
vn 0.0938 0.9725 -0.2131
vn -0.1965 0.9030 -0.3820
vn -0.2672 0.9010 -0.3418
vn -0.9323 -0.3208 -0.1671
vn -0.9602 -0.2626 -0.0949
vn -0.9311 -0.3250 -0.1655
vn -0.8808 -0.3595 -0.3082
vn -0.8607 0.2939 -0.4157
vn -0.7541 0.2676 -0.5998
vn -0.7782 0.1421 -0.6117
vn -0.8894 0.1667 -0.4257
vn -0.1212 0.9032 -0.4117
vn -0.0526 0.9016 -0.4294
vn -0.0000 0.9679 -0.2512
vn 0.8435 -0.4313 -0.3201
vn 0.6432 -0.4760 -0.5998
vn 0.7001 -0.4205 -0.5770
vn 0.8384 -0.3874 -0.3834
vn 0.1081 0.9746 -0.1962
vn 0.3771 0.8306 -0.4097
vn 0.2800 0.8359 -0.4721
vn 0.1965 0.9030 -0.3820
vn 0.2672 0.9010 -0.3418
vn -0.3544 0.9003 -0.2529
vn -0.2182 0.9490 -0.2277
vn -0.3185 0.8996 -0.2990
vn -0.2800 0.8359 -0.4721
vn -0.3771 0.8306 -0.4097
vn 0.0800 0.9664 0.2445
vn 0.1033 0.9210 0.3755
vn 0.2041 0.9122 0.3553
vn 0.1436 0.9631 0.2275
vn 0.0414 0.9980 0.0483
vn 0.0630 0.9884 0.1380
vn 0.1047 0.9862 0.1284
vn 0.0705 0.9964 0.0481
vn 0.0369 0.9428 -0.3314
vn -0.0000 0.9436 -0.3312
vn 0.0526 0.9016 -0.4294
vn -0.0000 0.9005 -0.4348
vn 0.1110 0.9789 -0.1715
vn -0.2329 0.9539 -0.1893
vn -0.1108 0.9790 -0.1714
vn -0.1079 0.9746 -0.1961
vn 0.9954 -0.0440 0.0857
vn 0.9972 -0.0735 -0.0138
vn 0.9964 0.0808 -0.0261
vn 0.9894 0.1031 0.1026
vn 0.5176 0.5832 0.6261
vn 0.5464 0.4508 0.7058
vn 0.6916 0.5219 0.4993
vn 0.6723 0.5963 0.4387
vn 0.4851 -0.0078 0.8744
vn 0.3349 -0.0139 0.9421
vn 0.7894 0.1345 0.5989
vn 0.6285 0.0608 0.7754
vn -0.0000 0.8349 -0.5504
vn -0.0744 0.8364 -0.5430
vn -0.5642 0.7950 0.2228
vn -0.4702 0.8679 0.1602
vn -0.5351 0.8437 0.0437
vn -0.6275 0.7757 0.0667
vn -0.1715 0.8383 -0.5175
vn 0.7162 0.3852 -0.5820
vn 0.5856 0.3469 -0.7326
vn 0.5593 0.4548 -0.6930
vn 0.6714 0.4912 -0.5550
vn 0.5778 -0.3948 -0.7143
vn 0.5847 -0.2980 -0.7545
vn 0.7465 -0.2813 -0.6030
vn 0.7319 -0.3588 -0.5793
vn -0.4753 0.7422 -0.4726
vn -0.5231 0.7543 -0.3968
vn -0.4446 0.8275 -0.3429
vn 0.1275 0.9437 -0.3052
vn 0.1677 0.9446 -0.2821
vn -0.0000 0.7557 -0.6550
vn -0.1006 0.7569 -0.6457
vn 0.5070 0.3061 -0.8057
vn 0.4902 0.4197 -0.7639
vn 0.9013 -0.2026 -0.3829
vn 0.9240 -0.1119 -0.3656
vn 0.8757 -0.1088 -0.4704
vn 0.8605 -0.1313 -0.4921
vn -0.2268 0.7568 -0.6130
vn 0.1212 0.9032 -0.4117
vn 0.0789 0.9445 -0.3190
vn -0.3631 0.7502 -0.5527
vn 0.5887 0.8038 -0.0859
vn 0.5445 0.8386 0.0127
vn 0.6313 0.7753 0.0203
vn 0.6562 0.7505 -0.0783
vn -0.1256 0.6789 -0.7234
vn -0.2758 0.6772 -0.6821
vn -0.0000 0.6781 -0.7350
vn 0.2235 0.9692 -0.1032
vn 0.2024 0.9775 -0.0595
vn 0.3283 0.9442 -0.0252
vn 0.3588 0.9294 -0.0862
vn -0.4286 0.6685 -0.6078
vn 0.1715 0.8383 -0.5175
vn 0.7696 0.6362 0.0539
vn 0.8166 0.5726 0.0726
vn 0.7997 0.5978 0.0557
vn 0.7640 0.6450 -0.0147
vn -0.7311 0.5776 0.3632
vn -0.6459 0.5567 0.5224
vn -0.6053 0.6339 0.4815
vn -0.6956 0.6452 0.3162
vn 0.7930 0.5728 0.2076
vn 0.7909 0.5683 0.2268
vn 0.1998 0.9449 -0.2592
vn 0.3185 0.8996 -0.2990
vn -0.6607 0.5437 0.5176
vn -0.7097 0.4594 0.5342
vn -0.6085 0.4790 0.6326
vn -0.5565 0.5637 0.6104
vn -0.5253 0.6150 -0.5881
vn -0.5082 0.6838 -0.5236
vn -0.4768 0.5930 -0.6488
vn -0.4873 0.8288 -0.2750
vn 0.4446 0.8275 -0.3429
vn -0.9678 0.1415 0.2080
vn -0.9096 0.1436 0.3898
vn -0.8923 0.2294 0.3887
vn -0.9484 0.2482 0.1973
vn 0.2182 0.9490 -0.2277
vn -0.3149 0.5996 -0.7358
vn -0.3444 0.5154 -0.7847
vn -0.4914 0.5332 -0.6886
vn -0.5331 0.5637 -0.6309
vn -0.5455 0.6741 -0.4981
vn -0.5230 0.7282 -0.4429
vn -0.9976 -0.0664 -0.0188
vn -0.9963 0.0822 -0.0258
vn -0.9729 0.0550 -0.2247
vn -0.9713 -0.0891 -0.2205
vn 0.2330 0.9539 -0.1893
vn 0.3735 0.9058 -0.2000
vn 0.3544 0.9003 -0.2529
vn -0.0431 0.9982 -0.0426
vn -0.1063 0.9935 0.0417
vn -0.0701 0.9966 0.0444
vn -0.0301 0.9990 -0.0334
vn -0.1577 0.5085 -0.8465
vn -0.1457 0.5997 -0.7868
vn -0.5609 0.7717 -0.2998
vn -0.5607 0.7761 -0.2888
vn 0.1158 0.9823 -0.1474
vn 0.2299 0.9618 -0.1482
vn -0.1156 0.9823 -0.1472
vn -0.5152 0.3064 -0.8004
vn -0.5218 0.2078 -0.8274
vn -0.6140 0.2365 -0.7530
vn -0.5949 0.3462 -0.7254
vn 0.7765 0.6302 -0.0011
vn 0.7108 0.7018 -0.0470
vn 0.0202 0.9665 0.2559
vn 0.0065 0.9194 0.3933
vn 0.9373 0.3482 -0.0130
vn 0.9289 0.3586 0.0923
vn 0.9695 0.2212 0.1054
vn 0.9766 0.2137 -0.0233
vn -0.6029 0.7731 -0.1970
vn -0.5095 0.8355 -0.2058
vn -0.3735 0.9058 -0.2000
vn -0.1057 0.9878 -0.1146
vn -0.3513 0.5662 0.7457
vn -0.3017 0.5333 0.7903
vn -0.1379 0.4545 0.8800
vn -0.2003 0.5570 0.8060
vn -0.6217 0.7660 -0.1636
vn -0.6597 0.7358 -0.1528
vn -0.7084 0.7022 -0.0713
vn -0.6639 0.7354 -0.1358
vn -0.0000 0.5979 -0.8016
vn 0.1256 0.6789 -0.7234
vn 0.1457 0.5997 -0.7868
vn -0.9403 0.3402 -0.0019
vn -0.9236 0.3168 -0.2159
vn -0.9562 0.1913 -0.2217
vn -0.9740 0.2259 -0.0164
vn -0.3747 0.9158 -0.1444
vn -0.2300 0.9619 -0.1479
vn 0.0320 0.9989 -0.0352
vn 0.0974 0.9945 0.0388
vn 0.0465 0.9983 -0.0363
vn 0.0003 0.9995 -0.0320
vn 0.0114 0.9985 0.0537
vn 0.0172 0.9994 -0.0313
vn -0.4122 0.7882 0.4569
vn -0.4968 0.6252 0.6019
vn -0.4017 0.6274 0.6671
vn -0.3279 0.7871 0.5224
vn -0.3686 0.4051 -0.8367
vn -0.3836 0.2833 -0.8790
vn -0.5012 0.4336 -0.7488
vn -0.5583 0.4797 -0.6768
vn 0.5706 0.7456 0.3443
vn 0.4587 0.7423 0.4885
vn -0.6013 0.5898 -0.5390
vn 0.3149 0.5995 -0.7358
vn 0.2758 0.6772 -0.6821
vn -0.3179 0.9348 0.1585
vn -0.2610 0.9450 0.1973
vn -0.1823 0.9767 0.1132
vn -0.2296 0.9687 0.0947
vn 0.4286 0.6685 -0.6078
vn 0.4527 0.6102 -0.6502
vn 0.4753 0.7422 -0.4726
vn 0.3631 0.7502 -0.5527
vn -0.6174 0.7149 -0.3282
vn -0.6691 0.7390 -0.0788
vn -0.7667 0.6410 -0.0350
vn -0.7599 0.6397 0.1159
vn 0.1068 0.9869 -0.1209
vn -0.2219 0.9704 -0.0953
vn 0.9910 -0.1236 0.0514
vn 0.9840 -0.1780 -0.0054
vn -0.9742 -0.2074 0.0892
vn -0.9547 -0.2844 0.0873
vn 0.2268 0.7568 -0.6130
vn 0.1006 0.7569 -0.6457
vn 0.0744 0.8364 -0.5430
vn -0.3565 0.9312 -0.0764
vn 0.8196 0.5687 0.0686
vn 0.8829 0.4623 0.0818
vn 0.8853 0.4584 0.0778
vn 0.8267 0.5577 0.0737
vn 0.5185 0.7565 -0.3986
vn 0.5317 0.7916 -0.3011
vn 0.5418 0.7750 -0.3253
vn 0.5105 0.7350 -0.4462
vn 0.3767 0.3483 0.8583
vn 0.3625 0.5396 0.7599
vn -0.1356 0.9905 0.0242
vn -0.0604 0.9968 -0.0519
vn 0.1577 0.5085 -0.8465
vn -0.0000 0.5022 -0.8647
vn -0.9628 0.2544 0.0909
vn -0.9891 0.1138 0.0939
vn 0.4873 0.8288 -0.2750
vn 0.7758 0.1428 -0.6146
vn 0.7847 0.0029 -0.6199
vn 0.6497 0.0024 -0.7602
vn 0.6237 0.1265 -0.7713
vn 0.1631 0.3893 -0.9066
vn -0.0000 0.3792 -0.9253
vn 0.3686 0.4051 -0.8367
vn 0.3444 0.5154 -0.7847
vn 0.4661 0.5318 -0.7071
vn -0.6109 0.7773 -0.1500
vn -0.5089 0.8488 -0.1436
vn 0.3836 0.2833 -0.8790
vn 0.1641 0.2638 -0.9505
vn -0.0000 0.2544 -0.9671
vn -0.1641 0.2638 -0.9505
vn -0.1631 0.3893 -0.9066
vn -0.3941 -0.2963 -0.8700
vn -0.1748 -0.2833 -0.9430
vn -0.1972 -0.3880 -0.9003
vn -0.4040 -0.4012 -0.8221
vn -0.2587 0.8890 0.3779
vn -0.1585 0.8993 0.4075
vn -0.1025 0.9617 0.2541
vn -0.1882 0.9548 0.2303
vn -0.5867 0.8063 -0.0749
vn 0.5095 0.8355 -0.2058
vn 0.5674 0.8013 -0.1896
vn -0.7319 -0.3588 -0.5793
vn -0.7001 -0.4205 -0.5770
vn -0.8384 -0.3874 -0.3834
vn -0.8493 -0.3169 -0.4222
vn -0.3872 0.1873 -0.9028
vn 0.5136 0.2074 -0.8326
vn 0.3872 0.1873 -0.9028
vn -0.1875 0.7001 0.6890
vn -0.0044 0.7199 0.6941
vn -0.0098 0.8390 0.5440
vn -0.1263 0.8226 0.5545
vn -0.0205 0.9895 0.1429
vn -0.0345 0.9650 0.2601
vn 0.0195 0.9895 0.1429
vn -0.7073 0.6095 -0.3581
vn -0.7483 0.6395 -0.1760
vn -0.7625 0.6467 -0.0168
vn 0.7019 0.6885 0.1825
vn -0.7811 0.6242 0.0192
vn 0.1804 0.7144 0.6761
vn 0.3364 0.7044 0.6251
vn 0.1393 0.8401 0.5242
vn -0.6608 0.5031 -0.5571
vn -0.7684 0.5152 -0.3796
vn -0.8220 0.5352 -0.1948
vn -0.7815 0.6091 0.1352
vn -0.9816 -0.1897 -0.0220
vn -0.9913 -0.1196 0.0545
vn -0.9964 -0.0243 0.0817
vn -0.3707 0.9227 0.1062
vn -0.4092 0.8779 0.2488
vn -0.7190 0.3835 -0.5795
vn -0.8198 0.4101 -0.3996
vn 0.2050 0.9744 0.0925
vn 0.2953 0.9414 0.1629
vn 0.3455 0.9297 0.1272
vn 0.2479 0.9664 0.0686
vn 0.9631 -0.1602 -0.2164
vn 0.9232 -0.1598 -0.3494
vn 0.9594 -0.1476 -0.2405
vn 0.9957 -0.0748 0.0545
vn 0.9947 0.0209 0.1007
vn -0.8336 0.5524 -0.0072
vn -0.8229 0.5671 0.0365
vn 0.7659 0.5176 -0.3814
vn 0.6066 0.5962 -0.5259
vn 0.7043 0.6121 -0.3596
vn -0.0153 0.9987 0.0484
vn -0.0375 0.9979 0.0537
vn -0.0668 0.9881 0.1386
vn -0.4837 0.8724 -0.0704
vn -0.4311 0.9019 0.0250
vn -0.3198 0.9475 -0.0007
vn -0.8784 0.4311 -0.2061
vn 0.8770 0.4334 -0.2072
vn 0.8178 0.4122 -0.4016
vn 0.8200 0.5378 -0.1958
vn -0.3856 0.1154 -0.9154
vn -0.5306 0.1243 -0.8385
vn -0.1622 0.1671 -0.9725
vn -0.1592 0.0961 -0.9825
vn 0.1001 0.9905 -0.0939
vn 0.9710 -0.0897 -0.2218
vn 0.9481 -0.2305 -0.2192
vn -0.8247 -0.1485 -0.5458
vn -0.7413 -0.0554 -0.6689
vn -0.7579 -0.0726 -0.6483
vn -0.8644 -0.0945 -0.4939
vn -0.1569 0.0431 -0.9867
vn -0.3827 0.0573 -0.9221
vn -0.0000 0.1589 -0.9873
vn -0.0000 0.0889 -0.9960
vn 0.1624 -0.1965 -0.9670
vn 0.3851 -0.2056 -0.8997
vn 0.3941 -0.2963 -0.8700
vn 0.1748 -0.2833 -0.9430
vn 0.4652 0.4141 0.7824
vn 0.4491 0.5613 0.6951
vn 0.0846 0.9935 -0.0756
vn 0.7525 0.6321 -0.1850
vn 0.6746 0.7181 -0.1712
vn 0.0758 0.9955 -0.0578
vn -0.5322 0.5640 0.6314
vn -0.4295 0.5788 0.6932
vn -0.4250 0.5780 0.6967
vn -0.9121 -0.3202 -0.2559
vn -0.9025 -0.4062 -0.1431
vn 0.1270 0.9914 0.0302
vn 0.0598 0.9970 -0.0482
vn -0.2296 0.8012 0.5527
vn -0.3224 0.6528 0.6856
vn 0.9835 0.1291 0.1268
vn 0.5035 0.6867 -0.5243
vn -0.0116 0.9995 -0.0294
vn -0.2754 0.9595 0.0588
vn -0.9086 0.4136 0.0579
vn -0.9015 0.4328 -0.0023
vn 0.8828 -0.2392 -0.4042
vn 0.8978 -0.1107 -0.4263
vn 0.8391 0.4804 0.2553
vn -0.0520 0.1900 0.9804
vn -0.0144 0.0002 0.9999
vn 0.1580 0.0023 0.9874
vn 0.1664 0.1121 0.9797
vn -0.8006 0.5808 0.1474
vn 0.8346 0.5507 0.0117
vn -0.1280 0.9837 0.1267
vn 0.1063 0.2947 0.9497
vn 0.3003 0.2273 0.9264
vn 0.5089 0.8487 -0.1440
vn 0.5973 0.7908 -0.1337
vn -0.8055 0.4373 0.3999
vn -0.7417 0.5511 0.3823
vn 0.4445 0.8958 -0.0030
vn 0.4866 0.8698 -0.0811
vn 0.3747 0.9158 -0.1448
vn 0.4141 0.7122 0.5668
vn 0.6356 0.7651 -0.1033
vn 0.5969 0.7848 -0.1668
vn -0.0830 0.3476 0.9340
vn 0.9031 0.3367 0.2665
vn 0.9333 0.3413 0.1115
vn 0.3739 0.8130 0.4464
vn 0.4289 0.8243 0.3696
vn 0.3810 0.8872 0.2601
vn 0.3042 0.8978 0.3186
vn -0.0169 0.9993 -0.0325
vn -0.9029 0.0302 -0.4287
vn -0.7881 0.0061 -0.6155
vn -0.7928 -0.1265 -0.5962
vn -0.8951 -0.1215 -0.4289
vn -0.2504 0.2646 0.9313
vn -0.2337 0.0867 0.9684
vn 0.8617 -0.2501 -0.4414
vn 0.8493 -0.3169 -0.4222
vn -0.4932 0.7954 0.3521
vn 0.4943 0.6501 -0.5771
vn 0.5178 0.5702 -0.6378
vn 0.2789 0.8239 0.4934
vn 0.9399 -0.2493 -0.2332
vn -0.8557 0.3438 0.3869
vn -0.7539 0.3912 0.5279
vn 0.2885 0.9570 0.0306
vn 0.3924 0.9167 0.0756
vn -0.8912 0.4213 0.1680
vn -0.8435 -0.4313 -0.3201
vn -0.8867 -0.4375 -0.1495
vn -0.9353 0.3453 0.0771
vn -0.0721 0.9105 0.4071
vn -0.0959 0.9917 -0.0853
vn -0.0787 0.9943 -0.0716
vn 0.7702 0.3335 0.5437
vn 0.8174 0.2083 0.5371
vn 0.9370 0.2281 0.2646
vn 0.8221 0.0330 0.5684
vn 0.9568 0.1208 0.2645
vn -0.9263 0.3341 0.1744
vn -0.4572 0.4676 0.7565
vn -0.2652 0.4083 0.8735
vn 0.9648 0.0212 0.2619
vn 0.9617 -0.0844 0.2609
vn -0.5271 -0.4914 -0.6933
vn -0.4269 -0.5721 -0.7003
vn -0.6432 -0.4760 -0.5998
vn 0.4820 0.8347 0.2665
vn -0.9348 -0.1515 0.3211
vn -0.9858 -0.1350 0.0999
vn -0.9327 -0.2311 0.2767
vn 0.5293 0.6939 -0.4882
vn -0.1988 0.9790 -0.0455
vn -0.3421 0.8825 0.3226
vn 0.9898 -0.1374 0.0372
vn 0.9831 -0.1827 -0.0083
vn -0.1750 0.9845 -0.0063
vn 0.1547 0.9815 0.1130
vn 0.6518 -0.5233 -0.5489
vn 0.3883 -0.5954 -0.7033
vn 0.4269 -0.5721 -0.7003
vn 0.3873 0.2340 0.8918
vn 0.9227 0.3185 -0.2171
vn 0.8591 0.2954 -0.4179
vn 0.9171 -0.2677 0.2955
vn 0.8906 -0.3249 0.3183
vn 0.9503 -0.2923 0.1071
vn 0.9746 -0.2134 0.0676
vn -0.9124 -0.1709 -0.3719
vn -0.8821 -0.2425 -0.4039
vn 0.4831 0.8672 0.1204
vn 0.5594 0.8157 0.1477
vn -0.8133 0.2816 0.5091
vn -0.6878 0.3446 0.6389
vn -0.6432 0.4206 0.6398
vn 0.5577 -0.2632 0.7872
vn 0.5398 -0.3954 0.7431
vn 0.6079 -0.3897 0.6918
vn 0.6245 -0.2628 0.7354
vn 0.4295 -0.5416 0.7226
vn 0.5632 -0.4799 0.6726
vn 0.5470 0.3869 0.7424
vn 0.7097 0.4581 0.5353
vn -0.0000 -0.4945 -0.8692
vn -0.0000 -0.5554 -0.8316
vn -0.3447 -0.5939 -0.7269
vn -0.2518 -0.5108 -0.8220
vn 0.4296 0.8810 0.1982
vn -0.9156 -0.2375 -0.3245
vn -0.9325 -0.3533 -0.0744
vn -0.9528 -0.2535 -0.1669
vn 0.9724 -0.2287 0.0453
vn -0.4685 0.3651 0.8045
vn -0.4772 0.2509 0.8422
vn 0.9647 0.2282 0.1313
vn 0.9156 -0.2375 -0.3245
vn 0.9121 -0.3202 -0.2559
vn 0.2219 0.9544 0.1998
vn 0.1972 -0.3880 -0.9003
vn 0.4040 -0.4012 -0.8221
vn 0.4033 -0.5217 -0.7518
vn 0.2518 -0.5108 -0.8220
vn -0.8705 -0.1766 -0.4595
vn -0.9232 -0.1598 -0.3494
vn -0.9291 -0.0952 -0.3572
vn -0.8757 -0.1088 -0.4704
vn 0.3048 0.1053 0.9466
vn -0.0000 -0.3768 -0.9263
vn 0.6182 0.7080 -0.3415
vn 0.9726 0.0552 -0.2260
vn 0.9557 0.1924 -0.2230
vn -0.5778 -0.3948 -0.7143
vn -0.4033 -0.5217 -0.7518
vn 0.9564 -0.2725 -0.1048
vn 0.9227 -0.3410 -0.1795
vn 0.1821 0.9831 -0.0200
vn 0.1503 0.9886 0.0081
vn -0.0721 -0.1257 0.9894
vn 0.8916 0.4527 0.0038
vn 0.3216 -0.6024 0.7305
vn 0.5292 -0.5250 0.6666
vn -0.2279 -0.2821 0.9319
vn -0.1509 -0.2336 0.9606
vn 0.1492 -0.2353 0.9604
vn 0.2283 -0.2822 0.9318
vn -0.2472 -0.0959 0.9642
vn -0.3009 -0.2023 0.9319
vn -0.2157 -0.1509 0.9647
vn -0.4088 -0.6092 -0.6795
vn 0.8019 -0.2894 0.5227
vn 0.7896 -0.3527 0.5021
vn 0.9426 -0.1945 0.2715
vn -0.6191 -0.2157 0.7551
vn -0.5537 -0.1189 0.8242
vn -0.7788 0.0080 0.6272
vn -0.7916 -0.1174 0.5997
vn 0.9584 0.2085 -0.1950
vn 0.9505 0.1857 -0.2490
vn 0.9592 0.1741 -0.2228
vn 0.9507 0.2196 -0.2190
vn -0.2967 -0.2818 0.9125
vn -0.9827 0.0356 0.1816
vn -0.9888 -0.0675 0.1333
vn -0.5161 -0.3711 0.7720
vn -0.4567 -0.2322 0.8588
vn -0.3802 -0.3325 0.8631
vn 0.9325 -0.3533 -0.0744
vn 0.9119 -0.4089 -0.0359
vn 0.9025 -0.4062 -0.1431
vn -0.8765 -0.2704 0.3983
vn -0.9157 -0.3095 0.2564
vn -0.8543 -0.3643 0.3708
vn -0.5340 -0.4168 0.7356
vn -0.6234 -0.4127 0.6641
vn -0.6189 -0.5498 0.5611
vn -0.6428 -0.4148 0.6439
vn -0.6728 -0.3415 0.6564
vn -0.7118 -0.3791 0.5913
vn -0.7391 -0.4792 0.4734
vn -0.7368 -0.4635 0.4922
vn -0.8867 -0.4276 0.1761
vn -0.7968 -0.2376 0.5555
vn -0.8021 -0.3304 0.4975
vn -0.8001 -0.4067 0.4410
vn -0.9818 -0.1900 -0.0012
vn -0.9718 -0.2344 0.0275
vn 0.4427 -0.0862 0.8925
vn 0.4977 -0.1831 0.8478
vn 0.5993 -0.1741 0.7813
vn 0.6160 -0.0108 0.7876
vn -0.5288 0.0698 0.8458
vn -0.8727 -0.1767 0.4551
vn -0.8744 -0.0600 0.4815
vn 0.9266 -0.3276 -0.1844
vn 0.8650 -0.3694 -0.3395
vn 0.8151 -0.0850 0.5730
vn 0.4912 0.3597 0.7933
vn -0.7589 0.1529 0.6330
vn 0.8123 -0.1845 0.5533
vn -0.9492 0.1934 -0.2482
vn -0.9105 -0.0104 -0.4134
vn -0.9663 0.2267 -0.1220
vn -0.9435 0.2354 -0.2334
vn -0.9348 -0.3550 0.0093
vn -0.9648 -0.2507 -0.0796
vn 0.3651 -0.0444 0.9299
vn 0.2822 -0.0779 0.9562
vn -0.5505 0.0282 0.8344
vn -0.7969 0.1416 0.5873
vn -0.8336 0.1583 0.5292
vn -0.3614 -0.0092 0.9324
vn -0.9256 0.0644 0.3729
vn 0.9579 -0.2576 -0.1266
vn 0.9018 0.0304 -0.4311
vn 0.8881 0.1676 -0.4280
vn 0.9708 -0.1907 -0.1458
vn 0.7876 -0.1078 -0.6067
vn 0.8178 -0.1618 -0.5523
vn 0.9528 -0.2535 -0.1669
vn 0.9784 -0.1526 -0.1396
vn 0.7515 0.2688 -0.6025
vn 0.6047 0.2368 -0.7604
vn 0.9648 -0.2507 -0.0796
vn 0.5222 0.1239 -0.8438
vn -0.0000 -0.2745 -0.9616
vn 0.8705 -0.1766 -0.4595
vn 0.9348 -0.3550 0.0093
vn -0.9119 -0.4089 -0.0359
vn 0.7507 -0.0885 -0.6547
vn 0.7249 -0.0606 -0.6862
vn 0.1592 0.0961 -0.9825
vn 0.1569 0.0431 -0.9867
vn -0.0000 0.0388 -0.9992
vn 0.7568 -0.1271 -0.6412
vn 0.5851 -0.2077 -0.7839
vn 0.7531 -0.1976 -0.6275
vn -0.6583 0.0096 -0.7527
vn -0.5534 0.0460 -0.8317
vn -0.5779 0.0021 -0.8161
vn -0.6985 -0.0595 -0.7131
vn 0.6847 -0.0554 -0.7268
vn 0.5848 -0.1393 -0.7991
vn 0.5847 -0.0871 -0.8065
vn 0.1563 -0.0022 -0.9877
vn -0.0000 -0.0039 -1.0000
vn 0.5761 -0.0014 -0.8174
vn 0.5474 0.0422 -0.8358
vn -0.5847 -0.0871 -0.8065
vn -0.5848 -0.1393 -0.7991
vn -0.7568 -0.1271 -0.6412
vn -0.9376 -0.0471 0.3446
vn 0.5860 -0.0321 -0.8097
vn 0.1563 -0.0509 -0.9864
vn 0.3782 -0.0445 -0.9247
vn 0.3775 -0.0948 -0.9212
vn 0.1556 -0.0979 -0.9830
vn 0.3827 0.0573 -0.9221
vn 0.3856 0.1154 -0.9154
vn -0.6329 0.1265 -0.7638
vn 0.1622 0.1671 -0.9725
vn -0.0000 -0.0525 -0.9986
vn -0.0000 -0.0987 -0.9951
vn -0.1556 -0.0979 -0.9830
vn -0.1563 -0.0509 -0.9864
vn 0.8867 -0.4375 -0.1495
vn -0.6518 -0.5233 -0.5489
vn -0.1624 -0.1965 -0.9670
vn -0.0000 -0.1911 -0.9816
vn 0.1567 -0.1386 -0.9779
vn -0.0000 -0.1365 -0.9906
vn -0.8640 0.0618 0.4997
vn -0.3796 -0.1417 -0.9143
vn -0.3851 -0.2056 -0.8997
vn -0.5851 -0.2077 -0.7839
vn -0.8617 -0.2501 -0.4414
vn -0.3883 -0.5954 -0.7033
vn 0.5271 -0.4914 -0.6933
vn 0.3800 0.0068 -0.9250
vn 0.3796 -0.1417 -0.9143
vn -0.1563 -0.0022 -0.9877
vn -0.3800 0.0068 -0.9250
vn 0.4088 -0.6092 -0.6795
vn 0.3447 -0.5939 -0.7269
vn -0.5206 -0.6274 -0.5792
vn -0.1567 -0.1386 -0.9779
vn -0.0000 -0.6323 -0.7747
vn -0.3782 -0.0445 -0.9247
vn -0.3775 -0.0948 -0.9212
vn 0.5206 -0.6274 -0.5791
vn -0.5860 -0.0321 -0.8097
vn -0.5847 -0.2980 -0.7545
vn -0.7531 -0.1976 -0.6275
vn -0.9440 -0.2515 -0.2134
vn -0.9459 -0.2250 -0.2336
vn -0.1954 -0.3644 0.9105
vn -0.9648 -0.1029 -0.2422
vn 0.5644 0.2659 0.7815
vn 0.7796 -0.3929 0.4877
vn -0.9631 -0.1602 -0.2164
vn 0.5819 0.1206 0.8042
vn -0.7465 -0.2813 -0.6030
vn -0.9751 -0.1213 -0.1857
vn -0.9536 -0.2491 -0.1690
vn -0.8537 0.1386 0.5020
vn 0.8755 -0.4509 0.1740
vn 0.4522 0.0863 0.8877
vn 0.2687 -0.1970 0.9429
vn -0.9784 -0.1526 -0.1396
vn 0.4713 0.2427 0.8479
vn -0.3743 -0.0335 0.9267
vn -0.2820 -0.0766 0.9563
vn 0.9753 0.1784 -0.1304
vn 0.9593 0.1410 -0.2448
vn 0.8864 0.1899 0.4221
vn 0.9100 0.2623 -0.3211
vn 0.0186 0.3461 -0.9380
vn 0.6595 -0.7516 0.0059
vn 0.6844 -0.6888 0.2389
vn 0.6588 -0.7522 0.0107
vn 0.6566 -0.7538 0.0266
vn 0.0002 0.2446 -0.9696
vn -0.2689 -0.1962 0.9430
vn 0.6558 -0.7539 0.0396
vn 0.2921 -0.1773 0.9398
vn 0.6558 -0.7523 0.0628
vn -0.2921 -0.1773 0.9398
vn 0.5548 -0.2661 0.7883
vn 0.6573 -0.7461 0.1063
vn -0.5548 -0.2661 0.7883
vn -0.9523 0.2294 0.2013
vn 0.7325 -0.3167 0.6026
vn 0.7311 -0.3171 0.6041
vn -0.6830 -0.5630 0.4652
vn -0.7002 -0.5589 0.4442
vn -0.6667 -0.5665 0.4843
vn -0.6561 -0.5686 0.4963
vn -0.0000 -0.3723 0.9281
vn 0.6666 -0.7105 0.2255
vn -0.7325 -0.3167 0.6026
vn 0.6974 -0.3761 0.6101
vn 0.7053 -0.3753 0.6014
vn 0.8892 -0.3297 0.3173
vn 0.6561 -0.5686 0.4963
vn 0.6667 -0.5665 0.4843
vn 0.6831 -0.5630 0.4652
vn 0.6500 -0.6171 0.4434
vn 0.7003 -0.5589 0.4442
vn -0.7311 -0.3171 0.6041
vn 0.9208 -0.3111 0.2353
vn 0.5270 -0.8488 -0.0420
vn -0.9723 0.2219 -0.0728
vn 0.6197 -0.7712 0.1459
vn 0.7018 -0.6385 0.3159
vn -0.9624 0.0202 -0.2708
vn -0.8736 -0.0421 -0.4848
vn -0.8012 -0.0899 -0.5916
vn 0.7178 -0.6081 0.3390
vn -0.8794 -0.4317 0.2008
vn -0.8746 -0.4343 0.2154
vn -0.8463 -0.5315 0.0366
vn -0.8227 -0.5649 -0.0638
vn -0.8403 -0.5406 -0.0393
vn -0.8532 -0.4446 0.2727
vn -0.8477 -0.5297 -0.0268
vn -0.8678 -0.4410 0.2290
vn -0.8362 -0.5414 -0.0869
vn -0.8583 -0.4414 0.2618
vn -0.7688 -0.4089 0.4918
vn -0.8566 -0.4382 0.2725
vn 0.0096 -0.6494 -0.7604
vn -0.1102 -0.6656 -0.7381
vn -0.0952 -0.5986 -0.7954
vn 0.0109 -0.5840 -0.8117
vn -0.0356 -0.9812 0.1897
vn -0.0478 -0.9837 0.1732
vn 0.0028 -0.9985 0.0542
vn 0.0803 -0.9491 0.3045
vn 0.0435 -0.9465 0.3198
vn 0.0204 -0.9824 0.1856
vn 0.0421 -0.9809 0.1896
vn -0.0139 -0.9825 0.1857
vn -0.0696 -0.9841 0.1633
vn 0.1487 -0.9558 0.2537
vn 0.1186 -0.9500 0.2888
vn 0.0543 -0.9834 0.1731
vn 0.0761 -0.9837 0.1632
vn 0.0870 -0.9867 0.1376
vn 0.1793 -0.9614 0.2087
vn -0.0807 -0.9872 0.1378
vn 0.1699 -0.9045 0.3913
vn 0.2185 -0.9137 0.3426
vn 0.8465 0.4544 -0.2775
vn 0.8383 0.4698 -0.2765
vn 0.9054 0.3721 -0.2044
vn 0.9022 0.3595 -0.2382
vn 0.8542 -0.3048 0.4213
vn 0.8855 -0.1676 0.4334
vn 0.7631 -0.1390 0.6311
vn 0.7374 -0.2744 0.6172
vn 0.1172 -0.8998 0.4203
vn 0.0617 -0.8971 0.4376
vn 0.0033 -0.9802 0.1979
vn -0.8355 0.4120 0.3636
vn -0.8342 0.3824 0.3974
vn -0.6996 0.4207 0.5775
vn -0.6545 0.4577 0.6018
vn -0.0980 -0.9889 0.1113
vn -0.2719 -0.8650 0.4216
vn -0.2122 -0.9150 0.3430
vn -0.1635 -0.9055 0.3917
vn -0.2092 -0.8503 0.4829
vn 0.2892 -0.9375 0.1937
vn 0.2597 -0.9259 0.2743
vn 0.1979 -0.9681 0.1536
vn 0.2155 -0.8491 0.4822
vn 0.2780 -0.8635 0.4209
vn -0.0657 -0.8971 -0.4369
vn -0.1272 -0.8991 -0.4188
vn -0.1584 -0.8215 -0.5478
vn -0.1078 -0.8233 -0.5572
vn -0.0326 -0.9792 -0.2002
vn -0.0679 -0.9783 -0.1955
vn -0.0994 -0.9447 -0.3125
vn -0.0505 -0.9442 -0.3255
vn 0.0033 -0.9478 0.3188
vn -0.0370 -0.9467 0.3199
vn 0.0033 -0.8969 0.4421
vn -0.0552 -0.8974 0.4377
vn -0.1025 -0.9915 0.0795
vn 0.1043 -0.9883 0.1112
vn 0.1087 -0.9909 0.0795
vn 0.2109 -0.9727 0.0971
vn -0.9810 0.0424 -0.1894
vn -0.9762 -0.0935 -0.1955
vn -0.9972 -0.0752 -0.0058
vn -0.9969 0.0784 -0.0032
vn -0.4448 -0.6678 -0.5969
vn -0.5492 -0.6629 -0.5088
vn -0.6142 -0.5632 -0.5528
vn -0.4992 -0.5806 -0.6432
vn -0.6858 -0.1405 -0.7141
vn -0.8337 -0.1570 -0.5294
vn -0.8124 -0.0623 -0.5798
vn -0.4951 -0.1324 -0.8587
vn 0.0033 -0.8333 0.5529
vn 0.0785 -0.8348 0.5449
vn 0.4741 -0.7990 -0.3700
vn 0.5350 -0.8034 -0.2613
vn 0.4533 -0.8632 -0.2222
vn 0.4014 -0.8579 -0.3208
vn 0.1494 -0.8401 0.5215
vn -0.6971 -0.3974 0.5968
vn -0.6516 -0.5047 0.5663
vn -0.5252 -0.4700 0.7094
vn -0.5615 -0.3638 0.7432
vn -0.5786 0.3954 0.7134
vn -0.7329 0.3580 0.5786
vn -0.7472 0.2810 0.6022
vn -0.5850 0.2981 0.7543
vn 0.3343 -0.8033 0.4928
vn 0.3334 -0.8815 0.3344
vn 0.4053 -0.8263 0.3911
vn -0.1423 -0.9567 0.2540
vn -0.1121 -0.9507 0.2890
vn 0.0033 -0.7569 0.6535
vn 0.0949 -0.7602 0.6428
vn -0.3962 -0.4417 0.8049
vn -0.4232 -0.3384 0.8405
vn -0.8140 0.4243 0.3966
vn -0.7025 0.4363 0.5622
vn -0.6822 0.5259 0.5079
vn -0.7542 0.5426 0.3698
vn 0.1799 -0.7694 0.6129
vn -0.0738 -0.9496 0.3046
vn -0.1108 -0.9004 0.4206
vn 0.2583 -0.7835 0.5652
vn -0.4785 -0.8704 -0.1158
vn -0.5682 -0.8105 -0.1424
vn -0.5357 -0.8044 -0.2567
vn -0.4535 -0.8648 -0.2155
vn 0.2092 -0.6890 0.6940
vn 0.1104 -0.6768 0.7279
vn 0.0033 -0.6721 0.7404
vn -0.2020 -0.9793 -0.0133
vn -0.2920 -0.9553 -0.0472
vn -0.2770 -0.9542 -0.1133
vn -0.1885 -0.9802 -0.0603
vn 0.3000 -0.7072 0.6403
vn -0.1430 -0.8409 0.5220
vn -0.6151 -0.7347 -0.2862
vn -0.6539 -0.7394 -0.1601
vn -0.7417 -0.6481 -0.1729
vn -0.6978 -0.6441 -0.3133
vn 0.6294 -0.6363 -0.4461
vn 0.5495 -0.7288 -0.4084
vn 0.4604 -0.7249 -0.5124
vn 0.5324 -0.6326 -0.5624
vn -0.6354 -0.6436 -0.4267
vn -0.7024 -0.5484 -0.4538
vn -0.1730 -0.9625 0.2090
vn -0.2535 -0.9275 0.2748
vn 0.5968 -0.5323 -0.6004
vn 0.4663 -0.5307 -0.7078
vn 0.5128 -0.4395 -0.7375
vn 0.6469 -0.4425 -0.6211
vn 0.4412 -0.6518 0.6168
vn 0.3379 -0.6242 0.7044
vn 0.3899 -0.7317 0.5591
vn 0.3743 -0.8980 0.2311
vn -0.3275 -0.8834 0.3352
vn 0.9295 -0.1327 -0.3441
vn 0.9032 -0.2528 -0.3469
vn 0.8305 -0.2635 -0.4907
vn 0.8612 -0.1513 -0.4852
vn -0.1916 -0.9693 0.1538
vn 0.2346 -0.6046 0.7612
vn 0.3717 -0.5355 0.7583
vn 0.2563 -0.5168 0.8169
vn 0.4881 -0.5643 0.6658
vn 0.4768 -0.7587 0.4438
vn 0.5426 -0.6824 0.4898
vn 0.9971 0.0763 -0.0037
vn 0.9710 0.1126 0.2108
vn 0.9760 -0.0461 0.2130
vn 0.9970 -0.0766 -0.0059
vn -0.2047 -0.9740 0.0972
vn -0.2832 -0.9392 0.1941
vn -0.2977 -0.9482 0.1107
vn 0.0479 -0.9965 -0.0679
vn 0.0348 -0.9963 -0.0792
vn 0.0700 -0.9774 -0.1993
vn 0.1016 -0.9774 -0.1852
vn 0.1343 -0.5058 0.8521
vn 0.1234 -0.5919 0.7965
vn 0.4600 -0.8466 0.2676
vn 0.5450 -0.7822 0.3020
vn -0.2045 -0.9780 0.0406
vn -0.1081 -0.9930 0.0477
vn 0.1143 -0.9923 0.0479
vn 0.4286 -0.3374 0.8381
vn 0.5662 -0.3624 0.7404
vn 0.5958 -0.2442 0.7651
vn 0.4515 -0.2230 0.8639
vn -0.6706 -0.7418 -0.0071
vn -0.7522 -0.6589 -0.0094
vn -0.0099 -0.8954 -0.4452
vn -0.0064 -0.8287 -0.5597
vn -0.9378 -0.3470 -0.0093
vn -0.9758 -0.2185 -0.0088
vn -0.9538 -0.2262 -0.1978
vn -0.9166 -0.3486 -0.1959
vn 0.3950 -0.9104 0.1227
vn 0.4894 -0.8614 0.1356
vn 0.3036 -0.9464 0.1105
vn 0.1092 -0.9939 0.0183
vn 0.1495 -0.6478 -0.7470
vn 0.1116 -0.6641 -0.7392
vn 0.0970 -0.5596 -0.8231
vn 0.2026 -0.5386 -0.8178
vn 0.5817 -0.7997 0.1490
vn 0.5887 -0.8083 -0.0034
vn 0.6749 -0.7378 -0.0074
vn 0.6662 -0.7282 0.1609
vn 0.0033 -0.5872 0.8095
vn -0.1170 -0.5924 0.7971
vn -0.1039 -0.6773 0.7284
vn 0.9381 -0.3463 -0.0099
vn 0.9757 -0.2189 -0.0089
vn 0.9583 -0.1954 0.2086
vn 0.9222 -0.3296 0.2021
vn 0.2107 -0.9767 0.0409
vn 0.3052 -0.9518 0.0296
vn -0.0309 -0.9972 -0.0686
vn -0.0512 -0.9964 -0.0674
vn -0.0996 -0.9791 -0.1775
vn 0.0018 -0.9972 -0.0753
vn -0.0145 -0.9967 -0.0798
vn -0.0042 -0.9774 -0.2112
vn 0.3005 -0.7902 -0.5340
vn 0.1531 -0.7737 -0.6148
vn 0.1912 -0.7272 -0.6592
vn 0.3545 -0.7227 -0.5934
vn 0.2756 -0.4238 0.8628
vn 0.4019 -0.4405 0.8028
vn 0.2933 -0.3231 0.8998
vn 0.5301 -0.4683 0.7068
vn -0.3959 -0.7394 -0.5445
vn -0.4855 -0.7365 -0.4710
vn 0.6023 -0.5975 0.5293
vn -0.2284 -0.6055 0.7623
vn -0.2029 -0.6899 0.6949
vn 0.2662 -0.9040 -0.3346
vn 0.2008 -0.9470 -0.2506
vn 0.1521 -0.9438 -0.2933
vn 0.2024 -0.8990 -0.3884
vn -0.2939 -0.7086 0.6415
vn -0.3319 -0.6256 0.7060
vn -0.2521 -0.7848 0.5661
vn -0.3284 -0.8051 0.4939
vn 0.6226 -0.7088 0.3317
vn 0.5727 -0.8075 -0.1413
vn 0.6165 -0.7318 -0.2905
vn 0.6591 -0.7349 -0.1600
vn -0.1012 -0.9947 0.0173
vn 0.2086 -0.9779 -0.0137
vn -0.9782 0.2076 -0.0056
vn -0.9688 0.1598 -0.1896
vn 0.8902 0.3444 -0.2983
vn 0.8457 0.4433 -0.2972
vn -0.0720 -0.8352 0.5452
vn -0.0884 -0.7606 0.6431
vn -0.1736 -0.7703 0.6136
vn 0.2979 -0.9534 -0.0475
vn -0.7699 -0.5446 -0.3327
vn -0.8098 -0.5577 -0.1823
vn -0.8685 -0.4582 -0.1891
vn -0.8246 -0.4526 -0.3394
vn -0.3997 -0.8285 0.3922
vn -0.4715 -0.7612 0.4453
vn -0.5401 -0.7851 0.3031
vn -0.4546 -0.8492 0.2685
vn -0.1825 -0.6967 -0.6938
vn -0.2078 -0.6009 -0.7719
vn 0.1339 -0.9789 -0.1544
vn 0.0688 -0.9959 -0.0585
vn -0.1279 -0.5063 0.8528
vn 0.0032 -0.5020 0.8648
vn 0.9519 -0.2375 -0.1937
vn 0.9756 -0.1067 -0.1919
vn -0.3686 -0.9003 0.2317
vn -0.7601 -0.1398 0.6346
vn -0.6125 -0.1144 0.7821
vn -0.6224 0.0263 0.7823
vn -0.7710 0.0080 0.6368
vn 0.0032 -0.4127 0.9109
vn -0.1374 -0.4157 0.8991
vn -0.2695 -0.4245 0.8644
vn -0.2502 -0.5176 0.8182
vn -0.3660 -0.5369 0.7602
vn 0.4955 -0.8686 0.0054
vn 0.3984 -0.9170 0.0170
vn -0.2872 -0.3237 0.9015
vn -0.1465 -0.3166 0.9372
vn 0.0033 -0.3144 0.9493
vn 0.1529 -0.3163 0.9363
vn 0.1438 -0.4153 0.8982
vn 0.3938 0.2961 0.8702
vn 0.4038 0.4026 0.8215
vn 0.1968 0.3882 0.9003
vn 0.1740 0.2826 0.9433
vn 0.1580 -0.8329 -0.5303
vn 0.1426 -0.8955 -0.4216
vn 0.0902 -0.8939 -0.4390
vn 0.1079 -0.8134 -0.5716
vn 0.4834 -0.8678 -0.1150
vn -0.3894 -0.9128 0.1230
vn -0.4843 -0.8643 0.1360
vn 0.7329 0.3580 0.5786
vn 0.8490 0.3157 0.4238
vn 0.8342 0.3824 0.3974
vn 0.6996 0.4207 0.5775
vn 0.3093 -0.2113 0.9272
vn -0.3033 -0.2117 0.9291
vn -0.4461 -0.2237 0.8666
vn 0.1376 -0.7288 -0.6708
vn 0.1305 -0.7672 -0.6280
vn 0.0079 -0.7888 -0.6146
vn 0.0065 -0.7185 -0.6955
vn 0.0320 -0.9422 -0.3336
vn -0.0066 -0.9427 -0.3337
vn 0.0410 -0.8946 -0.4450
vn 0.7438 -0.6462 0.1708
vn 0.6931 -0.6262 0.3570
vn 0.7558 -0.6547 -0.0101
vn -0.5600 -0.7326 -0.3868
vn 0.7459 -0.6434 -0.1722
vn -0.1427 -0.7384 -0.6591
vn -0.1763 -0.7598 -0.6258
vn -0.1493 -0.7821 -0.6050
vn 0.7564 -0.5323 0.3801
vn 0.6556 -0.5024 0.5637
vn 0.8138 -0.5522 0.1811
vn 0.7003 -0.6392 -0.3178
vn 0.9818 0.0321 -0.1871
vn 0.9693 0.1575 -0.1886
vn 0.9787 0.2051 -0.0053
vn 0.3313 -0.8516 -0.4062
vn 0.3232 -0.9100 -0.2596
vn 0.7007 -0.3954 0.5938
vn 0.8102 -0.4261 0.4025
vn -0.1915 -0.9474 -0.2566
vn -0.2280 -0.9496 -0.2150
vn -0.2963 -0.9098 -0.2907
vn -0.2466 -0.9059 -0.3443
vn -0.7851 0.5946 0.1736
vn -0.8330 0.5139 0.2048
vn -0.7738 0.5267 0.3520
vn -0.9400 0.1275 -0.3165
vn -0.9433 0.0154 -0.3316
vn 0.8302 -0.5574 -0.0085
vn 0.8130 -0.5537 -0.1801
vn -0.7533 -0.5352 0.3822
vn -0.6894 -0.6293 0.3588
vn -0.5979 -0.6001 0.5315
vn 0.0214 -0.9784 -0.2057
vn 0.0687 -0.9407 -0.3321
vn 0.0464 -0.9762 -0.2117
vn 0.2781 -0.9529 -0.1209
vn 0.3650 -0.9147 -0.1736
vn 0.3889 -0.9176 -0.0820
vn 0.8735 -0.4473 0.1922
vn -0.8716 -0.4504 0.1937
vn -0.8112 -0.5556 0.1824
vn -0.8077 -0.4286 0.4049
vn 0.4686 -0.0972 0.8780
vn 0.3218 -0.0882 0.9427
vn 0.1682 -0.0833 0.9822
vn 0.1614 -0.2055 0.9653
vn -0.0987 -0.9951 -0.0098
vn -0.9706 0.1137 0.2123
vn -0.9424 0.2637 0.2059
vn 0.7427 0.3039 0.5967
vn 0.7057 0.4344 0.5597
vn 0.5715 0.4444 0.6899
vn 0.6058 0.3099 0.7327
vn 0.3290 0.0439 0.9433
vn 0.1721 0.0481 0.9839
vn 0.0033 -0.2037 0.9790
vn 0.0033 -0.0816 0.9967
vn -0.1616 0.1959 0.9672
vn -0.1740 0.2826 0.9433
vn -0.3938 0.2961 0.8702
vn -0.3845 0.2054 0.9000
vn -0.3067 -0.6875 -0.6582
vn -0.3601 -0.6060 -0.7093
vn -0.0849 -0.9960 -0.0281
vn -0.6623 -0.7316 0.1617
vn -0.7405 -0.6497 0.1718
vn -0.0779 -0.9959 -0.0460
vn 0.4125 -0.6312 -0.6568
vn 0.2704 -0.6385 -0.7206
vn 0.3314 -0.5303 -0.7803
vn 0.9095 0.3142 0.2720
vn 0.9003 0.3913 0.1908
vn -0.0630 -0.9965 -0.0552
vn -0.1311 -0.9784 -0.1600
vn 0.1158 -0.7512 -0.6498
vn 0.1323 -0.7312 -0.6692
vn -0.9327 -0.1067 -0.3444
vn -0.3841 -0.7336 0.5606
vn 0.0134 -0.9964 -0.0841
vn 0.2447 -0.9507 -0.1906
vn 0.8672 -0.4613 -0.1874
vn 0.8890 -0.4578 -0.0114
vn -0.8897 0.1406 0.4344
vn -0.8601 0.2906 0.4193
vn -0.7605 -0.4534 -0.4649
vn 0.1541 -0.3803 -0.9119
vn 0.0189 -0.3966 -0.9178
vn 0.0600 -0.3472 -0.9359
vn 0.1679 -0.3017 -0.9385
vn 0.7680 -0.5488 -0.3301
vn -0.8276 -0.5612 -0.0080
vn 0.1075 -0.9416 -0.3191
vn -0.1078 -0.4954 -0.8619
vn 0.0154 -0.4800 -0.8771
vn -0.4905 -0.8714 0.0049
vn -0.3929 -0.9194 0.0166
vn 0.7519 -0.4492 -0.4825
vn 0.7005 -0.5366 -0.4704
vn -0.3835 -0.9199 -0.0820
vn -0.3647 -0.9164 -0.1653
vn -0.2993 -0.9537 0.0293
vn -0.2412 -0.7564 -0.6080
vn -0.5771 -0.8028 0.1496
vn -0.5842 -0.8116 -0.0037
vn 0.1293 -0.4582 -0.8794
vn -0.8708 -0.3471 -0.3483
vn -0.8112 -0.3477 -0.4701
vn -0.2174 -0.7876 -0.5765
vn -0.2158 -0.8424 -0.4938
vn -0.2984 -0.8562 -0.4218
vn -0.3483 -0.8000 -0.4886
vn 0.0230 -0.9967 -0.0781
vn 0.8990 -0.0168 0.4377
vn 0.8911 0.1397 0.4317
vn 0.7667 0.1591 0.6219
vn 0.7739 0.0080 0.6333
vn 0.3082 -0.2826 -0.9084
vn 0.2803 -0.3606 -0.8896
vn -0.8490 0.3157 0.4238
vn -0.8441 0.2830 0.4554
vn 0.3935 -0.7938 -0.4638
vn -0.4357 -0.6538 0.6186
vn -0.4829 -0.5662 0.6680
vn -0.1770 -0.7683 -0.6152
vn -0.8940 0.3977 0.2062
vn 0.6864 -0.3585 -0.6328
vn 0.7941 -0.3619 -0.4884
vn -0.3364 -0.9126 -0.2323
vn -0.2567 -0.9517 -0.1686
vn 0.8214 -0.4601 -0.3371
vn 0.8828 0.4123 0.2250
vn 0.8355 0.4120 0.3636
vn 0.9147 -0.3560 -0.1915
vn 0.0761 -0.8177 -0.5706
vn 0.1036 -0.9946 -0.0104
vn 0.0819 -0.9961 -0.0333
vn -0.7402 -0.3577 -0.5694
vn -0.8511 -0.2345 -0.4698
vn -0.7873 -0.2469 -0.5650
vn -0.8205 -0.1289 -0.5569
vn -0.8816 -0.1172 -0.4572
vn 0.8665 -0.3620 -0.3436
vn 0.2474 -0.4445 -0.8609
vn 0.3745 -0.4389 -0.8167
vn -0.9008 -0.0021 -0.4341
vn -0.9086 0.1047 -0.4043
vn 0.5334 0.4902 0.6894
vn 0.6545 0.4577 0.6018
vn 0.4455 0.5458 0.7096
vn -0.4266 -0.8007 -0.4206
vn 0.8908 0.2203 -0.3975
vn 0.8771 0.3324 -0.3466
vn 0.9211 0.2364 -0.3094
vn -0.5377 -0.6850 0.4916
vn 0.1908 -0.9795 -0.0650
vn 0.2518 -0.8468 -0.4686
vn -0.9422 0.2596 -0.2117
vn -0.9249 0.2275 -0.3047
vn 0.1677 -0.9791 -0.1148
vn -0.1481 -0.9456 -0.2897
vn -0.4455 0.5458 0.7096
vn -0.4204 0.5382 0.7305
vn -0.6269 0.4898 0.6058
vn -0.1969 -0.5373 -0.8201
vn -0.8522 -0.3068 0.4239
vn -0.9210 -0.3319 0.2038
vn -0.8876 0.3069 -0.3434
vn -0.8981 0.3244 -0.2970
vn -0.8267 0.4412 -0.3493
vn -0.8266 0.4326 -0.3599
vn 0.8619 0.2889 0.4168
vn 0.8162 0.4221 0.3945
vn -0.4148 -0.8613 -0.2934
vn -0.4887 -0.8006 -0.3467
vn 0.5542 -0.3562 -0.7523
vn 0.5901 -0.2799 -0.7573
vn 0.7246 -0.2741 -0.6323
vn -0.8153 0.0538 -0.5766
vn -0.8415 0.0741 -0.5351
vn -0.8604 0.1743 -0.4789
vn -0.8411 0.1552 -0.5181
vn -0.8613 0.2829 -0.4220
vn -0.8520 0.2694 -0.4490
vn -0.5688 -0.4809 -0.6673
vn -0.6812 -0.4593 -0.5702
vn -0.0000 0.4949 0.8689
vn 0.2448 0.5091 0.8251
vn 0.3196 0.5782 0.7507
vn -0.0000 0.5617 0.8274
vn -0.3621 -0.8600 -0.3597
vn 0.8780 0.3445 0.3322
vn 0.8810 0.4371 0.1812
vn 0.9291 0.3359 0.1546
vn -0.9513 0.2665 -0.1546
vn 0.4160 -0.3552 -0.8371
vn 0.4567 -0.2863 -0.8423
vn -0.9081 -0.2295 -0.3502
vn -0.9095 0.3142 0.2720
vn -0.8734 0.3567 0.3315
vn -0.1897 -0.9016 -0.3887
vn -0.1968 0.3882 0.9003
vn -0.2448 0.5091 0.8251
vn -0.4014 0.5208 0.7534
vn -0.4038 0.4026 0.8215
vn 0.7720 0.4156 0.4809
vn 0.6906 0.5149 0.5078
vn 0.7595 0.5369 0.3673
vn 0.7848 0.5100 0.3522
vn -0.0724 -0.4405 -0.8948
vn -0.0000 0.3749 0.9270
vn -0.6183 -0.7119 0.3331
vn -0.9576 -0.1967 0.2105
vn -0.9756 -0.0463 0.2148
vn 0.5786 0.3954 0.7134
vn 0.4014 0.5208 0.7534
vn -0.9033 0.3548 -0.2410
vn -0.9048 0.3711 -0.2088
vn -0.1758 -0.9793 -0.1007
vn -0.1530 -0.9796 -0.1303
vn 0.2343 -0.2206 -0.9468
vn -0.8876 -0.4605 -0.0109
vn -0.8464 0.3717 -0.3814
vn -0.8996 0.3910 -0.1945
vn -0.0007 0.7553 0.6554
vn -0.0003 0.8291 0.5590
vn -0.0003 0.8310 0.5563
vn 0.4593 -0.0643 -0.8859
vn 0.3639 -0.1752 -0.9148
vn 0.3749 -0.1455 -0.9156
vn 0.4024 0.5889 0.7009
vn -0.8861 0.1852 -0.4250
vn -0.9056 0.2033 -0.3722
vn -0.8670 0.3053 -0.3938
vn 0.6722 0.0844 -0.7356
vn 0.7480 0.1129 -0.6540
vn 0.7040 -0.0511 -0.7083
vn 0.5981 -0.0656 -0.7987
vn -0.8156 0.2259 0.5327
vn -0.9361 0.1407 0.3224
vn -0.9615 0.0724 0.2650
vn -0.9606 0.0973 0.2603
vn 0.4874 0.0709 -0.8703
vn 0.9427 -0.0043 -0.3337
vn 0.9393 0.1230 -0.3204
vn 0.6023 0.1095 -0.7907
vn 0.6593 0.2100 -0.7219
vn 0.5634 0.1091 -0.8190
vn -0.9003 0.3913 0.1908
vn -0.9161 0.3846 0.1135
vn -0.9291 0.3359 0.1546
vn 0.8559 0.3326 -0.3960
vn 0.8266 0.4437 -0.3462
vn 0.8390 0.4401 -0.3199
vn 0.6648 0.3036 -0.6826
vn 0.7325 0.3207 -0.6005
vn 0.7531 0.4621 -0.4683
vn 0.8167 0.1892 -0.5451
vn 0.7501 0.2066 -0.6282
vn 0.7987 0.2986 -0.5223
vn 0.6917 0.5667 -0.4476
vn 0.8130 0.4276 -0.3952
vn 0.2800 -0.8504 0.4455
vn 0.7881 0.5145 -0.3379
vn 0.7855 0.2311 -0.5741
vn 0.8205 0.3365 -0.4621
vn 0.8152 0.4405 -0.3760
vn 0.9418 0.2626 -0.2098
vn 0.9519 0.2665 -0.1513
vn -0.6988 -0.2349 -0.6756
vn -0.7551 -0.1837 -0.6293
vn -0.7983 -0.0459 -0.6005
vn -0.7677 -0.0799 -0.6358
vn 0.5272 -0.1945 -0.8272
vn 0.8464 0.2141 -0.4875
vn 0.8353 0.0903 -0.5423
vn -0.8746 0.4162 -0.2486
vn -0.6271 0.5333 -0.5678
vn -0.8551 -0.0206 -0.5181
vn -0.4890 -0.5085 -0.7087
vn 0.6536 -0.1884 -0.7330
vn -0.8776 0.0869 -0.4714
vn 0.9329 0.1116 0.3424
vn 0.8695 0.2242 0.4400
vn 0.4707 0.4552 0.7558
vn 0.9026 0.1803 0.3909
vn 0.8344 0.5437 0.0904
vn 0.9362 0.3311 0.1184
vn -0.4937 -0.0560 -0.8678
vn -0.3227 0.2342 -0.9171
vn -0.3609 0.0237 -0.9323
vn 0.6402 -0.0738 -0.7646
vn 0.4622 -0.0651 -0.8844
vn 0.8645 -0.0808 -0.4961
vn 0.8080 -0.0992 -0.5807
vn 0.8850 -0.0259 -0.4648
vn -0.9271 0.3603 0.1036
vn -0.8976 -0.0169 0.4406
vn -0.8839 -0.1687 0.4363
vn -0.8694 0.4800 0.1169
vn -0.7639 0.1599 0.6252
vn -0.7397 0.3054 0.5997
vn -0.8733 0.4547 0.1750
vn -0.8028 0.5873 0.1031
vn -0.7341 -0.2759 0.6204
vn -0.5913 -0.2452 0.7683
vn -0.8198 0.5669 0.0815
vn -0.4634 -0.0976 0.8808
vn -0.0000 0.2734 0.9619
vn -0.7633 0.4303 0.4819
vn -0.9362 0.3311 0.1184
vn 0.9161 0.3846 0.1135
vn -0.6017 0.3111 0.7356
vn -0.5651 0.4482 0.6926
vn -0.1618 -0.0834 0.9833
vn 0.0033 0.0498 0.9988
vn -0.1658 0.0481 0.9850
vn -0.5929 0.4540 0.6651
vn -0.7014 0.3187 0.6376
vn -0.5635 0.2346 0.7921
vn 0.6265 0.0262 0.7789
vn 0.6227 0.1706 0.7637
vn 0.4767 0.1770 0.8610
vn 0.4777 0.0377 0.8777
vn -0.6186 0.1713 0.7668
vn -0.4413 0.4509 0.7758
vn -0.4892 0.3807 0.7847
vn -0.1660 0.1839 0.9688
vn 0.0032 0.1857 0.9826
vn -0.4726 0.0378 0.8805
vn -0.4717 0.1776 0.8637
vn 0.4486 0.4443 0.7755
vn 0.6024 0.4422 0.6646
vn 0.4967 0.3713 0.7845
vn 0.8954 0.0994 -0.4340
vn -0.4606 0.3132 0.8305
vn -0.1623 0.3161 0.9347
vn -0.1546 0.4249 0.8920
vn -0.3137 0.4340 0.8445
vn -0.3164 0.3134 0.8954
vn -0.3159 -0.0884 0.9447
vn -0.3231 0.0440 0.9453
vn 0.6168 -0.1139 0.7788
vn -0.1550 -0.2057 0.9663
vn 0.0031 0.3179 0.9481
vn 0.1684 0.3158 0.9338
vn 0.1593 0.4215 0.8927
vn 0.0023 0.4272 0.9041
vn -0.8828 0.4123 0.2250
vn 0.6269 0.4898 0.6058
vn 0.1616 0.1959 0.9672
vn -0.0000 0.1906 0.9817
vn 0.0008 0.3183 0.9480
vn -0.1555 0.3203 0.9345
vn 0.8038 -0.0387 -0.5936
vn 0.3560 0.3310 0.8739
vn 0.5659 0.2317 0.7913
vn 0.3845 0.2054 0.9000
vn 0.8462 0.2792 0.4538
vn 0.4204 0.5382 0.7305
vn -0.5334 0.4902 0.6894
vn -0.3235 0.1805 0.9289
vn -0.3538 0.3378 0.8722
vn 0.3292 0.1801 0.9269
vn 0.1723 0.1837 0.9678
vn -0.4024 0.5889 0.7009
vn -0.3196 0.5782 0.7507
vn 0.4885 0.5825 0.6497
vn 0.1571 0.3169 0.9354
vn -0.0000 0.5753 0.8179
vn 0.3220 0.3127 0.8936
vn 0.3189 0.4276 0.8458
vn -0.4887 0.5824 0.6496
vn 0.4656 0.3123 0.8281
vn 0.5850 0.2981 0.7543
vn 0.7056 0.3084 0.6380
vn 0.9431 0.2619 0.2047
vn 0.8953 0.3954 0.2050
vn -0.7854 0.1081 -0.6095
vn -0.6561 0.1666 -0.7361
vn 0.8349 0.5113 0.2037
vn -0.6396 -0.3821 -0.6670
vn -0.8550 0.3742 -0.3591
vn 0.7964 0.5776 0.1794
vn -0.6966 -0.2973 -0.6529
vn 0.7472 0.2810 0.6022
vn 0.9279 0.3583 0.1030
vn 0.8710 0.4774 0.1162
vn 0.7655 -0.1615 -0.6229
vn 0.9253 -0.3786 -0.0228
vn -0.5071 0.5509 -0.6628
vn -0.6293 -0.3325 -0.7025
vn -0.4461 0.3171 -0.8369
vn -0.3133 0.2757 -0.9087
vn 0.8109 0.5753 0.1067
vn -0.5640 -0.4135 -0.7148
vn -0.7572 0.5065 -0.4125
vn 0.9451 -0.3247 -0.0367
vn 0.4465 -0.0233 -0.8945
vn 0.3359 0.0723 -0.9391
vn 0.3074 0.2726 -0.9117
vn -0.9095 0.3969 -0.1236
vn -0.7040 0.2750 0.6548
vn -0.9775 0.0578 0.2030
vn -0.9828 0.0705 0.1707
vn 0.0425 -0.2350 0.9711
vn -0.6517 0.7581 -0.0236
vn -0.6516 0.7581 -0.0250
vn -0.6695 0.7178 -0.1911
vn -0.6512 0.7582 -0.0322
vn 0.0014 0.9906 0.1371
vn 0.3119 0.2842 -0.9066
vn 0.4477 0.3225 -0.8340
vn -0.6513 0.7574 -0.0461
vn -0.3536 0.1462 -0.9239
vn -0.6530 0.7542 -0.0695
vn 0.3535 0.1462 -0.9239
vn -0.5581 0.2470 -0.7922
vn -0.6576 0.7452 -0.1102
vn 0.5581 0.2470 -0.7922
vn 0.9560 -0.0373 -0.2908
vn -0.7368 0.3342 -0.5878
vn -0.7308 0.3337 -0.5954
vn 0.6998 0.5837 -0.4118
vn -0.6302 -0.5754 0.5212
vn 0.0001 0.3497 -0.9369
vn -0.6747 0.7013 -0.2304
vn 0.7367 0.3341 -0.5878
vn -0.1217 0.2180 -0.9683
vn 0.0769 0.2053 -0.9757
vn -0.1069 0.2173 -0.9702
vn 0.6300 -0.5755 0.5214
vn -0.6641 0.6541 -0.3620
vn -0.6998 0.5838 -0.4116
vn 0.7308 0.3337 -0.5955
vn 0.0830 0.2048 -0.9753
vn -0.5227 0.8522 0.0212
vn 0.4179 0.4720 0.7762
vn -0.6249 0.7695 -0.1317
vn -0.6954 0.6781 -0.2380
vn 0.9436 0.0817 0.3207
vn 0.0504 -0.2971 -0.9535
vn 0.8626 0.3951 0.3160
vn 0.8010 0.5113 -0.3115
vn 0.8811 0.4290 0.1989
vn -0.6856 0.6916 -0.2272
vn 0.8741 0.4801 -0.0738
vn 0.7941 0.5160 -0.3212
vn 0.7957 0.5109 -0.3254
vn 0.8307 0.4907 -0.2628
vn 0.7912 0.5374 -0.2919
vn 0.8243 0.4880 -0.2870
vn 0.7728 0.6168 -0.1497
vn 0.8028 0.4747 -0.3607
vn 0.7335 0.4578 -0.5024
vn 0.7621 0.4392 -0.4757
vn -0.2988 -0.3263 0.8968
vn -0.0491 -0.2803 0.9587
vn -0.0367 -0.2761 0.9604
vn -0.2025 -0.3146 0.9274
vn -0.6461 -0.3519 0.6773
vn -0.7537 -0.3120 0.5785
vn -0.6443 -0.3525 0.6787
vn -0.8355 0.2811 -0.4721
vn -0.7994 0.2227 -0.5580
vn -0.7996 0.2306 -0.5545
vn -0.8450 0.2751 -0.4586
vn -0.9427 -0.3165 -0.1051
vn -0.9002 -0.4143 -0.1341
vn -0.8957 -0.4261 -0.1274
vn -0.9428 -0.3177 -0.1010
vn 0.9758 -0.1932 0.1023
vn 0.9424 -0.3126 0.1190
vn 0.9429 -0.3110 0.1189
vn 0.9763 -0.1910 0.1019
vn -0.3543 -0.1485 0.9233
vn -0.3317 -0.0429 0.9424
vn -0.3326 -0.0422 0.9421
vn -0.3530 -0.1451 0.9243
vn -0.2145 0.0107 0.9767
vn -0.2010 0.0147 0.9795
vn 0.9472 -0.3065 -0.0936
vn 0.9530 -0.3006 0.0373
vn 0.9551 -0.2933 0.0428
vn 0.9472 -0.3076 -0.0903
vn -0.9138 -0.0347 -0.4047
vn -0.7677 -0.1524 -0.6224
vn -0.9068 -0.0421 -0.4194
vn 0.5375 -0.4896 0.6866
vn 0.4055 -0.5460 0.7331
vn 0.4098 -0.5463 0.7305
vn 0.5388 -0.4856 0.6884
vn 0.4249 -0.7603 -0.4913
vn 0.6560 -0.5887 -0.4723
vn 0.5933 -0.6476 -0.4780
vn 0.4241 -0.7604 -0.4918
vn 0.6615 -0.2891 -0.6920
vn 0.7298 -0.3640 -0.5788
vn 0.6720 -0.2282 -0.7045
vn 0.7896 -0.4029 -0.4628
vn 0.7928 -0.5261 -0.3078
vn 0.6599 -0.2252 -0.7168
vn -0.9560 -0.2924 0.0244
vn -0.9426 -0.3172 0.1045
vn -0.8878 -0.3644 0.2811
vn 0.0549 -0.2555 0.9653
vn 0.0553 -0.2554 0.9652
vn 0.0838 -0.2527 0.9639
vn -0.0984 -0.8488 -0.5195
vn 0.1080 -0.7584 -0.6428
vn 0.1203 -0.7525 -0.6476
vn -0.0949 -0.8470 -0.5230
vn 0.6380 -0.7634 0.1008
vn 0.6517 -0.7391 0.1702
vn 0.6526 -0.7372 0.1751
vn -0.9490 -0.2985 0.1014
vn -0.9759 -0.2025 0.0813
vn -0.9764 -0.2001 0.0809
vn -0.9498 -0.2963 0.1008
vn 0.1506 -0.3004 0.9419
vn 0.0383 -0.2783 0.9597
vn 0.0373 -0.2780 0.9598
vn -0.0838 -0.2527 0.9639
vn -0.0549 -0.2555 0.9653
vn 0.0510 -0.2833 0.9577
vn 0.0372 -0.2782 0.9598
vn -0.0553 -0.2554 0.9652
vn -0.8288 0.0196 -0.5592
vn -0.4425 -0.1815 -0.8782
vn -0.6507 -0.0890 -0.7541
vn -0.9690 -0.2335 -0.0804
vn -0.9585 -0.2836 -0.0300
vn -0.9585 -0.2836 -0.0297
vn -0.9671 -0.2399 -0.0849
vn -0.7233 0.6742 0.1492
vn -0.9185 0.3280 0.2208
vn -0.9216 0.3193 0.2208
vn -0.7250 0.6722 0.1502
vn -0.1492 -0.8722 -0.4658
vn 0.2400 0.2598 0.9354
vn 0.2676 0.2780 0.9226
vn 0.2682 0.2739 0.9236
vn 0.2408 0.2626 0.9344
vn 0.0899 0.0796 0.9928
vn 0.1178 -0.0299 0.9926
vn 0.1168 -0.0273 0.9928
vn 0.0895 0.0833 0.9925
vn -0.0383 -0.2783 0.9597
vn -0.1506 -0.3004 0.9419
vn -0.0373 -0.2780 0.9598
vn -0.6517 -0.7391 0.1702
vn -0.6380 -0.7634 0.1008
vn -0.6525 -0.7373 0.1751
vn 0.3263 -0.3359 0.8836
vn 0.8101 -0.4018 0.4270
vn 0.5612 -0.3711 0.7398
vn 0.2114 -0.3218 0.9229
vn -0.9484 0.3144 -0.0417
vn -0.9043 0.4205 -0.0739
vn -0.9366 0.1923 -0.2931
vn -0.8866 0.4626 0.0033
vn -0.9857 -0.1679 0.0174
vn -0.9856 -0.1685 0.0141
vn 0.7190 0.6738 0.1706
vn 0.4490 0.8860 -0.1157
vn 0.4350 0.8903 -0.1345
vn 0.7265 0.6646 0.1749
vn 0.0046 0.9163 -0.4005
vn -0.4441 0.8858 -0.1349
vn -0.4262 0.8907 -0.1578
vn -0.0007 0.9162 -0.4006
vn -0.8355 -0.4786 0.2699
vn -0.8541 -0.4745 0.2131
vn -0.8543 -0.4744 0.2123
vn 0.9598 -0.2764 -0.0493
vn 0.9797 -0.1981 0.0316
vn 0.9783 -0.2057 0.0247
vn 0.9593 -0.2775 -0.0518
vn 0.9628 -0.2702 0.0026
vn 0.9626 -0.2708 -0.0003
vn 0.8862 -0.2463 -0.3924
vn 0.8767 -0.2422 -0.4157
vn 0.5570 -0.3611 0.7479
vn 0.5569 -0.3579 0.7495
vn -0.7722 -0.6026 0.2016
vn -0.7072 -0.5066 0.4932
vn -0.7056 -0.4912 0.5107
vn -0.7612 -0.5928 0.2629
vn 0.9256 0.3507 -0.1423
vn 0.9534 0.2969 -0.0530
vn 0.9140 0.4028 -0.0482
vn 0.9132 0.0995 -0.3953
vn -0.9778 0.1117 -0.1771
vn -0.9946 0.0569 -0.0871
vn 0.2992 -0.1383 -0.9441
vn -0.6130 -0.5726 0.5444
vn -0.6199 -0.4929 0.6106
vn -0.6193 -0.4923 0.6116
vn -0.6140 -0.5715 0.5444
vn -0.4330 -0.2914 0.8530
vn -0.4317 -0.2898 0.8542
vn 0.4373 -0.5592 -0.7043
vn 0.4331 -0.5623 -0.7044
vn -0.9951 0.0978 0.0114
vn -0.9931 0.1030 0.0569
vn 0.2562 -0.1928 0.9472
vn 0.2518 -0.1887 0.9492
vn 0.3987 -0.7908 -0.4644
vn 0.3984 -0.7923 -0.4621
vn 0.7785 -0.0812 -0.6223
vn 0.5588 -0.2194 -0.7998
vn 0.5604 -0.8185 0.1266
vn 0.3901 -0.8841 0.2574
vn 0.4999 -0.8479 0.1764
vn -0.7001 -0.4517 0.5530
vn 0.4526 -0.8651 -0.2162
vn 0.4241 -0.8449 -0.3261
vn 0.4276 -0.8478 -0.3137
vn -0.6621 -0.7093 0.2418
vn -0.7946 -0.0407 -0.6057
vn -0.8224 -0.3019 -0.4822
vn -0.8149 -0.3561 -0.4573
vn -0.8024 -0.0624 -0.5936
vn 0.9263 0.2872 0.2437
vn 0.9268 0.2857 0.2437
vn -0.9156 -0.3815 0.1270
vn -0.9163 -0.3800 0.1264
vn -0.8849 -0.4418 0.1477
vn -0.8858 -0.4401 0.1472
vn 0.8540 -0.4745 0.2131
vn 0.8355 -0.4786 0.2699
vn 0.8543 -0.4745 0.2123
vn -0.1080 -0.7584 -0.6428
vn 0.0984 -0.8488 -0.5195
vn 0.0949 -0.8470 -0.5230
vn -0.1203 -0.7525 -0.6476
vn 0.0766 0.1226 0.9895
vn 0.0810 0.1247 0.9889
vn 0.1800 0.1774 0.9675
vn 0.1820 0.1783 0.9670
vn 0.5527 -0.2123 0.8059
vn 0.5526 -0.2079 0.8071
vn 0.7268 -0.6844 -0.0577
vn 0.6729 -0.7394 0.0221
vn 0.6686 -0.7432 0.0262
vn 0.7159 -0.6970 -0.0396
vn 0.4320 -0.2248 0.8734
vn 0.4292 -0.2276 0.8741
vn 0.9438 -0.3202 0.0821
vn 0.9026 -0.3738 0.2136
vn -0.7530 -0.6099 0.2472
vn -0.7406 -0.6133 0.2747
vn -0.5323 -0.4012 0.7455
vn -0.5311 -0.3999 0.7470
vn -0.4373 -0.5592 -0.7043
vn -0.4331 -0.5623 -0.7044
vn 0.7786 -0.2029 -0.5938
vn -0.5246 -0.3836 0.7600
vn 0.9554 -0.2943 0.0233
vn -0.9633 0.2625 -0.0566
vn -0.9496 -0.3121 0.0292
vn -0.9515 -0.3057 0.0348
vn 0.9092 -0.3940 0.1344
vn 0.8835 -0.4438 0.1496
vn 0.8844 -0.4423 0.1493
vn 0.9096 -0.3933 0.1341
vn -0.5858 -0.4320 -0.6858
vn 0.2989 -0.5354 0.7900
vn 0.5232 -0.1432 0.8401
vn 0.5222 -0.1438 0.8406
vn -0.7978 -0.5650 -0.2104
vn -0.7986 -0.5735 -0.1827
vn 0.4034 -0.2908 -0.8676
vn 0.9638 0.2609 -0.0545
vn -0.7696 -0.3859 0.5087
vn -0.5299 -0.3593 0.7682
vn 0.6622 -0.7093 0.2418
vn 0.7536 -0.3120 0.5786
vn 0.6461 -0.3519 0.6773
vn 0.6443 -0.3525 0.6787
vn 0.5246 -0.3836 0.7600
vn -0.7792 0.0957 -0.6194
vn -0.7792 0.0956 -0.6194
vn -0.9748 -0.1135 0.1921
vn 0.9618 -0.0236 -0.2729
vn 0.9998 0.0065 -0.0212
vn 0.9999 0.0106 0.0132
vn 0.1492 -0.8722 -0.4658
vn 0.5858 -0.4319 -0.6857
vt 0.000000 0.000000
s 1
usemtl SleekBob_DarkBrown
f 321/1/1 350/1/2 344/1/3 322/1/4
f 1/1/5 4/1/6 2/1/7
f 35/1/8 43/1/9 25/1/10 26/1/11
f 1/1/5 5/1/12 4/1/6
f 2/1/7 4/1/6 6/1/13
f 49/1/14 50/1/15 42/1/16 41/1/17
f 49/1/14 55/1/18 56/1/19 50/1/15
f 6/1/13 4/1/6 9/1/20
f 52/1/21 54/1/22 49/1/14 41/1/17
f 435/1/23 442/1/24 443/1/25 436/1/26
f 474/1/27 477/1/28 470/1/29 468/1/30
f 34/1/31 35/1/8 26/1/11 32/1/32
f 5/1/12 15/1/33 4/1/6
f 601/1/34 593/1/35 600/1/36 609/1/37
f 9/1/20 4/1/6 17/1/38
f 30/1/39 21/1/40 13/1/41 10/1/42
f 63/1/43 64/1/44 55/1/18 61/1/45
f 60/1/46 62/1/47 54/1/22 52/1/21
f 220/1/48 227/1/49 223/1/50 216/1/51
f 208/1/52 213/1/53 209/1/54 201/1/55
f 5/1/12 14/1/56 16/1/57 15/1/33
f 15/1/33 25/1/10 4/1/6
f 14/1/56 24/1/58 23/1/59 16/1/57
f 17/1/38 4/1/6 27/1/60
f 64/1/44 70/1/61 71/1/62 65/1/63
f 310/1/64 323/1/65 197/1/66 282/1/67
f 248/1/68 254/1/69 243/1/70 244/1/71
f 682/1/72 683/1/73 677/1/74 679/1/75
f 31/1/76 39/1/77 32/1/32 23/1/59
f 337/1/78 300/1/79 330/1/80 335/1/81
f 39/1/77 46/1/82 34/1/31 32/1/32
f 150/1/83 151/1/84 88/1/85 143/1/86
f 598/1/87 651/1/88 636/1/89 623/1/90
f 106/1/91 286/1/92 113/1/93 62/1/47
f 10/1/42 13/1/41 8/1/94 7/1/95
f 38/1/96 45/1/97 39/1/77 31/1/76
f 88/1/85 151/1/84 93/1/98 87/1/99
f 619/1/100 632/1/101 625/1/102 620/1/103
f 45/1/97 69/1/104 46/1/82 39/1/77
f 8/1/94 13/1/41 12/1/105 3/1/106
f 2/1/7 8/1/94 3/1/106 1/1/5
f 43/1/9 42/1/16 4/1/6
f 43/1/9 4/1/6 25/1/10
f 69/1/104 99/1/107 60/1/46 46/1/82
f 129/1/108 137/1/109 133/1/110 127/1/111
f 45/1/97 86/1/112 92/1/113 69/1/104
f 86/1/112 45/1/97 38/1/96 81/1/114
f 108/1/115 153/1/116 146/1/117 130/1/118
f 42/1/16 50/1/15 4/1/6
f 98/1/119 99/1/107 69/1/104 92/1/113
f 22/1/120 12/1/105 13/1/41 21/1/40
f 134/1/121 225/1/122 139/1/123 132/1/124
f 354/1/125 355/1/126 318/1/127 353/1/128
f 224/1/129 244/1/71 243/1/70 237/1/130
f 11/1/131 20/1/132 10/1/42 7/1/95
f 359/1/133 383/1/134 382/1/135 360/1/136
f 50/1/15 56/1/19 4/1/6
f 103/1/137 104/1/138 98/1/119 102/1/139
f 104/1/138 106/1/91 99/1/107 98/1/119
f 113/1/93 278/1/140 63/1/43 61/1/45
f 30/1/39 10/1/42 20/1/132 29/1/141
f 419/1/142 421/1/143 411/1/144 410/1/145
f 18/1/146 11/1/131 9/1/20 17/1/38
f 56/1/19 65/1/63 4/1/6
f 97/1/147 115/1/148 109/1/149 102/1/139
f 109/1/149 493/1/150 103/1/137 102/1/139
f 103/1/137 357/1/151 110/1/152 104/1/138
f 286/1/92 106/1/91 104/1/138 110/1/152
f 449/1/153 452/1/154 454/1/155 453/1/156
f 28/1/157 84/1/158 19/1/159 18/1/146
f 238/1/160 240/1/161 234/1/162 233/1/163
f 65/1/63 71/1/62 4/1/6
f 111/1/164 115/1/148 97/1/147 105/1/165
f 286/1/92 110/1/152 290/1/166 284/1/167
f 113/1/93 286/1/92 284/1/167 278/1/140
f 27/1/60 96/1/168 91/1/169 28/1/157
f 71/1/62 79/1/170 4/1/6
f 497/1/171 498/1/172 478/1/173 492/1/174
f 139/1/123 147/1/175 126/1/176 132/1/124
f 222/1/177 230/1/178 227/1/49 220/1/48
f 180/1/179 199/1/180 198/1/181 190/1/182
f 284/1/167 298/1/183 285/1/184 278/1/140
f 278/1/140 285/1/184 270/1/185 63/1/43
f 79/1/170 85/1/186 4/1/6
f 325/1/187 343/1/188 332/1/189 326/1/190
f 297/1/191 348/1/192 342/1/193 336/1/194
f 80/1/195 81/1/114 48/1/196 72/1/197
f 400/1/198 464/1/199 461/1/200 457/1/201
f 70/1/61 270/1/185 265/1/202 78/1/203
f 200/1/204 201/1/55 192/1/205 191/1/206
f 212/1/207 215/1/208 208/1/52 207/1/209
f 313/1/210 319/1/211 314/1/212 306/1/213
f 118/1/214 517/1/215 497/1/171 503/1/216
f 503/1/216 497/1/171 492/1/174 491/1/217
f 248/1/68 244/1/71 210/1/218 241/1/219
f 103/1/137 493/1/150 364/1/220 357/1/151
f 27/1/60 4/1/6 96/1/168
f 53/1/221 72/1/197 48/1/196 47/1/222
f 273/1/223 274/1/224 247/1/225 267/1/226
f 51/1/227 57/1/228 53/1/221 47/1/222
f 30/1/39 36/1/229 37/1/230 21/1/40
f 110/1/152 357/1/151 347/1/231 290/1/166
f 334/1/232 349/1/233 341/1/234 335/1/81
f 96/1/168 4/1/6 101/1/235
f 78/1/203 259/1/236 85/1/186 79/1/170
f 310/1/64 628/1/237 615/1/238 323/1/65
f 438/1/239 442/1/24 435/1/23 437/1/240
f 22/1/120 44/1/241 40/1/242 33/1/243
f 297/1/191 298/1/183 284/1/167 290/1/166
f 265/1/202 312/1/244 259/1/236 78/1/203
f 196/1/245 205/1/246 187/1/247 188/1/248
f 68/1/249 76/1/250 75/1/251 67/1/252
f 322/1/4 344/1/3 327/1/253 263/1/254
f 246/1/255 240/1/161 238/1/160 245/1/256
f 23/1/59 32/1/32 26/1/11 16/1/57
f 74/1/257 112/1/258 80/1/195 72/1/197
f 409/1/259 451/1/260 419/1/142 410/1/145
f 19/1/159 77/1/261 29/1/141 20/1/132
f 174/1/262 599/1/263 585/1/264 177/1/265
f 74/1/257 119/1/266 116/1/267 112/1/258
f 82/1/268 119/1/266 74/1/257 73/1/269
f 66/1/270 87/1/99 82/1/268 73/1/269
f 304/1/271 298/1/183 297/1/191 336/1/194
f 304/1/271 305/1/272 285/1/184 298/1/183
f 93/1/98 125/1/273 82/1/268 87/1/99
f 124/1/274 172/1/275 116/1/267 119/1/266
f 123/1/276 517/1/215 118/1/214 117/1/277
f 551/1/278 558/1/279 557/1/280 556/1/281
f 287/1/282 291/1/283 279/1/284 280/1/285
f 304/1/271 336/1/194 334/1/232 329/1/286
f 342/1/193 349/1/233 334/1/232 336/1/194
f 83/1/287 114/1/288 76/1/250 77/1/261
f 533/1/289 539/1/290 520/1/291 526/1/292
f 497/1/171 517/1/215 502/1/293 498/1/172
f 93/1/98 158/1/294 131/1/295 125/1/273
f 307/1/296 315/1/297 250/1/298 256/1/299
f 221/1/300 229/1/301 222/1/177 214/1/302
f 347/1/231 365/1/303 351/1/304 348/1/192
f 351/1/304 358/1/305 342/1/193 348/1/192
f 224/1/129 225/1/122 134/1/121 217/1/306
f 342/1/193 358/1/305 352/1/307 349/1/233
f 329/1/286 334/1/232 335/1/81 330/1/80
f 249/1/308 322/1/4 263/1/254 255/1/309
f 242/1/310 227/1/49 230/1/178 250/1/298
f 364/1/220 484/1/311 371/1/312 365/1/303
f 371/1/312 372/1/313 351/1/304 365/1/303
f 341/1/234 366/1/314 354/1/125 353/1/128
f 449/1/153 450/1/315 446/1/316 448/1/317
f 224/1/129 237/1/130 196/1/245 225/1/122
f 213/1/53 220/1/48 216/1/51 209/1/54
f 273/1/223 271/1/318 300/1/79 293/1/319
f 491/1/217 492/1/174 483/1/320 484/1/311
f 371/1/312 484/1/311 483/1/320 475/1/321
f 186/1/322 194/1/323 166/1/324 159/1/325
f 633/1/326 639/1/327 632/1/101 626/1/328
f 316/1/329 628/1/237 310/1/64 309/1/330
f 373/1/331 387/1/332 352/1/307 358/1/305
f 373/1/331 358/1/305 351/1/304 372/1/313
f 142/1/333 143/1/86 94/1/334 136/1/335
f 116/1/267 117/1/277 111/1/164 112/1/258
f 219/1/336 232/1/337 228/1/338 221/1/300
f 312/1/244 311/1/339 272/1/340 264/1/341
f 371/1/312 475/1/321 380/1/342 372/1/313
f 160/1/343 161/1/344 142/1/333 156/1/345
f 172/1/275 123/1/276 117/1/277 116/1/267
f 502/1/293 518/1/346 485/1/347 498/1/172
f 502/1/293 524/1/348 523/1/349 518/1/346
f 101/1/235 4/1/6 167/1/350
f 328/1/351 323/1/65 615/1/238 614/1/352
f 380/1/342 475/1/321 474/1/27 464/1/199
f 466/1/353 501/1/354 499/1/355 494/1/356
f 523/1/349 529/1/357 513/1/358 518/1/346
f 171/1/359 524/1/348 123/1/276 172/1/275
f 171/1/359 536/1/360 523/1/349 524/1/348
f 583/1/361 590/1/362 589/1/363 584/1/364
f 263/1/254 327/1/253 277/1/365 253/1/366
f 167/1/350 4/1/6 173/1/367
f 126/1/176 147/1/175 135/1/368 128/1/369
f 12/1/105 24/1/58 14/1/56 3/1/106
f 225/1/122 196/1/245 188/1/248 139/1/123
f 173/1/367 4/1/6 178/1/370
f 324/1/371 360/1/136 338/1/372 331/1/373
f 508/1/374 526/1/292 520/1/291 514/1/375
f 192/1/205 185/1/376 184/1/377 191/1/206
f 109/1/149 503/1/216 491/1/217 493/1/150
f 299/1/378 320/1/379 307/1/296 256/1/299
f 318/1/127 355/1/126 324/1/371 319/1/211
f 178/1/370 4/1/6 184/1/377
f 281/1/380 309/1/330 310/1/64 282/1/67
f 51/1/227 37/1/230 36/1/229 59/1/381
f 24/1/58 33/1/243 31/1/76 23/1/59
f 135/1/368 156/1/345 142/1/333 136/1/335
f 457/1/201 461/1/200 454/1/155 452/1/154
f 184/1/377 4/1/6 191/1/206
f 219/1/336 215/1/208 212/1/207 218/1/382
f 78/1/203 79/1/170 71/1/62 70/1/61
f 271/1/318 273/1/223 267/1/226 266/1/383
f 27/1/60 28/1/157 18/1/146 17/1/38
f 394/1/384 387/1/332 373/1/331 393/1/385
f 328/1/351 614/1/352 613/1/386 608/1/387
f 228/1/338 279/1/284 229/1/301 221/1/300
f 86/1/112 105/1/165 97/1/147 92/1/113
f 464/1/199 474/1/27 468/1/30 461/1/200
f 191/1/206 4/1/6 200/1/204
f 34/1/31 52/1/21 41/1/17 35/1/8
f 196/1/245 237/1/130 211/1/388 205/1/246
f 363/1/389 367/1/390 346/1/391 345/1/392
f 352/1/307 387/1/332 374/1/393 366/1/314
f 16/1/57 26/1/11 25/1/10 15/1/33
f 200/1/204 4/1/6 207/1/209
f 483/1/320 477/1/28 474/1/27 475/1/321
f 155/1/394 156/1/345 135/1/368 147/1/175
f 239/1/395 228/1/338 232/1/337 234/1/162
f 350/1/2 356/1/396 339/1/397 344/1/3
f 83/1/287 122/1/398 121/1/399 114/1/288
f 381/1/400 383/1/134 359/1/133 375/1/401
f 146/1/117 144/1/402 138/1/403 130/1/118
f 207/1/209 4/1/6 212/1/207
f 108/1/115 130/1/118 90/1/404 91/1/169
f 324/1/371 331/1/373 314/1/212 319/1/211
f 118/1/214 503/1/216 109/1/149 115/1/148
f 235/1/405 253/1/366 248/1/68 241/1/219
f 212/1/207 4/1/6 218/1/382
f 380/1/342 464/1/199 400/1/198 393/1/385
f 139/1/123 188/1/248 155/1/394 147/1/175
f 114/1/288 121/1/399 120/1/406 107/1/407
f 48/1/196 81/1/114 38/1/96 40/1/242
f 380/1/342 393/1/385 373/1/331 372/1/313
f 361/1/408 363/1/389 345/1/392 356/1/396
f 51/1/227 47/1/222 44/1/241 37/1/230
f 211/1/388 269/1/409 206/1/410 205/1/246
f 231/1/411 204/1/412 195/1/413 203/1/414
f 218/1/382 4/1/6 226/1/415
f 460/1/416 469/1/417 465/1/418 458/1/419
f 363/1/389 369/1/420 368/1/421 367/1/390
f 636/1/89 637/1/422 629/1/423 623/1/90
f 337/1/78 353/1/128 318/1/127 317/1/424
f 58/1/425 89/1/426 66/1/270 57/1/228
f 210/1/218 244/1/71 224/1/129 217/1/306
f 226/1/415 4/1/6 233/1/163
f 200/1/204 207/1/209 208/1/52 201/1/55
f 223/1/50 236/1/427 231/1/411 203/1/414
f 263/1/254 253/1/366 235/1/405 255/1/309
f 233/1/163 4/1/6 238/1/160
f 613/1/386 614/1/352 621/1/428 619/1/100
f 352/1/307 366/1/314 341/1/234 349/1/233
f 28/1/157 91/1/169 90/1/404 84/1/158
f 321/1/1 322/1/4 249/1/308 315/1/297
f 62/1/47 113/1/93 61/1/45 54/1/22
f 381/1/400 403/1/429 388/1/430 383/1/134
f 238/1/160 4/1/6 245/1/256
f 144/1/402 146/1/117 152/1/431 145/1/432
f 29/1/141 68/1/249 36/1/229 30/1/39
f 77/1/261 19/1/159 84/1/158 83/1/287
f 374/1/393 395/1/433 381/1/400 375/1/401
f 520/1/291 521/1/434 515/1/435 514/1/375
f 400/1/198 457/1/201 409/1/259 402/1/436
f 230/1/178 257/1/437 256/1/299 250/1/298
f 187/1/247 205/1/246 206/1/410 199/1/180
f 4/1/6 85/1/186 251/1/438
f 4/1/6 251/1/438 252/1/439
f 268/1/440 296/1/441 275/1/442 269/1/409
f 4/1/6 252/1/439 245/1/256
f 302/1/443 303/1/444 275/1/442 296/1/441
f 272/1/340 330/1/80 300/1/79 271/1/318
f 401/1/445 403/1/429 381/1/400 395/1/433
f 338/1/372 385/1/446 362/1/447 343/1/188
f 308/1/448 646/1/449 316/1/329 309/1/330
f 250/1/298 315/1/297 249/1/308 242/1/310
f 544/1/450 534/1/451 527/1/452 539/1/290
f 246/1/255 267/1/226 247/1/225 240/1/161
f 204/1/412 241/1/219 210/1/218 148/1/453
f 63/1/43 270/1/185 70/1/61 64/1/44
f 44/1/241 22/1/120 21/1/40 37/1/230
f 332/1/189 350/1/2 321/1/1 326/1/190
f 432/1/454 439/1/455 438/1/239 433/1/456
f 308/1/448 309/1/330 281/1/380 303/1/444
f 411/1/144 403/1/429 401/1/445 410/1/145
f 67/1/252 95/1/457 58/1/425 59/1/381
f 85/1/186 259/1/236 258/1/458 251/1/438
f 293/1/319 317/1/424 313/1/210 292/1/459
f 29/1/141 77/1/261 76/1/250 68/1/249
f 316/1/329 641/1/460 634/1/461 628/1/237
f 258/1/458 260/1/462 252/1/439 251/1/438
f 185/1/376 192/1/205 193/1/463 186/1/322
f 111/1/164 117/1/277 118/1/214 115/1/148
f 332/1/189 361/1/408 356/1/396 350/1/2
f 242/1/310 236/1/427 223/1/50 227/1/49
f 593/1/35 594/1/464 587/1/465 586/1/466
f 327/1/253 344/1/3 339/1/397 333/1/467
f 90/1/404 122/1/398 83/1/287 84/1/158
f 160/1/343 175/1/468 168/1/469 161/1/344
f 33/1/243 40/1/242 38/1/96 31/1/76
f 287/1/282 306/1/213 299/1/378 291/1/283
f 647/1/470 663/1/471 655/1/472 648/1/473
f 208/1/52 215/1/208 214/1/302 213/1/53
f 466/1/353 494/1/356 467/1/474 459/1/475
f 141/1/476 140/1/477 133/1/110 137/1/109
f 388/1/430 412/1/478 396/1/479 397/1/480
f 664/1/481 665/1/482 659/1/483 658/1/484
f 145/1/432 141/1/476 137/1/109 144/1/402
f 347/1/231 348/1/192 297/1/191 290/1/166
f 142/1/333 161/1/344 150/1/83 143/1/86
f 121/1/399 129/1/108 127/1/111 120/1/406
f 665/1/482 668/1/485 661/1/486 659/1/483
f 359/1/133 360/1/136 324/1/371 355/1/126
f 262/1/487 261/1/488 243/1/70 254/1/69
f 566/1/489 567/1/490 560/1/491 559/1/492
f 234/1/162 232/1/337 226/1/415 233/1/163
f 314/1/212 320/1/379 299/1/378 306/1/213
f 145/1/432 166/1/324 149/1/493 141/1/476
f 495/1/494 508/1/374 489/1/495 481/1/496
f 634/1/461 635/1/497 615/1/238 628/1/237
f 264/1/341 266/1/383 260/1/462 258/1/458
f 394/1/384 402/1/436 401/1/445 395/1/433
f 166/1/324 194/1/323 195/1/413 149/1/493
f 122/1/398 138/1/403 129/1/108 121/1/399
f 130/1/118 138/1/403 122/1/398 90/1/404
f 210/1/218 217/1/306 140/1/477 148/1/453
f 292/1/459 313/1/210 306/1/213 287/1/282
f 214/1/302 222/1/177 220/1/48 213/1/53
f 268/1/440 269/1/409 211/1/388 261/1/488
f 377/1/498 389/1/499 368/1/421 369/1/420
f 53/1/221 73/1/269 74/1/257 72/1/197
f 58/1/425 95/1/457 94/1/334 89/1/426
f 307/1/296 326/1/190 321/1/1 315/1/297
f 312/1/244 264/1/341 258/1/458 259/1/236
f 249/1/308 255/1/309 236/1/427 242/1/310
f 7/1/95 8/1/94 2/1/7 6/1/13
f 281/1/380 282/1/67 198/1/181 276/1/500
f 219/1/336 221/1/300 214/1/302 215/1/208
f 637/1/422 638/1/501 616/1/502 629/1/423
f 275/1/442 276/1/500 206/1/410 269/1/409
f 329/1/286 330/1/80 272/1/340 311/1/339
f 364/1/220 493/1/150 491/1/217 484/1/311
f 201/1/55 209/1/54 193/1/463 192/1/205
f 194/1/323 202/1/503 203/1/414 195/1/413
f 138/1/403 144/1/402 137/1/109 129/1/108
f 277/1/365 327/1/253 333/1/467
f 572/1/504 591/1/505 580/1/506 573/1/507
f 209/1/54 216/1/51 202/1/503 193/1/463
f 460/1/416 468/1/30 470/1/29 469/1/417
f 325/1/187 326/1/190 307/1/296 320/1/379
f 487/1/508 488/1/509 480/1/510 486/1/511
f 99/1/107 106/1/91 62/1/47 60/1/46
f 453/1/156 454/1/155 460/1/416 458/1/419
f 409/1/259 410/1/145 401/1/445 402/1/436
f 333/1/467 339/1/397 340/1/512
f 127/1/111 132/1/124 126/1/176 120/1/406
f 557/1/280 565/1/513 566/1/489 559/1/492
f 80/1/195 105/1/165 86/1/112 81/1/114
f 126/1/176 128/1/369 107/1/407 120/1/406
f 159/1/325 166/1/324 145/1/432 152/1/431
f 64/1/44 65/1/63 56/1/19 55/1/18
f 340/1/512 345/1/392 346/1/391
f 107/1/407 128/1/369 100/1/514 75/1/251
f 304/1/271 329/1/286 311/1/339 305/1/272
f 190/1/182 197/1/66 189/1/515 182/1/516
f 538/1/517 556/1/281 552/1/518 544/1/450
f 229/1/301 257/1/437 230/1/178 222/1/177
f 293/1/319 292/1/459 274/1/224 273/1/223
f 239/1/395 280/1/285 279/1/284 228/1/338
f 216/1/51 223/1/50 203/1/414 202/1/503
f 299/1/378 256/1/299 257/1/437 291/1/283
f 409/1/259 457/1/201 452/1/154 451/1/260
f 642/1/519 643/1/520 635/1/497 634/1/461
f 266/1/383 264/1/341 272/1/340 271/1/318
f 154/1/521 179/1/522 159/1/325 152/1/431
f 101/1/235 167/1/350 153/1/116 108/1/115
f 36/1/229 68/1/249 67/1/252 59/1/381
f 167/1/350 173/1/367 154/1/521 153/1/116
f 140/1/477 217/1/306 134/1/121 133/1/110
f 100/1/514 136/1/335 94/1/334 95/1/457
f 97/1/147 102/1/139 98/1/119 92/1/113
f 184/1/377 185/1/376 179/1/522 178/1/370
f 346/1/391 367/1/390 370/1/523
f 141/1/476 149/1/493 148/1/453 140/1/477
f 300/1/79 337/1/78 317/1/424 293/1/319
f 364/1/220 365/1/303 347/1/231 357/1/151
f 187/1/247 199/1/180 180/1/179 181/1/524
f 374/1/393 375/1/401 354/1/125 366/1/314
f 206/1/410 276/1/500 198/1/181 199/1/180
f 253/1/366 277/1/365 254/1/69 248/1/68
f 668/1/485 670/1/525 666/1/526 661/1/486
f 690/1/527 691/1/528 686/1/529 689/1/530
f 370/1/523 376/1/531 378/1/532
f 370/1/523 378/1/532 379/1/533
f 155/1/394 181/1/524 160/1/343 156/1/345
f 274/1/224 280/1/285 239/1/395 247/1/225
f 204/1/412 148/1/453 149/1/493 195/1/413
f 193/1/463 202/1/503 194/1/323 186/1/322
f 54/1/22 61/1/45 55/1/18 49/1/14
f 544/1/450 552/1/518 535/1/534 534/1/451
f 653/1/535 660/1/536 647/1/470 645/1/537
f 399/1/538 431/1/539 429/1/540 423/1/541
f 672/1/542 676/1/543 673/1/544 671/1/545
f 379/1/533 378/1/532 386/1/546
f 445/1/547 448/1/317 446/1/316 441/1/548
f 452/1/154 449/1/153 448/1/317 451/1/260
f 386/1/546 390/1/549 391/1/550
f 386/1/546 378/1/532 392/1/551
f 386/1/546 392/1/551 390/1/549
f 461/1/200 468/1/30 460/1/416 454/1/155
f 312/1/244 265/1/202 305/1/272 311/1/339
f 616/1/502 617/1/552 611/1/553 610/1/554
f 426/1/555 433/1/456 434/1/556 427/1/557
f 377/1/498 397/1/480 396/1/479 389/1/499
f 391/1/550 390/1/549 398/1/558
f 392/1/551 399/1/538 390/1/549
f 394/1/384 395/1/433 374/1/393 387/1/332
f 160/1/343 181/1/524 180/1/179 175/1/468
f 318/1/127 319/1/211 313/1/210 317/1/424
f 235/1/405 241/1/219 204/1/412 231/1/411
f 398/1/558 390/1/549 404/1/559
f 398/1/558 404/1/559 405/1/560
f 398/1/558 405/1/560 406/1/561
f 390/1/549 399/1/538 407/1/562
f 390/1/549 407/1/562 408/1/563
f 390/1/549 408/1/563 404/1/559
f 404/1/559 408/1/563 405/1/560
f 51/1/227 59/1/381 58/1/425 57/1/228
f 226/1/415 232/1/337 219/1/336 218/1/382
f 376/1/531 370/1/523 367/1/390 368/1/421
f 275/1/442 303/1/444 281/1/380 276/1/500
f 406/1/561 405/1/560 413/1/564
f 405/1/560 408/1/563 414/1/565
f 405/1/560 415/1/566 413/1/564
f 405/1/560 414/1/565 415/1/566
f 407/1/562 399/1/538 416/1/567
f 407/1/562 417/1/568 408/1/563
f 407/1/562 416/1/567 417/1/568
f 408/1/563 418/1/569 414/1/565
f 408/1/563 417/1/568 418/1/569
f 414/1/565 418/1/569 415/1/566
f 252/1/439 260/1/462 246/1/255 245/1/256
f 444/1/570 447/1/571 443/1/25 442/1/24
f 446/1/316 450/1/315 447/1/571 444/1/570
f 301/1/572 669/1/573 657/1/574 662/1/575
f 416/1/567 399/1/538 423/1/541
f 384/1/576 431/1/539 378/1/532 376/1/531
f 416/1/567 425/1/577 417/1/568
f 424/1/578 425/1/577 416/1/567 423/1/541
f 388/1/430 397/1/480 382/1/135 383/1/134
f 418/1/569 427/1/557 415/1/566
f 649/1/579 650/1/580 643/1/520 642/1/519
f 302/1/443 654/1/581 308/1/448 303/1/444
f 426/1/555 427/1/557 418/1/569 417/1/568
f 254/1/69 277/1/365 283/1/582 262/1/487
f 431/1/539 399/1/538 392/1/551 378/1/532
f 429/1/540 431/1/539 384/1/576 422/1/583
f 659/1/483 653/1/535 652/1/584 658/1/484
f 723/1/585 724/1/586 708/1/587 721/1/588
f 426/1/555 432/1/454 433/1/456
f 489/1/495 490/1/589 482/1/590 481/1/496
f 427/1/557 434/1/556 415/1/566
f 415/1/566 435/1/23 436/1/26
f 415/1/566 434/1/556 437/1/240
f 415/1/566 437/1/240 435/1/23
f 316/1/329 646/1/449 645/1/537 641/1/460
f 438/1/239 439/1/455 444/1/570 442/1/24
f 302/1/443 662/1/575 657/1/574 654/1/581
f 685/1/591 688/1/592 686/1/529 683/1/73
f 657/1/574 658/1/484 652/1/584 654/1/581
f 146/1/117 153/1/116 154/1/521 152/1/431
f 19/1/159 20/1/132 11/1/131 18/1/146
f 339/1/397 356/1/396 345/1/392 340/1/512
f 411/1/144 412/1/478 388/1/430 403/1/429
f 702/1/593 707/1/594 703/1/595 698/1/596
f 419/1/142 445/1/547 428/1/597 421/1/143
f 425/1/577 432/1/454 426/1/555 417/1/568
f 362/1/447 369/1/420 363/1/389 361/1/408
f 332/1/189 343/1/188 362/1/447 361/1/408
f 266/1/383 267/1/226 246/1/255 260/1/462
f 538/1/517 544/1/450 539/1/290 533/1/289
f 323/1/65 328/1/351 189/1/515 197/1/66
f 622/1/598 621/1/428 614/1/352 615/1/238
f 101/1/235 108/1/115 91/1/169 96/1/168
f 67/1/252 75/1/251 100/1/514 95/1/457
f 328/1/351 608/1/387 183/1/599 189/1/515
f 180/1/179 190/1/182 182/1/516 175/1/468
f 182/1/516 189/1/515 183/1/599 176/1/600
f 354/1/125 375/1/401 359/1/133 355/1/126
f 627/1/601 626/1/328 621/1/428 622/1/598
f 183/1/599 608/1/387 606/1/602 599/1/263
f 12/1/105 22/1/120 33/1/243 24/1/58
f 619/1/100 620/1/103 612/1/603 613/1/386
f 175/1/468 182/1/516 176/1/600 168/1/469
f 183/1/599 599/1/263 174/1/262 176/1/600
f 638/1/501 639/1/327 633/1/326 630/1/604
f 626/1/328 627/1/601 631/1/605 633/1/326
f 66/1/270 73/1/269 53/1/221 57/1/228
f 168/1/469 176/1/600 174/1/262 169/1/606
f 589/1/363 651/1/88 598/1/87 591/1/505
f 80/1/195 112/1/258 111/1/164 105/1/165
f 174/1/262 177/1/265 157/1/607 169/1/606
f 185/1/376 186/1/322 159/1/325 179/1/522
f 630/1/604 633/1/326 631/1/605 624/1/608
f 168/1/469 169/1/606 150/1/83 161/1/344
f 47/1/222 48/1/196 40/1/242 44/1/241
f 150/1/83 169/1/606 157/1/607 151/1/84
f 157/1/607 177/1/265 162/1/609 158/1/294
f 564/1/610 565/1/513 557/1/280 558/1/279
f 314/1/212 331/1/373 325/1/187 320/1/379
f 632/1/101 639/1/327 640/1/611 625/1/102
f 617/1/552 630/1/604 624/1/608 618/1/612
f 94/1/334 143/1/86 88/1/85 89/1/426
f 76/1/250 114/1/288 107/1/407 75/1/251
f 66/1/270 89/1/426 88/1/85 87/1/99
f 179/1/522 154/1/521 173/1/367 178/1/370
f 637/1/422 640/1/611 639/1/327 638/1/501
f 616/1/502 638/1/501 630/1/604 617/1/552
f 490/1/589 489/1/495 496/1/613
f 157/1/607 158/1/294 93/1/98 151/1/84
f 155/1/394 188/1/248 187/1/247 181/1/524
f 612/1/603 620/1/103 604/1/614 603/1/615
f 164/1/616 542/1/617 541/1/618 536/1/360
f 620/1/103 625/1/102 605/1/619 604/1/614
f 651/1/88 596/1/620 644/1/621 636/1/89
f 476/1/622 511/1/623 507/1/624 506/1/625
f 606/1/602 612/1/603 603/1/615 607/1/626
f 606/1/602 607/1/626 585/1/264 599/1/263
f 604/1/614 605/1/619 597/1/627 595/1/628
f 546/1/629 547/1/630 541/1/618 542/1/617
f 585/1/264 607/1/626 577/1/631 579/1/632
f 504/1/633 537/1/634 500/1/635 499/1/355
f 432/1/454 440/1/636 441/1/548 439/1/455
f 578/1/637 603/1/615 604/1/614 595/1/628
f 562/1/638 569/1/639 571/1/640 563/1/641
f 577/1/631 607/1/626 603/1/615 578/1/637
f 162/1/609 579/1/632 170/1/642 163/1/643
f 496/1/613 514/1/375 515/1/435
f 478/1/173 479/1/644 470/1/29 477/1/28
f 131/1/295 165/1/645 124/1/274 125/1/273
f 605/1/619 644/1/621 596/1/620 597/1/627
f 553/1/646 554/1/647 531/1/648 525/1/649
f 609/1/37 610/1/554 602/1/650 601/1/34
f 609/1/37 629/1/423 616/1/502 610/1/554
f 515/1/435 521/1/434 522/1/651
f 549/1/652 575/1/653 564/1/610 558/1/279
f 171/1/359 172/1/275 124/1/274 165/1/645
f 162/1/609 163/1/643 131/1/295 158/1/294
f 563/1/641 582/1/654 555/1/655 554/1/647
f 285/1/184 305/1/272 265/1/202 270/1/185
f 521/1/434 527/1/452 522/1/651
f 429/1/540 430/1/656 424/1/578 423/1/541
f 530/1/657 550/1/658 543/1/659 537/1/634
f 583/1/361 575/1/653 555/1/655 582/1/654
f 487/1/508 516/1/660 495/1/494 488/1/509
f 596/1/620 651/1/88 589/1/363 590/1/362
f 623/1/90 629/1/423 609/1/37 600/1/36
f 528/1/661 534/1/451 535/1/534
f 236/1/427 255/1/309 235/1/405 231/1/411
f 598/1/87 623/1/90 600/1/36 592/1/662
f 536/1/360 541/1/618 529/1/357 523/1/349
f 170/1/642 570/1/663 546/1/629 542/1/617
f 485/1/347 518/1/346 513/1/358 511/1/623
f 595/1/628 597/1/627 588/1/664 571/1/640
f 588/1/664 597/1/627 596/1/620 590/1/362
f 478/1/173 498/1/172 485/1/347 479/1/644
f 592/1/662 600/1/36 593/1/35 586/1/466
f 513/1/358 529/1/357 519/1/665 512/1/666
f 541/1/618 547/1/630 519/1/665 529/1/357
f 164/1/616 536/1/360 171/1/359 165/1/645
f 164/1/616 165/1/645 131/1/295 163/1/643
f 341/1/234 353/1/128 337/1/78 335/1/81
f 162/1/609 177/1/265 585/1/264 579/1/632
f 598/1/87 592/1/662 580/1/506 591/1/505
f 580/1/506 592/1/662 586/1/466 581/1/667
f 546/1/629 570/1/663 569/1/639 562/1/638
f 547/1/630 553/1/646 525/1/649 519/1/665
f 562/1/638 563/1/641 554/1/647 553/1/646
f 577/1/631 578/1/637 569/1/639 570/1/663
f 494/1/356 499/1/355 500/1/635 486/1/511
f 198/1/181 282/1/67 197/1/66 190/1/182
f 589/1/363 591/1/505 572/1/504 584/1/364
f 573/1/507 580/1/506 581/1/667 574/1/668
f 535/1/534 560/1/491 561/1/669
f 578/1/637 595/1/628 571/1/640 569/1/639
f 555/1/655 548/1/670 531/1/648 554/1/647
f 583/1/361 584/1/364 564/1/610 575/1/653
f 564/1/610 584/1/364 572/1/504 565/1/513
f 572/1/504 573/1/507 566/1/489 565/1/513
f 566/1/489 573/1/507 574/1/668 567/1/490
f 560/1/491 567/1/490 568/1/671
f 560/1/491 568/1/671 561/1/669
f 519/1/665 525/1/649 509/1/672 512/1/666
f 525/1/649 531/1/648 510/1/673 509/1/672
f 483/1/320 492/1/174 478/1/173 477/1/28
f 123/1/276 524/1/348 502/1/293 517/1/215
f 3/1/106 14/1/56 5/1/12 1/1/5
f 567/1/490 574/1/668 568/1/671
f 568/1/671 574/1/668 576/1/674
f 513/1/358 512/1/666 507/1/624 511/1/623
f 507/1/624 512/1/666 509/1/672 505/1/675
f 505/1/675 509/1/672 510/1/673 504/1/633
f 557/1/280 559/1/492 552/1/518 556/1/281
f 382/1/135 397/1/480 377/1/498 385/1/446
f 574/1/668 581/1/667 576/1/674
f 555/1/655 575/1/653 549/1/652 548/1/670
f 588/1/664 590/1/362 583/1/361 582/1/654
f 636/1/89 644/1/621 640/1/611 637/1/422
f 485/1/347 511/1/623 476/1/622 479/1/644
f 470/1/29 479/1/644 476/1/622 469/1/417
f 641/1/460 648/1/473 642/1/519 634/1/461
f 581/1/667 586/1/466 587/1/465
f 549/1/652 550/1/658 530/1/657 548/1/670
f 531/1/648 548/1/670 530/1/657 510/1/673
f 82/1/268 125/1/273 124/1/274 119/1/266
f 549/1/652 558/1/279 551/1/278 550/1/658
f 527/1/452 534/1/451 528/1/661 522/1/651
f 240/1/161 247/1/225 239/1/395 234/1/162
f 530/1/657 537/1/634 504/1/633 510/1/673
f 563/1/641 571/1/640 588/1/664 582/1/654
f 551/1/278 545/1/676 543/1/659 550/1/658
f 613/1/386 612/1/603 606/1/602 608/1/387
f 551/1/278 556/1/281 538/1/517 545/1/676
f 46/1/82 60/1/46 52/1/21 34/1/31
f 594/1/464 593/1/35 601/1/34
f 594/1/464 601/1/34 602/1/650
f 507/1/624 505/1/675 501/1/354 506/1/625
f 505/1/675 504/1/633 499/1/355 501/1/354
f 640/1/611 644/1/621 605/1/619 625/1/102
f 543/1/659 540/1/677 500/1/635 537/1/634
f 476/1/622 506/1/625 465/1/418 469/1/417
f 274/1/224 292/1/459 287/1/282 280/1/285
f 465/1/418 506/1/625 501/1/354 466/1/353
f 520/1/291 539/1/290 527/1/452 521/1/434
f 626/1/328 632/1/101 619/1/100 621/1/428
f 602/1/650 610/1/554 611/1/553
f 170/1/642 542/1/617 164/1/616 163/1/643
f 465/1/418 466/1/353 459/1/475 458/1/419
f 459/1/475 455/1/678 453/1/156 458/1/419
f 453/1/156 455/1/678 450/1/315 449/1/153
f 42/1/16 43/1/9 35/1/8 41/1/17
f 508/1/374 514/1/375 496/1/613 489/1/495
f 400/1/198 402/1/436 394/1/384 393/1/385
f 611/1/553 617/1/552 618/1/612
f 134/1/121 132/1/124 127/1/111 133/1/110
f 170/1/642 579/1/632 577/1/631 570/1/663
f 459/1/475 467/1/474 462/1/679 455/1/678
f 675/1/680 677/1/680 672/1/680 674/1/680
f 338/1/372 343/1/188 325/1/187 331/1/373
f 657/1/574 669/1/573 664/1/481 658/1/484
f 467/1/474 494/1/356 486/1/511 480/1/510
f 467/1/474 480/1/510 471/1/681 462/1/679
f 262/1/487 289/1/682 268/1/440 261/1/488
f 368/1/421 389/1/499 384/1/576 376/1/531
f 660/1/536 667/1/683 663/1/471 647/1/470
f 480/1/510 488/1/509 472/1/684 471/1/681
f 294/1/685 662/1/575 302/1/443 296/1/441
f 441/1/548 446/1/316 444/1/570 439/1/455
f 532/1/686 533/1/289 526/1/292 516/1/660
f 532/1/686 545/1/676 538/1/517 533/1/289
f 516/1/660 526/1/292 508/1/374 495/1/494
f 243/1/70 261/1/488 211/1/388 237/1/130
f 488/1/509 495/1/494 481/1/496 472/1/684
f 500/1/635 540/1/677 487/1/508 486/1/511
f 229/1/301 279/1/284 291/1/283 257/1/437
f 487/1/508 540/1/677 532/1/686 516/1/660
f 135/1/368 136/1/335 100/1/514 128/1/369
f 362/1/447 385/1/446 377/1/498 369/1/420
f 385/1/446 338/1/372 360/1/136 382/1/135
f 543/1/659 545/1/676 532/1/686 540/1/677
f 462/1/679 471/1/681 463/1/687 456/1/688
f 428/1/597 445/1/547 441/1/548 440/1/636
f 428/1/597 440/1/636 424/1/578 430/1/656
f 652/1/584 653/1/535 645/1/537 646/1/449
f 666/1/526 667/1/683 660/1/536 661/1/486
f 428/1/597 430/1/656 420/1/689 421/1/143
f 648/1/473 655/1/472 649/1/579 642/1/519
f 649/1/579 655/1/472 656/1/690
f 649/1/579 656/1/690 650/1/580
f 308/1/448 654/1/581 652/1/584 646/1/449
f 420/1/689 422/1/583 396/1/479 412/1/478
f 662/1/575 294/1/685 295/1/691 301/1/572
f 686/1/529 688/1/592 693/1/692 689/1/530
f 481/1/496 482/1/590 473/1/693 472/1/684
f 288/1/694 295/1/691 294/1/685 289/1/682
f 655/1/472 663/1/471 656/1/690
f 647/1/470 648/1/473 641/1/460 645/1/537
f 653/1/535 659/1/483 661/1/486 660/1/536
f 420/1/689 430/1/656 429/1/540 422/1/583
f 396/1/479 422/1/583 384/1/576 389/1/499
f 472/1/684 473/1/693 463/1/687 471/1/681
f 663/1/471 667/1/683 656/1/690
f 666/1/526 656/1/690 667/1/683
f 697/1/695 698/1/596 691/1/528 696/1/696
f 666/1/526 670/1/525 656/1/690
f 455/1/678 462/1/679 456/1/688 450/1/315
f 671/1/545 674/1/697 672/1/542
f 419/1/142 451/1/260 448/1/317 445/1/547
f 673/1/544 676/1/543 678/1/698
f 675/1/699 679/1/75 677/1/74
f 676/1/543 680/1/700 678/1/698
f 676/1/701 681/1/701 680/1/701
f 9/1/20 11/1/131 7/1/95 6/1/13
f 680/1/702 681/1/703 684/1/704
f 682/1/72 685/1/591 683/1/73
f 438/1/239 437/1/240 434/1/556 433/1/456
f 684/1/704 681/1/703 687/1/705
f 559/1/492 560/1/491 535/1/534 552/1/518
f 686/1/706 691/1/706 692/1/706
f 695/1/707 696/1/696 691/1/528 690/1/527
f 687/1/705 681/1/703 694/1/708
f 424/1/578 440/1/636 432/1/454 425/1/577
f 294/1/685 296/1/441 268/1/440 289/1/682
f 693/1/692 699/1/709 689/1/530
f 694/1/708 681/1/703 700/1/710
f 695/1/707 690/1/527 701/1/711
f 697/1/695 702/1/593 698/1/596
f 411/1/144 421/1/143 420/1/689 412/1/478
f 699/1/709 704/1/712 689/1/530
f 700/1/710 681/1/703 705/1/713
f 701/1/711 690/1/527 706/1/714
f 703/1/595 707/1/594 708/1/715
f 704/1/712 709/1/716 689/1/530
f 689/1/530 709/1/716 710/1/717
f 689/1/718 710/1/719 711/1/720
f 689/1/718 711/1/720 712/1/721
f 689/1/530 712/1/722 690/1/527
f 705/1/713 681/1/703 713/1/723
f 706/1/714 690/1/527 714/1/724
f 707/1/725 715/1/726 708/1/727
f 712/1/728 716/1/729 690/1/730
f 713/1/723 681/1/703 717/1/731
f 716/1/729 718/1/732 690/1/730
f 714/1/724 690/1/527 718/1/733
f 715/1/726 719/1/734 708/1/727
f 717/1/731 681/1/703 720/1/735
f 719/1/736 721/1/588 708/1/587
f 720/1/735 681/1/703 722/1/737
f 288/1/694 289/1/682 262/1/487 283/1/582
f 722/1/737 681/1/703 725/1/738
f 723/1/585 726/1/739 724/1/586
f 724/1/586 726/1/739 727/1/740
f 724/1/586 727/1/740 681/1/741
f 725/1/738 681/1/703 728/1/742
f 727/1/743 729/1/744 681/1/745
f 728/1/746 681/1/745 730/1/747
f 729/1/744 731/1/748 681/1/745
f 730/1/747 681/1/745 732/1/749
f 731/1/748 733/1/750 681/1/745
f 732/1/749 681/1/745 734/1/751
f 733/1/750 735/1/752 681/1/745
f 734/1/751 681/1/745 736/1/753
f 681/1/745 737/1/754 736/1/753
f 735/1/752 737/1/754 681/1/745
f 546/1/629 562/1/638 553/1/646 547/1/630
f 1058/1/755 1059/1/756 1081/1/757 1087/1/758
f 738/1/759 739/1/760 741/1/761
f 772/1/762 763/1/763 762/1/764 780/1/765
f 738/1/759 741/1/761 742/1/766
f 739/1/760 743/1/767 741/1/761
f 786/1/768 778/1/769 779/1/770 787/1/771
f 786/1/768 787/1/771 793/1/772 792/1/773
f 743/1/767 746/1/774 741/1/761
f 789/1/775 778/1/769 786/1/768 791/1/776
f 1172/1/777 1173/1/778 1180/1/779 1179/1/780
f 1211/1/781 1205/1/782 1207/1/783 1214/1/784
f 771/1/785 769/1/786 763/1/763 772/1/762
f 742/1/766 741/1/761 752/1/787
f 1338/1/788 1346/1/789 1337/1/790 1330/1/791
f 746/1/774 754/1/792 741/1/761
f 767/1/793 747/1/794 750/1/795 758/1/796
f 800/1/797 798/1/798 792/1/773 801/1/799
f 797/1/800 789/1/775 791/1/776 799/1/801
f 957/1/802 953/1/803 960/1/804 964/1/805
f 945/1/806 938/1/807 946/1/808 950/1/809
f 742/1/766 752/1/787 753/1/810 751/1/811
f 752/1/787 741/1/761 762/1/764
f 751/1/811 753/1/810 760/1/812 761/1/813
f 754/1/792 764/1/814 741/1/761
f 801/1/799 802/1/815 808/1/816 807/1/817
f 1047/1/818 1019/1/819 934/1/820 1060/1/821
f 985/1/822 981/1/823 980/1/824 991/1/825
f 1419/1/826 1416/1/827 1414/1/828 1420/1/829
f 768/1/830 760/1/812 769/1/786 776/1/831
f 1074/1/832 1072/1/833 1067/1/834 1037/1/835
f 776/1/831 769/1/786 771/1/785 783/1/836
f 887/1/837 880/1/838 825/1/839 888/1/840
f 1335/1/841 1360/1/842 1373/1/843 1388/1/844
f 843/1/845 799/1/801 850/1/846 1023/1/847
f 747/1/794 744/1/848 745/1/849 750/1/795
f 775/1/850 768/1/830 776/1/831 782/1/851
f 825/1/839 824/1/852 830/1/853 888/1/840
f 1356/1/854 1357/1/855 1362/1/856 1369/1/857
f 782/1/851 776/1/831 783/1/836 806/1/858
f 745/1/849 740/1/859 749/1/860 750/1/795
f 739/1/760 738/1/759 740/1/859 745/1/849
f 780/1/765 741/1/761 779/1/770
f 780/1/765 762/1/764 741/1/761
f 806/1/858 783/1/836 797/1/800 836/1/861
f 866/1/862 864/1/863 870/1/864 874/1/865
f 782/1/851 806/1/858 829/1/866 823/1/867
f 823/1/867 818/1/868 775/1/850 782/1/851
f 845/1/869 867/1/870 883/1/871 890/1/872
f 779/1/770 741/1/761 787/1/771
f 835/1/873 829/1/866 806/1/858 836/1/861
f 759/1/874 758/1/796 750/1/795 749/1/860
f 871/1/875 869/1/876 876/1/877 962/1/878
f 1091/1/879 1090/1/880 1055/1/881 1092/1/882
f 961/1/883 974/1/884 980/1/824 981/1/823
f 748/1/885 744/1/848 747/1/794 757/1/886
f 1096/1/887 1097/1/888 1119/1/889 1120/1/890
f 787/1/771 741/1/761 793/1/772
f 840/1/891 839/1/892 835/1/873 841/1/893
f 841/1/893 835/1/873 836/1/861 843/1/845
f 850/1/846 798/1/798 800/1/797 1015/1/894
f 767/1/793 766/1/895 757/1/886 747/1/794
f 1156/1/896 1147/1/897 1148/1/898 1158/1/899
f 755/1/900 754/1/792 746/1/774 748/1/885
f 793/1/772 741/1/761 802/1/815
f 834/1/901 839/1/892 846/1/902 852/1/903
f 846/1/902 839/1/892 840/1/891 1230/1/904
f 840/1/891 841/1/893 847/1/905 1094/1/906
f 1023/1/847 847/1/905 841/1/893 843/1/845
f 1186/1/907 1190/1/908 1191/1/909 1189/1/910
f 765/1/911 755/1/900 756/1/912 821/1/913
f 975/1/914 970/1/915 971/1/916 977/1/917
f 802/1/815 741/1/761 808/1/816
f 848/1/918 842/1/919 834/1/901 852/1/903
f 1023/1/847 1021/1/920 1027/1/921 847/1/905
f 850/1/846 1015/1/894 1021/1/920 1023/1/847
f 764/1/814 765/1/911 828/1/922 833/1/923
f 808/1/816 741/1/761 816/1/924
f 1234/1/925 1229/1/926 1215/1/927 1235/1/928
f 876/1/877 869/1/876 863/1/929 884/1/930
f 959/1/931 957/1/802 964/1/805 967/1/932
f 917/1/933 927/1/934 935/1/935 936/1/936
f 1021/1/920 1015/1/894 1022/1/937 1035/1/938
f 1015/1/894 800/1/797 1007/1/939 1022/1/937
f 816/1/924 741/1/761 822/1/940
f 1062/1/941 1063/1/942 1069/1/943 1080/1/944
f 1034/1/945 1073/1/946 1079/1/947 1085/1/948
f 817/1/949 809/1/950 785/1/951 818/1/868
f 1137/1/952 1194/1/953 1198/1/954 1201/1/955
f 807/1/817 815/1/956 1002/1/957 1007/1/939
f 937/1/958 928/1/959 929/1/960 938/1/807
f 949/1/961 944/1/962 945/1/806 952/1/963
f 1050/1/964 1043/1/965 1051/1/966 1056/1/967
f 855/1/968 1240/1/969 1234/1/925 1254/1/970
f 1240/1/969 1228/1/971 1229/1/926 1234/1/925
f 985/1/822 978/1/972 947/1/973 981/1/823
f 840/1/891 1094/1/906 1101/1/974 1230/1/904
f 764/1/814 833/1/923 741/1/761
f 790/1/975 784/1/976 785/1/951 809/1/950
f 1010/1/977 1004/1/978 984/1/979 1011/1/980
f 788/1/981 784/1/976 790/1/975 794/1/982
f 767/1/793 758/1/796 774/1/983 773/1/984
f 847/1/905 1027/1/921 1084/1/985 1094/1/906
f 1071/1/986 1072/1/833 1078/1/987 1086/1/988
f 833/1/923 838/1/989 741/1/761
f 815/1/956 816/1/924 822/1/940 996/1/990
f 1047/1/818 1060/1/821 1352/1/991 1365/1/992
f 1175/1/993 1174/1/994 1172/1/777 1179/1/780
f 759/1/874 770/1/995 777/1/996 781/1/997
f 1034/1/945 1027/1/921 1021/1/920 1035/1/938
f 1002/1/957 815/1/956 996/1/990 1049/1/998
f 933/1/999 925/1/1000 924/1/1001 942/1/1002
f 805/1/1003 804/1/1004 812/1/1005 813/1/1006
f 1059/1/756 1000/1/1007 1064/1/1008 1081/1/757
f 983/1/1009 982/1/1010 975/1/914 977/1/917
f 760/1/812 753/1/810 763/1/763 769/1/786
f 811/1/1011 809/1/950 817/1/949 849/1/1012
f 1146/1/1013 1147/1/897 1156/1/896 1188/1/1014
f 756/1/912 757/1/886 766/1/895 814/1/1015
f 911/1/1016 914/1/1017 1322/1/1018 1336/1/1019
f 811/1/1011 849/1/1012 853/1/1020 856/1/1021
f 819/1/1022 810/1/1023 811/1/1011 856/1/1021
f 803/1/1024 810/1/1023 819/1/1022 824/1/852
f 1041/1/1025 1073/1/946 1034/1/945 1035/1/938
f 1041/1/1025 1035/1/938 1022/1/937 1042/1/1026
f 830/1/853 824/1/852 819/1/1022 862/1/1027
f 861/1/1028 856/1/1021 853/1/1020 909/1/1029
f 860/1/1030 854/1/1031 855/1/968 1254/1/970
f 1288/1/1032 1293/1/1033 1294/1/1034 1295/1/1035
f 1024/1/1036 1017/1/1037 1016/1/1038 1028/1/1039
f 1041/1/1025 1066/1/1040 1071/1/986 1073/1/946
f 1079/1/947 1073/1/946 1071/1/986 1086/1/988
f 820/1/1041 814/1/1015 813/1/1006 851/1/1042
f 1270/1/1043 1263/1/1044 1257/1/1045 1276/1/1046
f 1234/1/925 1235/1/928 1239/1/1047 1254/1/970
f 830/1/853 862/1/1027 868/1/1048 895/1/1049
f 1044/1/1050 993/1/1051 987/1/1052 1052/1/1053
f 958/1/1054 951/1/1055 959/1/931 966/1/1056
f 1084/1/985 1085/1/948 1088/1/1057 1102/1/1058
f 1088/1/1057 1085/1/948 1079/1/947 1095/1/1059
f 961/1/883 954/1/1060 871/1/875 962/1/878
f 1079/1/947 1086/1/988 1089/1/1061 1095/1/1059
f 1066/1/1040 1067/1/834 1072/1/833 1071/1/986
f 986/1/1062 992/1/1063 1000/1/1007 1059/1/756
f 979/1/1064 987/1/1052 967/1/932 964/1/805
f 1101/1/974 1102/1/1058 1108/1/1065 1221/1/1066
f 1108/1/1065 1102/1/1058 1088/1/1057 1109/1/1067
f 1078/1/987 1090/1/880 1091/1/879 1103/1/1068
f 1186/1/907 1185/1/1069 1183/1/1070 1187/1/1071
f 961/1/883 962/1/878 933/1/999 974/1/884
f 950/1/809 946/1/808 953/1/803 957/1/802
f 1010/1/977 1030/1/1072 1037/1/835 1008/1/1073
f 1228/1/971 1221/1/1066 1220/1/1074 1229/1/926
f 1108/1/1065 1212/1/1075 1220/1/1074 1221/1/1066
f 923/1/1076 896/1/1077 903/1/1078 931/1/1079
f 1370/1/1080 1363/1/1081 1369/1/857 1376/1/1082
f 1053/1/1083 1046/1/1084 1047/1/818 1365/1/992
f 1110/1/1085 1095/1/1059 1089/1/1061 1124/1/1086
f 1110/1/1085 1109/1/1067 1088/1/1057 1095/1/1059
f 879/1/1087 873/1/1088 831/1/1089 880/1/838
f 853/1/1020 849/1/1012 848/1/918 854/1/1031
f 956/1/1090 958/1/1054 965/1/1091 969/1/1092
f 1049/1/998 1001/1/1093 1009/1/1094 1048/1/1095
f 1108/1/1065 1109/1/1067 1117/1/1096 1212/1/1075
f 897/1/1097 893/1/1098 879/1/1087 898/1/1099
f 909/1/1029 853/1/1020 854/1/1031 860/1/1030
f 1239/1/1047 1235/1/928 1222/1/1100 1255/1/1101
f 1239/1/1047 1255/1/1101 1260/1/1102 1261/1/1103
f 838/1/989 904/1/1104 741/1/761
f 1065/1/1105 1351/1/1106 1352/1/991 1060/1/821
f 1117/1/1096 1201/1/955 1211/1/781 1212/1/1075
f 1203/1/1107 1231/1/1108 1236/1/1109 1238/1/1110
f 1260/1/1102 1255/1/1101 1250/1/1111 1266/1/1112
f 908/1/1113 909/1/1029 860/1/1030 1261/1/1103
f 908/1/1113 1261/1/1103 1260/1/1102 1273/1/1114
f 1320/1/1115 1321/1/1116 1326/1/1117 1327/1/1118
f 1000/1/1007 990/1/1119 1014/1/1120 1064/1/1008
f 904/1/1104 910/1/1121 741/1/761
f 863/1/929 865/1/1122 872/1/1123 884/1/930
f 749/1/860 740/1/859 751/1/811 761/1/813
f 962/1/878 876/1/877 925/1/1000 933/1/999
f 910/1/1121 915/1/1124 741/1/761
f 1061/1/1125 1068/1/1126 1075/1/1127 1097/1/888
f 1245/1/1128 1251/1/1129 1257/1/1045 1263/1/1044
f 929/1/960 928/1/959 921/1/1130 922/1/1131
f 846/1/902 1230/1/904 1228/1/971 1240/1/969
f 1036/1/1132 993/1/1051 1044/1/1050 1057/1/1133
f 1055/1/881 1056/1/967 1061/1/1125 1092/1/882
f 915/1/1124 921/1/1130 741/1/761
f 1018/1/1134 1019/1/819 1047/1/818 1046/1/1084
f 788/1/981 796/1/1135 773/1/984 774/1/983
f 761/1/813 760/1/812 768/1/830 770/1/995
f 872/1/1123 873/1/1088 879/1/1087 893/1/1098
f 1194/1/953 1189/1/910 1191/1/909 1198/1/954
f 921/1/1130 928/1/959 741/1/761
f 956/1/1090 955/1/1136 949/1/961 952/1/963
f 815/1/956 807/1/817 808/1/816 816/1/924
f 1008/1/1073 1003/1/1137 1004/1/978 1010/1/977
f 764/1/814 754/1/792 755/1/900 765/1/911
f 1131/1/1138 1130/1/1139 1110/1/1085 1124/1/1086
f 1065/1/1105 1345/1/1140 1350/1/1141 1351/1/1106
f 965/1/1091 958/1/1054 966/1/1056 1016/1/1038
f 823/1/867 829/1/866 834/1/901 842/1/919
f 1201/1/955 1198/1/954 1205/1/782 1211/1/781
f 928/1/959 937/1/958 741/1/761
f 771/1/785 772/1/762 778/1/769 789/1/775
f 933/1/999 942/1/1002 948/1/1142 974/1/884
f 1100/1/1143 1082/1/1144 1083/1/1145 1104/1/1146
f 1089/1/1061 1103/1/1068 1111/1/1147 1124/1/1086
f 753/1/810 752/1/787 762/1/764 763/1/763
f 937/1/958 944/1/962 741/1/761
f 1220/1/1074 1212/1/1075 1211/1/781 1214/1/784
f 892/1/1148 884/1/930 872/1/1123 893/1/1098
f 976/1/1149 971/1/916 969/1/1092 965/1/1091
f 1087/1/758 1081/1/757 1076/1/1150 1093/1/1151
f 820/1/1041 851/1/1042 858/1/1152 859/1/1153
f 1118/1/1154 1112/1/1155 1096/1/887 1120/1/890
f 883/1/871 867/1/870 875/1/1156 881/1/1157
f 944/1/962 949/1/961 741/1/761
f 845/1/869 828/1/922 827/1/1158 867/1/870
f 1061/1/1125 1056/1/967 1051/1/966 1068/1/1126
f 855/1/968 852/1/903 846/1/902 1240/1/969
f 972/1/1159 978/1/972 985/1/822 990/1/1119
f 949/1/961 955/1/1136 741/1/761
f 1117/1/1096 1130/1/1139 1137/1/952 1201/1/955
f 876/1/877 884/1/930 892/1/1148 925/1/1000
f 851/1/1042 844/1/1160 857/1/1161 858/1/1152
f 785/1/951 777/1/996 775/1/850 818/1/868
f 1117/1/1096 1109/1/1067 1110/1/1085 1130/1/1139
f 1098/1/1162 1093/1/1151 1082/1/1144 1100/1/1143
f 788/1/981 774/1/983 781/1/997 784/1/976
f 948/1/1142 942/1/1002 943/1/1163 1006/1/1164
f 968/1/1165 940/1/1166 932/1/1167 941/1/1168
f 955/1/1136 963/1/1169 741/1/761
f 1197/1/1170 1195/1/1171 1202/1/1172 1206/1/1173
f 1100/1/1143 1104/1/1146 1105/1/1174 1106/1/1175
f 1373/1/843 1360/1/842 1366/1/1176 1374/1/1177
f 1074/1/832 1054/1/1178 1055/1/881 1090/1/880
f 795/1/1179 794/1/982 803/1/1024 826/1/1180
f 947/1/973 954/1/1060 961/1/883 981/1/823
f 963/1/1169 970/1/915 741/1/761
f 937/1/958 938/1/807 945/1/806 944/1/962
f 960/1/804 940/1/1166 968/1/1165 973/1/1181
f 1000/1/1007 992/1/1063 972/1/1159 990/1/1119
f 970/1/915 975/1/914 741/1/761
f 1350/1/1141 1356/1/854 1358/1/1182 1351/1/1106
f 1089/1/1061 1086/1/988 1078/1/987 1103/1/1068
f 765/1/911 821/1/913 827/1/1158 828/1/922
f 1058/1/755 1052/1/1053 986/1/1062 1059/1/756
f 799/1/801 791/1/776 798/1/798 850/1/846
f 1118/1/1154 1120/1/890 1125/1/1183 1140/1/1184
f 975/1/914 982/1/1010 741/1/761
f 881/1/1157 882/1/1185 889/1/1186 883/1/871
f 766/1/895 767/1/793 773/1/984 805/1/1003
f 814/1/1015 820/1/1041 821/1/913 756/1/912
f 1111/1/1147 1112/1/1155 1118/1/1154 1132/1/1187
f 1257/1/1045 1251/1/1129 1252/1/1188 1258/1/1189
f 1137/1/952 1139/1/1190 1146/1/1013 1194/1/953
f 967/1/932 987/1/1052 993/1/1051 994/1/1191
f 924/1/1001 936/1/936 943/1/1163 942/1/1002
f 741/1/761 988/1/1192 822/1/940
f 741/1/761 989/1/1193 988/1/1192
f 1005/1/1194 1006/1/1164 1012/1/1195 1033/1/1196
f 741/1/761 982/1/1010 989/1/1193
f 1039/1/1197 1033/1/1196 1012/1/1195 1040/1/1198
f 1009/1/1094 1008/1/1073 1037/1/835 1067/1/834
f 1138/1/1199 1132/1/1187 1118/1/1154 1140/1/1184
f 1075/1/1127 1080/1/944 1099/1/1200 1122/1/1201
f 1045/1/1202 1046/1/1084 1053/1/1083 1383/1/1203
f 987/1/1052 979/1/1064 986/1/1062 1052/1/1053
f 1281/1/1204 1276/1/1046 1264/1/1205 1271/1/1206
f 983/1/1009 977/1/917 984/1/979 1004/1/978
f 941/1/1168 885/1/1207 947/1/973 978/1/972
f 800/1/797 801/1/799 807/1/817 1007/1/939
f 781/1/997 774/1/983 758/1/796 759/1/874
f 1069/1/943 1063/1/942 1058/1/755 1087/1/758
f 1169/1/1208 1170/1/1209 1175/1/993 1176/1/1210
f 1045/1/1202 1040/1/1198 1018/1/1134 1046/1/1084
f 1148/1/898 1147/1/897 1138/1/1199 1140/1/1184
f 804/1/1004 796/1/1135 795/1/1179 832/1/1211
f 822/1/940 988/1/1192 995/1/1212 996/1/990
f 1030/1/1072 1029/1/1213 1050/1/964 1054/1/1178
f 766/1/895 805/1/1003 813/1/1006 814/1/1015
f 1053/1/1083 1365/1/992 1371/1/1214 1378/1/1215
f 995/1/1212 988/1/1192 989/1/1193 997/1/1216
f 922/1/1131 923/1/1076 930/1/1217 929/1/960
f 848/1/918 852/1/903 855/1/968 854/1/1031
f 1069/1/943 1087/1/758 1093/1/1151 1098/1/1162
f 979/1/1064 964/1/805 960/1/804 973/1/1181
f 1330/1/791 1323/1/1218 1324/1/1219 1331/1/1220
f 1064/1/1008 1070/1/1221 1076/1/1150 1081/1/757
f 827/1/1158 821/1/913 820/1/1041 859/1/1153
f 897/1/1097 898/1/1099 905/1/1222 912/1/1223
f 770/1/995 768/1/830 775/1/850 777/1/996
f 1024/1/1036 1028/1/1039 1036/1/1132 1043/1/965
f 1384/1/1224 1385/1/1225 1392/1/1226 1400/1/1227
f 945/1/806 950/1/809 951/1/1055 952/1/963
f 1203/1/1107 1196/1/1228 1204/1/1229 1231/1/1108
f 878/1/1230 874/1/865 870/1/864 877/1/1231
f 1125/1/1183 1134/1/1232 1133/1/1233 1149/1/1234
f 1401/1/1235 1395/1/1236 1396/1/1237 1402/1/1238
f 882/1/1185 881/1/1157 874/1/865 878/1/1230
f 1084/1/985 1027/1/921 1034/1/945 1085/1/948
f 879/1/1087 880/1/838 887/1/837 898/1/1099
f 858/1/1152 857/1/1161 864/1/863 866/1/862
f 1402/1/1238 1396/1/1237 1398/1/1239 1405/1/1240
f 1096/1/887 1092/1/882 1061/1/1125 1097/1/888
f 999/1/1241 991/1/825 980/1/824 998/1/1242
f 1303/1/1243 1296/1/1244 1297/1/1245 1304/1/1246
f 971/1/916 970/1/915 963/1/1169 969/1/1092
f 1051/1/966 1043/1/965 1036/1/1132 1057/1/1133
f 882/1/1185 878/1/1230 886/1/1247 903/1/1078
f 1232/1/1248 1218/1/1249 1226/1/1250 1245/1/1128
f 1371/1/1214 1365/1/992 1352/1/991 1372/1/1251
f 1001/1/1093 995/1/1212 997/1/1216 1003/1/1137
f 1131/1/1138 1132/1/1187 1138/1/1199 1139/1/1190
f 903/1/1078 886/1/1247 932/1/1167 931/1/1079
f 859/1/1153 858/1/1152 866/1/862 875/1/1156
f 867/1/870 827/1/1158 859/1/1153 875/1/1156
f 947/1/973 885/1/1207 877/1/1231 954/1/1060
f 1029/1/1213 1024/1/1036 1043/1/965 1050/1/964
f 951/1/1055 950/1/809 957/1/802 959/1/931
f 1005/1/1194 998/1/1242 948/1/1142 1006/1/1164
f 1114/1/1252 1106/1/1175 1105/1/1174 1126/1/1253
f 790/1/975 809/1/950 811/1/1011 810/1/1023
f 795/1/1179 826/1/1180 831/1/1089 832/1/1211
f 1044/1/1050 1052/1/1053 1058/1/755 1063/1/942
f 1049/1/998 996/1/990 995/1/1212 1001/1/1093
f 986/1/1062 979/1/1064 973/1/1181 992/1/1063
f 744/1/848 743/1/767 739/1/760 745/1/849
f 1018/1/1134 1013/1/1254 935/1/935 1019/1/819
f 956/1/1090 952/1/963 951/1/1055 958/1/1054
f 1374/1/1177 1366/1/1176 1353/1/1255 1375/1/1256
f 1012/1/1195 1006/1/1164 943/1/1163 1013/1/1254
f 1066/1/1040 1048/1/1095 1009/1/1094 1067/1/834
f 1101/1/974 1221/1/1066 1228/1/971 1230/1/904
f 938/1/807 929/1/960 930/1/1217 946/1/808
f 931/1/1079 932/1/1167 940/1/1166 939/1/1257
f 875/1/1156 866/1/862 874/1/865 881/1/1157
f 1014/1/1120 1070/1/1221 1064/1/1008
f 1309/1/1258 1310/1/1259 1317/1/1260 1328/1/1261
f 946/1/808 930/1/1217 939/1/1257 953/1/803
f 1197/1/1170 1206/1/1173 1207/1/783 1205/1/782
f 1062/1/941 1057/1/1133 1044/1/1050 1063/1/942
f 1224/1/1262 1223/1/1263 1217/1/1264 1225/1/1265
f 836/1/861 797/1/800 799/1/801 843/1/845
f 1190/1/908 1195/1/1171 1197/1/1170 1191/1/909
f 1146/1/1013 1139/1/1190 1138/1/1199 1147/1/897
f 1070/1/1221 1077/1/1266 1076/1/1150
f 864/1/863 857/1/1161 863/1/929 869/1/876
f 1294/1/1034 1296/1/1244 1303/1/1243 1302/1/1267
f 817/1/949 818/1/868 823/1/867 842/1/919
f 863/1/929 857/1/1161 844/1/1160 865/1/1122
f 896/1/1077 889/1/1186 882/1/1185 903/1/1078
f 801/1/799 792/1/773 793/1/772 802/1/815
f 1077/1/1266 1083/1/1145 1082/1/1144
f 844/1/1160 812/1/1005 837/1/1268 865/1/1122
f 1041/1/1025 1042/1/1026 1048/1/1095 1066/1/1040
f 927/1/934 919/1/1269 926/1/1270 934/1/820
f 1275/1/1271 1281/1/1204 1289/1/1272 1293/1/1033
f 966/1/1056 959/1/931 967/1/932 994/1/1191
f 1030/1/1072 1010/1/977 1011/1/980 1029/1/1213
f 976/1/1149 965/1/1091 1016/1/1038 1017/1/1037
f 953/1/803 939/1/1257 940/1/1166 960/1/804
f 1036/1/1132 1028/1/1039 994/1/1191 993/1/1051
f 1146/1/1013 1188/1/1014 1189/1/910 1194/1/953
f 1379/1/1273 1371/1/1214 1372/1/1251 1380/1/1274
f 1003/1/1137 1008/1/1073 1009/1/1094 1001/1/1093
f 891/1/1275 889/1/1186 896/1/1077 916/1/1276
f 838/1/989 845/1/869 890/1/872 904/1/1104
f 773/1/984 796/1/1135 804/1/1004 805/1/1003
f 904/1/1104 890/1/872 891/1/1275 910/1/1121
f 877/1/1231 870/1/864 871/1/875 954/1/1060
f 837/1/1268 832/1/1211 831/1/1089 873/1/1088
f 834/1/901 829/1/866 835/1/873 839/1/892
f 921/1/1130 915/1/1124 916/1/1276 922/1/1131
f 1083/1/1145 1107/1/1277 1104/1/1146
f 878/1/1230 877/1/1231 885/1/1207 886/1/1247
f 1037/1/835 1030/1/1072 1054/1/1178 1074/1/832
f 1101/1/974 1094/1/906 1084/1/985 1102/1/1058
f 924/1/1001 918/1/1278 917/1/933 936/1/936
f 1111/1/1147 1103/1/1068 1091/1/879 1112/1/1155
f 943/1/1163 936/1/936 935/1/935 1013/1/1254
f 990/1/1119 985/1/822 991/1/825 1014/1/1120
f 1405/1/1240 1398/1/1239 1403/1/1279 1407/1/1280
f 1427/1/1281 1426/1/1281 1423/1/1282 1428/1/1283
f 1107/1/1277 1115/1/1284 1113/1/1285
f 1107/1/1277 1116/1/1286 1115/1/1284
f 892/1/1148 893/1/1098 897/1/1097 918/1/1278
f 1011/1/980 984/1/979 976/1/1149 1017/1/1037
f 941/1/1168 932/1/1167 886/1/1247 885/1/1207
f 930/1/1217 923/1/1076 931/1/1079 939/1/1257
f 791/1/776 786/1/768 792/1/773 798/1/798
f 1281/1/1204 1271/1/1206 1272/1/1287 1289/1/1272
f 1390/1/1288 1382/1/1289 1384/1/1224 1397/1/1290
f 1136/1/1291 1160/1/1292 1166/1/1293 1168/1/1294
f 1409/1/1295 1408/1/1296 1410/1/1297 1413/1/1298
f 1116/1/1286 1123/1/1299 1115/1/1284
f 1182/1/1300 1178/1/1301 1183/1/1070 1185/1/1069
f 1189/1/910 1188/1/1014 1185/1/1069 1186/1/907
f 1123/1/1299 1128/1/1302 1127/1/1303
f 1123/1/1299 1129/1/1304 1115/1/1284
f 1123/1/1299 1127/1/1303 1129/1/1304
f 1198/1/954 1191/1/909 1197/1/1170 1205/1/782
f 1049/1/998 1048/1/1095 1042/1/1026 1002/1/957
f 1353/1/1255 1347/1/1305 1348/1/1306 1354/1/1307
f 1163/1/1308 1164/1/1309 1171/1/1310 1170/1/1209
f 1114/1/1252 1126/1/1253 1133/1/1233 1134/1/1232
f 1128/1/1302 1135/1/1311 1127/1/1303
f 1129/1/1304 1127/1/1303 1136/1/1291
f 1131/1/1138 1124/1/1086 1111/1/1147 1132/1/1187
f 897/1/1097 912/1/1223 917/1/933 918/1/1278
f 1055/1/881 1054/1/1178 1050/1/964 1056/1/967
f 972/1/1159 968/1/1165 941/1/1168 978/1/972
f 1135/1/1311 1141/1/1312 1127/1/1303
f 1135/1/1311 1142/1/1313 1141/1/1312
f 1135/1/1311 1143/1/1314 1142/1/1313
f 1127/1/1303 1144/1/1315 1136/1/1291
f 1127/1/1303 1145/1/1316 1144/1/1315
f 1127/1/1303 1141/1/1312 1145/1/1316
f 1141/1/1312 1142/1/1313 1145/1/1316
f 788/1/981 794/1/982 795/1/1179 796/1/1135
f 963/1/1169 955/1/1136 956/1/1090 969/1/1092
f 1113/1/1285 1105/1/1174 1104/1/1146 1107/1/1277
f 1012/1/1195 1013/1/1254 1018/1/1134 1040/1/1198
f 1143/1/1314 1150/1/1317 1142/1/1313
f 1142/1/1313 1151/1/1318 1145/1/1316
f 1142/1/1319 1150/1/1319 1152/1/1319
f 1142/1/1313 1152/1/1320 1151/1/1318
f 1144/1/1315 1153/1/1321 1136/1/1291
f 1144/1/1315 1145/1/1316 1154/1/1322
f 1144/1/1315 1154/1/1322 1153/1/1321
f 1145/1/1316 1151/1/1318 1155/1/1323
f 1145/1/1316 1155/1/1323 1154/1/1322
f 1151/1/1318 1152/1/1320 1155/1/1323
f 989/1/1193 982/1/1010 983/1/1009 997/1/1216
f 1181/1/1324 1179/1/780 1180/1/779 1184/1/1325
f 1183/1/1070 1181/1/1324 1184/1/1325 1187/1/1071
f 1038/1/1326 1399/1/1327 1394/1/1328 1406/1/1329
f 1153/1/1321 1160/1/1292 1136/1/1291
f 1121/1/1330 1113/1/1285 1115/1/1284 1168/1/1294
f 1153/1/1321 1154/1/1322 1162/1/1331
f 1161/1/1332 1160/1/1292 1153/1/1321 1162/1/1331
f 1125/1/1183 1120/1/890 1119/1/889 1134/1/1232
f 1155/1/1323 1152/1/1320 1164/1/1309
f 1386/1/1333 1379/1/1273 1380/1/1274 1387/1/1334
f 1039/1/1197 1040/1/1198 1045/1/1202 1391/1/1335
f 1163/1/1308 1154/1/1322 1155/1/1323 1164/1/1309
f 991/1/825 999/1/1241 1020/1/1336 1014/1/1120
f 1168/1/1294 1115/1/1284 1129/1/1304 1136/1/1291
f 1166/1/1293 1159/1/1337 1121/1/1330 1168/1/1294
f 1396/1/1237 1395/1/1236 1389/1/1338 1390/1/1288
f 1460/1/1339 1458/1/1340 1445/1/1341 1461/1/1342
f 1163/1/1308 1170/1/1209 1169/1/1208
f 1226/1/1250 1218/1/1249 1219/1/1343 1227/1/1344
f 1164/1/1309 1152/1/1320 1171/1/1310
f 1152/1/1320 1173/1/778 1172/1/777
f 1152/1/1320 1174/1/994 1171/1/1310
f 1152/1/1320 1172/1/777 1174/1/994
f 1053/1/1083 1378/1/1215 1382/1/1289 1383/1/1203
f 1175/1/993 1179/1/780 1181/1/1324 1176/1/1210
f 1039/1/1197 1391/1/1335 1394/1/1328 1399/1/1327
f 1422/1/1345 1420/1/829 1423/1/1346 1425/1/1347
f 1394/1/1328 1391/1/1335 1389/1/1338 1395/1/1236
f 883/1/871 889/1/1186 891/1/1275 890/1/872
f 756/1/912 755/1/900 748/1/885 757/1/886
f 1076/1/1150 1077/1/1266 1082/1/1144 1093/1/1151
f 1148/1/898 1140/1/1184 1125/1/1183 1149/1/1234
f 1439/1/1348 1435/1/1349 1440/1/1350 1444/1/1351
f 1156/1/896 1158/1/899 1165/1/1352 1182/1/1300
f 1162/1/1331 1154/1/1322 1163/1/1308 1169/1/1208
f 1099/1/1200 1098/1/1162 1100/1/1143 1106/1/1175
f 1069/1/943 1098/1/1162 1099/1/1200 1080/1/944
f 1003/1/1137 997/1/1216 983/1/1009 1004/1/978
f 1275/1/1271 1270/1/1043 1276/1/1046 1281/1/1204
f 1060/1/821 934/1/820 926/1/1270 1065/1/1105
f 1359/1/1353 1352/1/991 1351/1/1106 1358/1/1182
f 838/1/989 833/1/923 828/1/922 845/1/869
f 804/1/1004 832/1/1211 837/1/1268 812/1/1005
f 1065/1/1105 926/1/1270 920/1/1354 1345/1/1140
f 917/1/933 912/1/1223 919/1/1269 927/1/934
f 919/1/1269 913/1/1355 920/1/1354 926/1/1270
f 1091/1/879 1092/1/882 1096/1/887 1112/1/1155
f 1364/1/1356 1359/1/1353 1358/1/1182 1363/1/1081
f 920/1/1354 1336/1/1019 1343/1/1357 1345/1/1140
f 749/1/860 761/1/813 770/1/995 759/1/874
f 1356/1/854 1350/1/1141 1349/1/1358 1357/1/855
f 912/1/1223 905/1/1222 913/1/1355 919/1/1269
f 920/1/1354 913/1/1355 911/1/1016 1336/1/1019
f 1375/1/1256 1367/1/1359 1370/1/1080 1376/1/1082
f 1363/1/1081 1370/1/1080 1368/1/1360 1364/1/1356
f 803/1/1024 794/1/982 790/1/975 810/1/1023
f 905/1/1222 906/1/1361 911/1/1016 913/1/1355
f 1326/1/1117 1328/1/1261 1335/1/841 1388/1/844
f 817/1/949 842/1/919 848/1/918 849/1/1012
f 911/1/1016 906/1/1361 894/1/1362 914/1/1017
f 922/1/1131 916/1/1276 896/1/1077 923/1/1076
f 1367/1/1359 1361/1/1363 1368/1/1360 1370/1/1080
f 905/1/1222 898/1/1099 887/1/837 906/1/1361
f 784/1/976 781/1/997 777/1/996 785/1/951
f 887/1/837 888/1/840 894/1/1362 906/1/1361
f 894/1/1362 895/1/1049 899/1/1364 914/1/1017
f 1301/1/1365 1295/1/1035 1294/1/1034 1302/1/1267
f 1051/1/966 1057/1/1133 1062/1/941 1068/1/1126
f 1369/1/857 1362/1/856 1377/1/1366 1376/1/1082
f 1354/1/1307 1355/1/1367 1361/1/1363 1367/1/1359
f 831/1/1089 826/1/1180 825/1/839 880/1/838
f 813/1/1006 812/1/1005 844/1/1160 851/1/1042
f 803/1/1024 824/1/852 825/1/839 826/1/1180
f 916/1/1276 915/1/1124 910/1/1121 891/1/1275
f 1374/1/1177 1375/1/1256 1376/1/1082 1377/1/1366
f 1353/1/1255 1354/1/1307 1367/1/1359 1375/1/1256
f 1227/1/1344 1233/1/1368 1226/1/1250
f 894/1/1362 888/1/840 830/1/853 895/1/1049
f 892/1/1148 918/1/1278 924/1/1001 925/1/1000
f 1349/1/1358 1340/1/1369 1341/1/1370 1357/1/855
f 901/1/1371 1273/1/1114 1278/1/1372 1279/1/1373
f 1357/1/855 1341/1/1370 1342/1/1374 1362/1/856
f 1388/1/844 1373/1/843 1381/1/1375 1333/1/1376
f 1213/1/1377 1243/1/1378 1244/1/1379 1248/1/1380
f 1343/1/1357 1344/1/1381 1340/1/1369 1349/1/1358
f 1343/1/1357 1336/1/1019 1322/1/1018 1344/1/1381
f 1341/1/1370 1332/1/1382 1334/1/1383 1342/1/1374
f 1283/1/1384 1279/1/1373 1278/1/1372 1284/1/1385
f 1322/1/1018 1316/1/1386 1314/1/1387 1344/1/1381
f 1241/1/1388 1236/1/1109 1237/1/1389 1274/1/1390
f 1169/1/1208 1176/1/1210 1178/1/1301 1177/1/1391
f 1315/1/1392 1332/1/1382 1341/1/1370 1340/1/1369
f 1299/1/1393 1300/1/1394 1308/1/1395 1306/1/1396
f 1314/1/1387 1315/1/1392 1340/1/1369 1344/1/1381
f 899/1/1364 900/1/1397 907/1/1398 1316/1/1386
f 1233/1/1368 1252/1/1188 1251/1/1129
f 1215/1/927 1214/1/784 1207/1/783 1216/1/1399
f 868/1/1048 862/1/1027 861/1/1028 902/1/1400
f 1342/1/1374 1334/1/1383 1333/1/1376 1381/1/1375
f 1290/1/1401 1262/1/1402 1268/1/1403 1291/1/1404
f 1346/1/789 1338/1/788 1339/1/1405 1347/1/1305
f 1346/1/789 1347/1/1305 1353/1/1255 1366/1/1176
f 1252/1/1188 1259/1/1406 1258/1/1189
f 1286/1/1407 1295/1/1035 1301/1/1365 1312/1/1408
f 908/1/1113 902/1/1400 861/1/1028 909/1/1029
f 899/1/1364 895/1/1049 868/1/1048 900/1/1397
f 1300/1/1394 1291/1/1404 1292/1/1409 1319/1/1410
f 1022/1/937 1007/1/939 1002/1/957 1042/1/1026
f 1258/1/1189 1259/1/1406 1264/1/1205
f 1166/1/1293 1160/1/1292 1161/1/1332 1167/1/1411
f 1267/1/1412 1274/1/1390 1280/1/1413 1287/1/1414
f 1320/1/1115 1319/1/1410 1292/1/1409 1312/1/1408
f 1224/1/1262 1225/1/1265 1232/1/1248 1253/1/1415
f 1333/1/1376 1327/1/1118 1326/1/1117 1388/1/844
f 1360/1/842 1337/1/790 1346/1/789 1366/1/1176
f 1265/1/1416 1272/1/1287 1271/1/1206
f 973/1/1181 968/1/1165 972/1/1159 992/1/1063
f 1335/1/841 1329/1/1417 1337/1/790 1360/1/842
f 1273/1/1114 1260/1/1102 1266/1/1112 1278/1/1372
f 907/1/1398 1279/1/1373 1283/1/1384 1307/1/1418
f 1222/1/1100 1248/1/1380 1250/1/1111 1255/1/1101
f 1332/1/1382 1308/1/1395 1325/1/1419 1334/1/1383
f 1325/1/1419 1327/1/1118 1333/1/1376 1334/1/1383
f 1215/1/927 1216/1/1399 1222/1/1100 1235/1/928
f 1329/1/1417 1323/1/1218 1330/1/791 1337/1/790
f 1250/1/1111 1249/1/1420 1256/1/1421 1266/1/1112
f 1278/1/1372 1266/1/1112 1256/1/1421 1284/1/1385
f 901/1/1371 902/1/1400 908/1/1113 1273/1/1114
f 901/1/1371 900/1/1397 868/1/1048 902/1/1400
f 1078/1/987 1072/1/833 1074/1/832 1090/1/880
f 899/1/1364 1316/1/1386 1322/1/1018 914/1/1017
f 1335/1/841 1328/1/1261 1317/1/1260 1329/1/1417
f 1317/1/1260 1318/1/1422 1323/1/1218 1329/1/1417
f 1283/1/1384 1299/1/1393 1306/1/1396 1307/1/1418
f 1284/1/1385 1256/1/1421 1262/1/1402 1290/1/1401
f 1299/1/1393 1290/1/1401 1291/1/1404 1300/1/1394
f 1314/1/1387 1307/1/1418 1306/1/1396 1315/1/1392
f 1231/1/1108 1223/1/1263 1237/1/1389 1236/1/1109
f 935/1/935 927/1/934 934/1/820 1019/1/819
f 1326/1/1117 1321/1/1116 1309/1/1258 1328/1/1261
f 1310/1/1259 1311/1/1423 1318/1/1422 1317/1/1260
f 1272/1/1287 1298/1/1424 1297/1/1245
f 1315/1/1392 1306/1/1396 1308/1/1395 1332/1/1382
f 1292/1/1409 1291/1/1404 1268/1/1403 1285/1/1425
f 1320/1/1115 1312/1/1408 1301/1/1365 1321/1/1116
f 1301/1/1365 1302/1/1267 1309/1/1258 1321/1/1116
f 1309/1/1258 1302/1/1267 1303/1/1243 1310/1/1259
f 1303/1/1243 1304/1/1246 1311/1/1423 1310/1/1259
f 1297/1/1245 1305/1/1426 1304/1/1246
f 1297/1/1245 1298/1/1424 1305/1/1426
f 1256/1/1421 1249/1/1420 1246/1/1427 1262/1/1402
f 1262/1/1402 1246/1/1427 1247/1/1428 1268/1/1403
f 1220/1/1074 1214/1/784 1215/1/927 1229/1/926
f 860/1/1030 1254/1/970 1239/1/1047 1261/1/1103
f 740/1/859 738/1/759 742/1/766 751/1/811
f 1304/1/1246 1305/1/1426 1311/1/1423
f 1305/1/1426 1313/1/1429 1311/1/1423
f 1250/1/1111 1248/1/1380 1244/1/1379 1249/1/1420
f 1244/1/1379 1242/1/1430 1246/1/1427 1249/1/1420
f 1242/1/1430 1241/1/1388 1247/1/1428 1246/1/1427
f 1294/1/1034 1293/1/1033 1289/1/1272 1296/1/1244
f 1119/1/889 1122/1/1201 1114/1/1252 1134/1/1232
f 1311/1/1423 1313/1/1429 1318/1/1422
f 1292/1/1409 1285/1/1425 1286/1/1407 1312/1/1408
f 1325/1/1419 1319/1/1410 1320/1/1115 1327/1/1118
f 1373/1/843 1374/1/1177 1377/1/1366 1381/1/1375
f 1222/1/1100 1216/1/1399 1213/1/1377 1248/1/1380
f 1207/1/783 1206/1/1173 1213/1/1377 1216/1/1399
f 1378/1/1215 1371/1/1214 1379/1/1273 1385/1/1225
f 1318/1/1422 1324/1/1219 1323/1/1218
f 1286/1/1407 1285/1/1425 1267/1/1412 1287/1/1414
f 1268/1/1403 1247/1/1428 1267/1/1412 1285/1/1425
f 819/1/1022 856/1/1021 861/1/1028 862/1/1027
f 1286/1/1407 1287/1/1414 1288/1/1032 1295/1/1035
f 1264/1/1205 1259/1/1406 1265/1/1416 1271/1/1206
f 977/1/917 971/1/916 976/1/1149 984/1/979
f 1267/1/1412 1247/1/1428 1241/1/1388 1274/1/1390
f 1300/1/1394 1319/1/1410 1325/1/1419 1308/1/1395
f 1288/1/1032 1287/1/1414 1280/1/1413 1282/1/1431
f 1350/1/1141 1345/1/1140 1343/1/1357 1349/1/1358
f 1288/1/1032 1282/1/1431 1275/1/1271 1293/1/1033
f 783/1/836 771/1/785 789/1/775 797/1/800
f 1331/1/1220 1338/1/788 1330/1/791
f 1331/1/1220 1339/1/1405 1338/1/788
f 1244/1/1379 1243/1/1378 1238/1/1110 1242/1/1430
f 1242/1/1430 1238/1/1110 1236/1/1109 1241/1/1388
f 1377/1/1366 1362/1/856 1342/1/1374 1381/1/1375
f 1280/1/1413 1274/1/1390 1237/1/1389 1277/1/1432
f 1213/1/1377 1206/1/1173 1202/1/1172 1243/1/1378
f 1011/1/980 1017/1/1037 1024/1/1036 1029/1/1213
f 1202/1/1172 1203/1/1107 1238/1/1110 1243/1/1378
f 1257/1/1045 1258/1/1189 1264/1/1205 1276/1/1046
f 1363/1/1081 1358/1/1182 1356/1/854 1369/1/857
f 1339/1/1405 1348/1/1306 1347/1/1305
f 907/1/1398 900/1/1397 901/1/1371 1279/1/1373
f 1202/1/1172 1195/1/1171 1196/1/1228 1203/1/1107
f 1196/1/1228 1195/1/1171 1190/1/908 1192/1/1433
f 1190/1/908 1186/1/907 1187/1/1071 1192/1/1433
f 779/1/770 778/1/769 772/1/762 780/1/765
f 1245/1/1128 1226/1/1250 1233/1/1368 1251/1/1129
f 1137/1/952 1130/1/1139 1131/1/1138 1139/1/1190
f 1348/1/1306 1355/1/1367 1354/1/1307
f 871/1/875 870/1/864 864/1/863 869/1/876
f 907/1/1398 1307/1/1418 1314/1/1387 1316/1/1386
f 1196/1/1228 1192/1/1433 1199/1/1434 1204/1/1229
f 1412/1/1435 1411/1/1436 1409/1/1436 1414/1/828
f 1075/1/1127 1068/1/1126 1062/1/941 1080/1/944
f 1394/1/1328 1395/1/1236 1401/1/1235 1406/1/1329
f 1204/1/1229 1217/1/1264 1223/1/1263 1231/1/1108
f 1204/1/1229 1199/1/1434 1208/1/1437 1217/1/1264
f 999/1/1241 998/1/1242 1005/1/1194 1026/1/1438
f 1105/1/1174 1113/1/1285 1121/1/1330 1126/1/1253
f 1397/1/1290 1384/1/1224 1400/1/1227 1404/1/1439
f 1217/1/1264 1208/1/1437 1209/1/1440 1225/1/1265
f 1031/1/1441 1033/1/1196 1039/1/1197 1399/1/1327
f 1178/1/1301 1176/1/1210 1181/1/1324 1183/1/1070
f 1269/1/1442 1253/1/1415 1263/1/1044 1270/1/1043
f 1269/1/1442 1270/1/1043 1275/1/1271 1282/1/1431
f 1253/1/1415 1232/1/1248 1245/1/1128 1263/1/1044
f 980/1/824 974/1/884 948/1/1142 998/1/1242
f 1225/1/1265 1209/1/1440 1218/1/1249 1232/1/1248
f 1237/1/1389 1223/1/1263 1224/1/1262 1277/1/1432
f 966/1/1056 994/1/1191 1028/1/1039 1016/1/1038
f 1224/1/1262 1253/1/1415 1269/1/1442 1277/1/1432
f 872/1/1123 865/1/1122 837/1/1268 873/1/1088
f 1099/1/1200 1106/1/1175 1114/1/1252 1122/1/1201
f 1122/1/1201 1119/1/889 1097/1/888 1075/1/1127
f 1280/1/1413 1277/1/1432 1269/1/1442 1282/1/1431
f 1199/1/1434 1193/1/1443 1200/1/1444 1208/1/1437
f 1165/1/1352 1177/1/1391 1178/1/1301 1182/1/1300
f 1165/1/1352 1167/1/1411 1161/1/1332 1177/1/1391
f 1389/1/1338 1383/1/1203 1382/1/1289 1390/1/1288
f 1403/1/1279 1398/1/1239 1397/1/1290 1404/1/1439
f 1165/1/1352 1158/1/899 1157/1/1445 1167/1/1411
f 1385/1/1225 1379/1/1273 1386/1/1333 1392/1/1226
f 1386/1/1446 1393/1/1446 1392/1/1446
f 1386/1/1333 1387/1/1334 1393/1/1447
f 1045/1/1202 1383/1/1203 1389/1/1338 1391/1/1335
f 1157/1/1445 1149/1/1234 1133/1/1233 1159/1/1337
f 1399/1/1327 1038/1/1326 1032/1/1448 1031/1/1441
f 1423/1/1346 1426/1/1449 1430/1/1450 1425/1/1347
f 1218/1/1249 1209/1/1440 1210/1/1451 1219/1/1343
f 1025/1/1452 1026/1/1438 1031/1/1441 1032/1/1448
f 1392/1/1226 1393/1/1453 1400/1/1227
f 1384/1/1224 1382/1/1289 1378/1/1215 1385/1/1225
f 1390/1/1288 1397/1/1290 1398/1/1239 1396/1/1237
f 1157/1/1445 1159/1/1337 1166/1/1293 1167/1/1411
f 1133/1/1233 1126/1/1253 1121/1/1330 1159/1/1337
f 1209/1/1440 1208/1/1437 1200/1/1444 1210/1/1451
f 1400/1/1227 1393/1/1453 1404/1/1439
f 1403/1/1454 1404/1/1454 1393/1/1454
f 1434/1/1455 1433/1/1456 1428/1/1457 1435/1/1349
f 1403/1/1279 1393/1/1458 1407/1/1280
f 1192/1/1433 1187/1/1071 1193/1/1443 1199/1/1434
f 1408/1/1296 1409/1/1295 1411/1/1459
f 1156/1/896 1182/1/1300 1185/1/1069 1188/1/1014
f 1410/1/1297 1415/1/1460 1413/1/1298
f 1412/1/1435 1414/1/828 1416/1/827
f 1413/1/1298 1415/1/1460 1417/1/1461
f 1413/1/1462 1417/1/1462 1418/1/1462
f 746/1/774 743/1/767 744/1/848 748/1/885
f 1417/1/1463 1421/1/1464 1418/1/1465
f 1419/1/826 1420/1/829 1422/1/1345
f 1175/1/993 1170/1/1209 1171/1/1310 1174/1/994
f 1421/1/1464 1424/1/1466 1418/1/1465
f 1296/1/1244 1289/1/1272 1272/1/1287 1297/1/1245
f 1423/1/1282 1429/1/1467 1428/1/1283
f 1432/1/1468 1427/1/1469 1428/1/1457 1433/1/1456
f 1424/1/1466 1431/1/1470 1418/1/1465
f 1161/1/1332 1162/1/1331 1169/1/1208 1177/1/1391
f 1031/1/1441 1026/1/1438 1005/1/1194 1033/1/1196
f 1430/1/1450 1426/1/1449 1436/1/1471
f 1431/1/1470 1437/1/1472 1418/1/1465
f 1432/1/1468 1438/1/1473 1427/1/1469
f 1434/1/1455 1435/1/1349 1439/1/1348
f 1148/1/898 1149/1/1234 1157/1/1445 1158/1/899
f 1436/1/1471 1426/1/1449 1441/1/1474
f 1437/1/1472 1442/1/1475 1418/1/1465
f 1438/1/1473 1443/1/1476 1427/1/1469
f 1440/1/1350 1445/1/1477 1444/1/1351
f 1441/1/1474 1426/1/1449 1446/1/1478
f 1426/1/1449 1447/1/1479 1446/1/1478
f 1426/1/1480 1448/1/1480 1447/1/1480
f 1426/1/1481 1449/1/1481 1448/1/1481
f 1426/1/1482 1427/1/1482 1449/1/1482
f 1442/1/1475 1450/1/1483 1418/1/1465
f 1443/1/1476 1451/1/1484 1427/1/1469
f 1444/1/1485 1445/1/1486 1452/1/1487
f 1449/1/1488 1427/1/1488 1453/1/1488
f 1450/1/1483 1454/1/1489 1418/1/1465
f 1453/1/1490 1427/1/1490 1455/1/1490
f 1451/1/1484 1455/1/1491 1427/1/1469
f 1452/1/1487 1445/1/1486 1456/1/1492
f 1454/1/1489 1457/1/1493 1418/1/1465
f 1456/1/1494 1445/1/1341 1458/1/1340
f 1457/1/1493 1459/1/1495 1418/1/1465
f 1025/1/1452 1020/1/1336 999/1/1241 1026/1/1438
f 1459/1/1495 1462/1/1496 1418/1/1465
f 1460/1/1339 1461/1/1342 1463/1/1497
f 1461/1/1498 1464/1/1498 1463/1/1498
f 1461/1/1499 1418/1/1500 1464/1/1501
f 1462/1/1496 1465/1/1502 1418/1/1465
f 1464/1/1501 1418/1/1500 1466/1/1503
f 1465/1/1504 1467/1/1505 1418/1/1500
f 1466/1/1503 1418/1/1500 1468/1/1506
f 1467/1/1505 1469/1/1507 1418/1/1500
f 1468/1/1506 1418/1/1500 1470/1/1508
f 1469/1/1507 1471/1/1509 1418/1/1500
f 1470/1/1508 1418/1/1500 1472/1/1510
f 1471/1/1509 1473/1/1511 1418/1/1500
f 1418/1/1500 1473/1/1511 1474/1/1512
f 1472/1/1510 1418/1/1500 1474/1/1512
f 1283/1/1384 1284/1/1385 1290/1/1401 1299/1/1393
f 473/1/1513 482/1/1514 1219/1/1515 1210/1/1516
f 561/1/1517 568/1/1518 1305/1/1518 1298/1/1519
f 668/1/1520 665/1/1521 1402/1/1522 1405/1/1523
f 673/1/1524 678/1/1525 1415/1/1526 1410/1/1527
f 702/1/1528 697/1/1529 1434/1/1530 1439/1/1531
f 705/1/1532 713/1/1533 1450/1/1534 1442/1/1535
f 713/1/1533 717/1/1536 1454/1/1537 1450/1/1534
f 723/1/1538 721/1/1539 1458/1/1540 1460/1/1541
f 724/1/1542 681/1/1543 1418/1/1543 1461/1/1544
f 731/1/1545 729/1/1546 1466/1/1547 1468/1/1548
f 346/1/1549 370/1/1550 1107/1/1551 1083/1/1552
f 370/1/1550 379/1/1553 1116/1/1554 1107/1/1551
f 386/1/1555 391/1/1556 1128/1/1557 1123/1/1558
f 450/1/1559 456/1/1560 1193/1/1561 1187/1/1559
f 482/1/1514 490/1/1562 1227/1/1563 1219/1/1515
f 490/1/1562 496/1/1564 1233/1/1564 1227/1/1563
f 714/1/1565 718/1/1566 1455/1/1567 1451/1/1568
f 522/1/1569 528/1/1570 1265/1/1571 1259/1/1569
f 685/1/1572 682/1/1573 1419/1/1574 1422/1/1575
f 594/1/1576 602/1/1577 1339/1/1578 1331/1/1576
f 602/1/1577 611/1/1579 1348/1/1579 1339/1/1578
f 618/1/1580 624/1/1581 1361/1/1582 1355/1/1583
f 650/1/1584 656/1/1585 1393/1/1585 1387/1/1586
f 675/1/1587 674/1/1588 1411/1/1589 1412/1/1590
f 698/1/1591 703/1/1592 1440/1/1593 1435/1/1594
f 706/1/1595 714/1/1565 1451/1/1568 1443/1/1595
f 722/1/1596 725/1/1597 1462/1/1598 1459/1/1599
f 730/1/1600 732/1/1601 1469/1/1602 1467/1/1603
f 515/1/1604 522/1/1605 1259/1/1605 1252/1/1606
f 587/1/1607 594/1/1608 1331/1/1608 1324/1/1609
f 611/1/1579 618/1/1580 1355/1/1583 1348/1/1579
f 631/1/1610 627/1/1611 1364/1/1612 1368/1/1613
f 635/1/1614 643/1/1615 1380/1/1616 1372/1/1617
f 643/1/1615 650/1/1584 1387/1/1586 1380/1/1616
f 679/1/1618 675/1/1587 1412/1/1590 1416/1/1619
f 683/1/1620 686/1/1621 1423/1/1622 1420/1/1623
f 692/1/1624 691/1/1625 1428/1/1626 1429/1/1627
f 691/1/1625 698/1/1591 1435/1/1594 1428/1/1626
f 704/1/1628 699/1/1629 1436/1/1630 1441/1/1628
f 715/1/1631 707/1/1632 1444/1/1633 1452/1/1634
f 719/1/1635 715/1/1631 1452/1/1634 1456/1/1636
f 726/1/1637 723/1/1538 1460/1/1541 1463/1/1638
f 733/1/1639 731/1/1545 1468/1/1548 1470/1/1640
f 288/1/1641 283/1/1642 1020/1/1643 1025/1/1644
f 379/1/1553 386/1/1555 1123/1/1558 1116/1/1554
f 443/1/1645 447/1/1646 1184/1/1647 1180/1/1648
f 670/1/1649 668/1/1520 1405/1/1523 1407/1/1650
f 681/1/1651 676/1/1651 1413/1/1651 1418/1/1651
f 684/1/1652 687/1/1653 1424/1/1654 1421/1/1655
f 700/1/1656 705/1/1532 1442/1/1535 1437/1/1657
f 718/1/1566 716/1/1658 1453/1/1659 1455/1/1567
f 708/1/1660 724/1/1542 1461/1/1544 1445/1/1661
f 732/1/1601 734/1/1662 1471/1/1663 1469/1/1602
f 340/1/1664 346/1/1549 1083/1/1552 1077/1/1665
f 436/1/1666 443/1/1645 1180/1/1648 1173/1/1667
f 413/1/1668 415/1/1669 1152/1/1669 1150/1/1670
f 283/1/1642 277/1/1671 1014/1/1671 1020/1/1643
f 277/1/1672 333/1/1673 1070/1/1674 1014/1/1672
f 333/1/1673 340/1/1664 1077/1/1665 1070/1/1674
f 581/1/1675 587/1/1607 1324/1/1609 1318/1/1675
f 669/1/1676 301/1/1677 1038/1/1678 1406/1/1679
f 677/1/1680 683/1/1620 1420/1/1623 1414/1/1681
f 688/1/1682 685/1/1572 1422/1/1575 1425/1/1683
f 699/1/1629 693/1/1684 1430/1/1685 1436/1/1630
f 701/1/1686 706/1/1687 1443/1/1687 1438/1/1688
f 710/1/1689 709/1/1690 1446/1/1691 1447/1/1692
f 717/1/1536 720/1/1693 1457/1/1694 1454/1/1537
f 725/1/1597 728/1/1695 1465/1/1696 1462/1/1598
f 735/1/1697 733/1/1639 1470/1/1640 1472/1/1698
f 398/1/1699 406/1/1700 1143/1/1701 1135/1/1702
f 406/1/1700 413/1/1668 1150/1/1670 1143/1/1701
f 734/1/1662 736/1/1703 1473/1/1704 1471/1/1663
f 627/1/1611 622/1/1705 1359/1/1706 1364/1/1612
f 678/1/1525 680/1/1707 1417/1/1708 1415/1/1526
f 686/1/1621 692/1/1624 1429/1/1627 1423/1/1622
f 694/1/1709 700/1/1656 1437/1/1657 1431/1/1710
f 707/1/1632 702/1/1528 1439/1/1531 1444/1/1633
f 711/1/1711 710/1/1689 1447/1/1692 1448/1/1712
f 727/1/1713 726/1/1637 1463/1/1638 1464/1/1713
f 535/1/1714 561/1/1517 1298/1/1519 1272/1/1714
f 622/1/1705 615/1/1715 1352/1/1715 1359/1/1706
f 615/1/1716 635/1/1614 1372/1/1617 1352/1/1716
f 671/1/1717 673/1/1524 1410/1/1527 1408/1/1718
f 674/1/1588 671/1/1717 1408/1/1718 1411/1/1589
f 682/1/1573 679/1/1618 1416/1/1619 1419/1/1574
f 687/1/1653 694/1/1709 1431/1/1710 1424/1/1654
f 696/1/1719 695/1/1720 1432/1/1721 1433/1/1722
f 695/1/1720 701/1/1686 1438/1/1688 1432/1/1721
f 703/1/1592 708/1/1660 1445/1/1661 1440/1/1593
f 712/1/1723 711/1/1711 1448/1/1712 1449/1/1723
f 721/1/1539 719/1/1635 1456/1/1636 1458/1/1540
f 729/1/1546 727/1/1724 1464/1/1724 1466/1/1547
f 737/1/1725 735/1/1697 1472/1/1698 1474/1/1726
f 301/1/1677 295/1/1727 1032/1/1728 1038/1/1678
f 391/1/1556 398/1/1699 1135/1/1702 1128/1/1557
f 415/1/1729 436/1/1666 1173/1/1667 1152/1/1729
f 447/1/1646 450/1/1730 1187/1/1730 1184/1/1647
f 463/1/1731 473/1/1513 1210/1/1516 1200/1/1732
f 496/1/1564 515/1/1604 1252/1/1606 1233/1/1564
f 528/1/1570 535/1/1733 1272/1/1733 1265/1/1571
f 568/1/1734 576/1/1735 1313/1/1736 1305/1/1734
f 576/1/1735 581/1/1737 1318/1/1737 1313/1/1736
f 624/1/1581 631/1/1610 1368/1/1613 1361/1/1582
f 665/1/1521 664/1/1738 1401/1/1739 1402/1/1522
f 664/1/1738 669/1/1676 1406/1/1679 1401/1/1739
f 656/1/1740 670/1/1649 1407/1/1650 1393/1/1740
f 676/1/1741 672/1/1742 1409/1/1743 1413/1/1741
f 672/1/1742 677/1/1680 1414/1/1681 1409/1/1743
f 680/1/1707 684/1/1652 1421/1/1655 1417/1/1708
f 693/1/1684 688/1/1682 1425/1/1683 1430/1/1685
f 697/1/1529 696/1/1719 1433/1/1722 1434/1/1530
f 709/1/1690 704/1/1744 1441/1/1744 1446/1/1691
f 716/1/1658 712/1/1745 1449/1/1745 1453/1/1659
f 720/1/1693 722/1/1596 1459/1/1599 1457/1/1694
f 728/1/1695 730/1/1600 1467/1/1603 1465/1/1696
f 736/1/1703 737/1/1725 1474/1/1726 1473/1/1704
f 295/1/1727 288/1/1641 1025/1/1644 1032/1/1728
f 456/1/1560 463/1/1731 1200/1/1732 1193/1/1561
