# Blender 4.3.2
# www.blender.org
mtllib long_aline.mtl
o long_aline
v -0.000000 1.164301 -0.290457
v -0.011221 1.166511 -0.281191
v -0.008133 1.166747 -0.280345
v -0.005188 1.166912 -0.279738
v -0.002529 1.166995 -0.279435
v 0.000000 1.167033 -0.279289
v 0.002529 1.166995 -0.279435
v 0.005188 1.166912 -0.279738
v 0.008133 1.166747 -0.280345
v 0.011221 1.166511 -0.281191
v 0.023011 1.167429 -0.276385
v 0.023818 1.166551 -0.280042
v 0.023733 1.165657 -0.283779
v 0.023124 1.164819 -0.287275
v 0.022060 1.164053 -0.290470
v 0.020612 1.163370 -0.293321
v 0.018861 1.162777 -0.295801
v 0.016887 1.162277 -0.297895
v 0.014767 1.161869 -0.299608
v 0.012571 1.161549 -0.300960
v 0.010359 1.161308 -0.301983
v 0.008175 1.161136 -0.302720
v 0.006048 1.161019 -0.303222
v 0.003985 1.160947 -0.303537
v 0.001977 1.160909 -0.303707
v -0.000000 1.160897 -0.303761
v -0.001977 1.160909 -0.303707
v -0.003985 1.160947 -0.303537
v -0.006048 1.161019 -0.303222
v -0.008175 1.161136 -0.302720
v -0.010359 1.161308 -0.301983
v -0.012571 1.161549 -0.300960
v -0.014767 1.161869 -0.299608
v -0.016887 1.162277 -0.297895
v -0.018861 1.162777 -0.295801
v -0.020612 1.163370 -0.293321
v -0.022060 1.164053 -0.290470
v -0.023124 1.164819 -0.287275
v -0.023733 1.165657 -0.283779
v -0.023818 1.166551 -0.280042
v -0.023011 1.167429 -0.276385
v -0.041429 1.171449 -0.256431
v -0.030019 1.172505 -0.253366
v -0.019149 1.173218 -0.251152
v -0.009336 1.173578 -0.250047
v 0.000000 1.173730 -0.249511
v 0.009336 1.173578 -0.250047
v 0.019149 1.173218 -0.251152
v 0.030019 1.172505 -0.253366
v 0.041429 1.171449 -0.256431
v 0.084827 1.172772 -0.238259
v 0.087833 1.169772 -0.251781
v 0.087530 1.166752 -0.265630
v 0.085295 1.163914 -0.278582
v 0.081375 1.161316 -0.290424
v 0.076043 1.159001 -0.300996
v 0.069588 1.156996 -0.310190
v 0.062308 1.155314 -0.317960
v 0.054488 1.153953 -0.324319
v 0.046388 1.152895 -0.329339
v 0.038227 1.152111 -0.333142
v 0.030171 1.151560 -0.335888
v 0.022320 1.151198 -0.337758
v 0.014707 1.150979 -0.338933
v 0.007295 1.150865 -0.339568
v -0.000000 1.150830 -0.339768
v -0.007295 1.150865 -0.339568
v -0.014707 1.150979 -0.338933
v -0.022320 1.151198 -0.337758
v -0.030171 1.151560 -0.335888
v -0.038227 1.152111 -0.333142
v -0.046388 1.152895 -0.329339
v -0.054488 1.153953 -0.324319
v -0.062308 1.155314 -0.317960
v -0.069588 1.156996 -0.310190
v -0.076043 1.159001 -0.300996
v -0.081375 1.161316 -0.290424
v -0.085295 1.163914 -0.278582
v -0.087530 1.166752 -0.265630
v -0.087833 1.169772 -0.251781
v -0.084827 1.172772 -0.238259
v -0.088699 1.176595 -0.217042
v -0.064290 1.179500 -0.210620
v -0.041015 1.181380 -0.205951
v -0.019998 1.182337 -0.203624
v 0.000000 1.182704 -0.202485
v 0.019998 1.182337 -0.203624
v 0.041015 1.181380 -0.205951
v 0.064290 1.179500 -0.210620
v 0.088699 1.176595 -0.217042
v 0.181039 1.172408 -0.176754
v 0.187541 1.166807 -0.205774
v 0.186972 1.161300 -0.235557
v 0.182266 1.156091 -0.263426
v 0.173949 1.151309 -0.288925
v 0.162600 1.147053 -0.311704
v 0.148840 1.143387 -0.331531
v 0.133302 1.140342 -0.348303
v 0.116596 1.137914 -0.362045
v 0.099282 1.136068 -0.372908
v 0.081828 1.134742 -0.381150
v 0.064592 1.133850 -0.387113
v 0.047789 1.133297 -0.391184
v 0.031490 1.132987 -0.393748
v 0.015622 1.132839 -0.395136
v -0.000000 1.132796 -0.395573
v -0.015622 1.132839 -0.395136
v -0.031490 1.132987 -0.393748
v -0.047789 1.133297 -0.391184
v -0.064592 1.133850 -0.387113
v -0.081828 1.134742 -0.381150
v -0.099282 1.136068 -0.372908
v -0.116596 1.137914 -0.362045
v -0.133302 1.140342 -0.348303
v -0.148840 1.143387 -0.331531
v -0.162600 1.147053 -0.311704
v -0.173949 1.151309 -0.288925
v -0.182266 1.156091 -0.263426
v -0.186972 1.161300 -0.235557
v -0.187541 1.166807 -0.205774
v -0.181039 1.172408 -0.176754
v -0.150239 1.178511 -0.164554
v -0.108989 1.184878 -0.153929
v -0.069558 1.188859 -0.146158
v -0.033922 1.190897 -0.142284
v 0.000000 1.191612 -0.140369
v 0.033922 1.190897 -0.142284
v 0.069558 1.188859 -0.146158
v 0.108989 1.184878 -0.153929
v 0.150239 1.178511 -0.164554
v 0.304447 1.155775 -0.093830
v 0.315688 1.148138 -0.142944
v 0.315040 1.140962 -0.193509
v 0.307385 1.134076 -0.240902
v 0.293596 1.127717 -0.284332
v 0.274640 1.122068 -0.323192
v 0.251562 1.117250 -0.357075
v 0.225430 1.113321 -0.385788
v 0.197280 1.110284 -0.409362
v 0.168058 1.108082 -0.428038
v 0.138566 1.106613 -0.442245
v 0.109411 1.105736 -0.452554
v 0.080968 1.105291 -0.459615
v 0.053362 1.105118 -0.464079
v 0.026474 1.105076 -0.466503
v -0.000000 1.105074 -0.467266
v -0.026474 1.105076 -0.466503
v -0.053362 1.105118 -0.464079
v -0.080968 1.105291 -0.459615
v -0.109411 1.105736 -0.452554
v -0.138566 1.106613 -0.442245
v -0.168058 1.108082 -0.428038
v -0.197280 1.110284 -0.409362
v -0.225430 1.113321 -0.385788
v -0.251562 1.117250 -0.357075
v -0.274640 1.122068 -0.323192
v -0.293596 1.127717 -0.284332
v -0.307385 1.134076 -0.240902
v -0.315040 1.140962 -0.193509
v -0.315688 1.148138 -0.142944
v -0.304447 1.155775 -0.093830
v -0.222912 1.173594 -0.100749
v -0.161977 1.185636 -0.085322
v -0.103447 1.192977 -0.073975
v -0.050466 1.196757 -0.068320
v 0.000000 1.197986 -0.065493
v 0.050466 1.196757 -0.068320
v 0.103447 1.192977 -0.073975
v 0.161977 1.185636 -0.085322
v 0.222912 1.173594 -0.100749
v 0.445679 1.112121 0.007221
v 0.462970 1.104091 -0.065106
v 0.462876 1.097275 -0.139938
v 0.452386 1.090501 -0.210300
v 0.432746 1.084156 -0.274973
v 0.405358 1.078537 -0.333014
v 0.371751 1.073845 -0.383768
v 0.333496 1.070185 -0.426908
v 0.292130 1.067570 -0.462438
v 0.249063 1.065930 -0.490682
v 0.205498 1.065118 -0.512248
v 0.162352 1.064932 -0.527962
v 0.120200 1.065138 -0.538776
v 0.079242 1.065497 -0.545644
v 0.039322 1.065806 -0.549390
v -0.000000 1.065925 -0.550572
v -0.039322 1.065806 -0.549390
v -0.079242 1.065497 -0.545644
v -0.120200 1.065138 -0.538776
v -0.162352 1.064933 -0.527962
v -0.205498 1.065118 -0.512248
v -0.249063 1.065930 -0.490682
v -0.292130 1.067570 -0.462438
v -0.333496 1.070185 -0.426908
v -0.371751 1.073845 -0.383768
v -0.405358 1.078537 -0.333014
v -0.432746 1.084156 -0.274973
v -0.452386 1.090501 -0.210300
v -0.462876 1.097275 -0.139938
v -0.462970 1.104091 -0.065106
v -0.445679 1.112121 0.007221
v -0.303205 1.158612 -0.027809
v -0.220913 1.179014 -0.007145
v -0.141241 1.191254 0.008109
v -0.068944 1.197586 0.015718
v 0.000000 1.199524 0.019556
v 0.068944 1.197586 0.015718
v 0.141241 1.191254 0.008109
v 0.220913 1.179014 -0.007145
v 0.303205 1.158612 -0.027809
v 0.593133 1.032732 0.121178
v 0.617958 1.026826 0.024499
v 0.619701 1.023393 -0.076255
v 0.607309 1.019426 -0.171500
v 0.582373 1.015499 -0.259480
v 0.546725 1.012060 -0.338806
v 0.502391 1.009415 -0.408488
v 0.451487 1.007732 -0.467981
v 0.396095 1.007051 -0.517203
v 0.338150 1.007290 -0.556517
v 0.279314 1.008265 -0.586690
v 0.220872 1.009706 -0.608796
v 0.163642 1.011301 -0.624099
v 0.107936 1.012728 -0.633875
v 0.053577 1.013712 -0.639235
v -0.000000 1.014062 -0.640932
v -0.053577 1.013712 -0.639235
v -0.107936 1.012728 -0.633875
v -0.163642 1.011301 -0.624099
v -0.220872 1.009706 -0.608796
v -0.279314 1.008265 -0.586690
v -0.338150 1.007290 -0.556517
v -0.396095 1.007051 -0.517203
v -0.451487 1.007732 -0.467981
v -0.502391 1.009415 -0.408488
v -0.546725 1.012060 -0.338806
v -0.582373 1.015499 -0.259480
v -0.607309 1.019426 -0.171500
v -0.619701 1.023393 -0.076255
v -0.617958 1.026826 0.024499
v -0.593133 1.032732 0.121178
v -0.387326 1.131166 0.051642
v -0.283297 1.162853 0.077900
v -0.181417 1.181698 0.097299
v -0.088630 1.191487 0.106995
v 0.000000 1.194345 0.111911
v 0.088630 1.191487 0.106995
v 0.181417 1.181698 0.097299
v 0.283297 1.162853 0.077900
v 0.387326 1.131166 0.051642
v 0.733748 0.912933 0.240883
v 0.767792 0.912112 0.121079
v 0.773409 0.915607 -0.005036
v 0.761000 0.917642 -0.125227
v 0.732402 0.919007 -0.237063
v 0.689810 0.920324 -0.338583
v 0.635718 0.922025 -0.428331
v 0.572776 0.924359 -0.505431
v 0.503636 0.927404 -0.569609
v 0.430793 0.931079 -0.621191
v 0.356419 0.935162 -0.661034
v 0.282219 0.939321 -0.690427
v 0.209309 0.943160 -0.710918
v 0.138158 0.946272 -0.724102
v 0.068609 0.948302 -0.731372
v -0.000000 0.949007 -0.733682
v -0.068609 0.948302 -0.731372
v -0.138158 0.946272 -0.724102
v -0.209309 0.943160 -0.710918
v -0.282219 0.939321 -0.690427
v -0.356419 0.935162 -0.661034
v -0.430793 0.931079 -0.621191
v -0.503636 0.927404 -0.569609
v -0.572776 0.924359 -0.505431
v -0.635718 0.922025 -0.428331
v -0.689810 0.920324 -0.338583
v -0.732402 0.919007 -0.237063
v -0.761000 0.917642 -0.125227
v -0.773409 0.915607 -0.005036
v -0.767792 0.912113 0.121079
v -0.733748 0.912933 0.240883
v -0.471401 1.090053 0.134606
v -0.346573 1.135864 0.166821
v -0.222414 1.163039 0.190548
v -0.108781 1.177213 0.202446
v 0.000000 1.181201 0.208484
v 0.108781 1.177213 0.202446
v 0.222414 1.163039 0.190548
v 0.346573 1.135864 0.166821
v 0.471401 1.090053 0.134606
v 0.854536 0.753460 0.357877
v 0.899594 0.760525 0.218639
v 0.911803 0.774369 0.070076
v 0.902161 0.785550 -0.073124
v 0.872586 0.795070 -0.207716
v 0.825506 0.803734 -0.331010
v 0.763793 0.812107 -0.440933
v 0.690581 0.820528 -0.536120
v 0.609078 0.829122 -0.615970
v 0.522353 0.837812 -0.680643
v 0.433125 0.846345 -0.730992
v 0.343572 0.854326 -0.768434
v 0.255166 0.861274 -0.794751
v 0.168594 0.866692 -0.811816
v 0.083772 0.870144 -0.821288
v -0.000000 0.871329 -0.824309
v -0.083772 0.870144 -0.821288
v -0.168594 0.866692 -0.811816
v -0.255166 0.861274 -0.794751
v -0.343572 0.854326 -0.768434
v -0.433125 0.846345 -0.730992
v -0.522353 0.837812 -0.680643
v -0.609078 0.829122 -0.615970
v -0.690581 0.820528 -0.536120
v -0.763793 0.812107 -0.440933
v -0.825506 0.803734 -0.331010
v -0.872586 0.795070 -0.207716
v -0.902161 0.785550 -0.073124
v -0.911803 0.774369 0.070076
v -0.899594 0.760525 0.218639
v -0.854536 0.753460 0.357877
v -0.551757 1.035483 0.217900
v -0.408272 1.097823 0.256473
v -0.262720 1.134898 0.284687
v -0.128677 1.154311 0.298897
v 0.000000 1.159620 0.306076
v 0.128677 1.154311 0.298897
v 0.262720 1.134898 0.284687
v 0.408272 1.097823 0.256473
v 0.551757 1.035483 0.217900
v 0.944556 0.560804 0.463568
v 1.002307 0.577765 0.310733
v 1.024216 0.604581 0.144777
v 1.020758 0.627412 -0.017623
v 0.993697 0.647434 -0.172275
v 0.945509 0.665612 -0.315607
v 0.879299 0.682634 -0.444752
v 0.798593 0.698921 -0.557691
v 0.707099 0.714644 -0.653322
v 0.608450 0.729729 -0.731481
v 0.505932 0.743888 -0.792879
v 0.402240 0.756661 -0.838953
v 0.299265 0.767479 -0.871629
v 0.197979 0.775751 -0.892997
v 0.098447 0.780955 -0.904938
v -0.000000 0.782732 -0.908762
v -0.098447 0.780955 -0.904938
v -0.197979 0.775751 -0.892997
v -0.299265 0.767479 -0.871629
v -0.402240 0.756661 -0.838953
v -0.505932 0.743888 -0.792879
v -0.608450 0.729729 -0.731481
v -0.707099 0.714644 -0.653322
v -0.798593 0.698921 -0.557691
v -0.879299 0.682634 -0.444752
v -0.945509 0.665612 -0.315607
v -0.993697 0.647434 -0.172275
v -1.020758 0.627412 -0.017623
v -1.024216 0.604581 0.144777
v -1.002307 0.577765 0.310733
v -0.944556 0.560804 0.463568
v -0.625234 0.969108 0.298398
v -0.466178 1.049635 0.343755
v -0.300956 1.097854 0.376594
v -0.147654 1.123203 0.393223
v 0.000000 1.129984 0.401542
v 0.147654 1.123203 0.393223
v 0.300956 1.097854 0.376594
v 0.466178 1.049635 0.343755
v 0.625234 0.969108 0.298398
v 0.996785 0.346340 0.550640
v 1.068477 0.373947 0.391456
v 1.103130 0.415023 0.214707
v 1.109441 0.450892 0.038363
v 1.088748 0.482826 -0.132344
v 1.043347 0.511896 -0.292829
v 0.976391 0.538875 -0.439280
v 0.891656 0.564244 -0.568843
v 0.793266 0.588197 -0.679739
v 0.685373 0.610656 -0.771308
v 0.571833 0.631288 -0.843960
v 0.455887 0.649560 -0.899013
v 0.339898 0.664808 -0.938428
v 0.225199 0.676339 -0.964427
v 0.112084 0.683540 -0.979057
v -0.000000 0.685991 -0.983760
v -0.112084 0.683540 -0.979057
v -0.225199 0.676339 -0.964427
v -0.339898 0.664808 -0.938428
v -0.455887 0.649560 -0.899013
v -0.571833 0.631288 -0.843960
v -0.685373 0.610656 -0.771308
v -0.793266 0.588197 -0.679739
v -0.891656 0.564244 -0.568843
v -0.976391 0.538875 -0.439280
v -1.043347 0.511896 -0.292829
v -1.088748 0.482826 -0.132344
v -1.109441 0.450892 0.038363
v -1.103130 0.415023 0.214707
v -1.068477 0.373947 0.391456
v -0.996785 0.346340 0.550640
v -0.689454 0.893884 0.373293
v -0.518482 0.993297 0.425820
v -0.335962 1.053433 0.463384
v -0.165147 1.085174 0.482524
v 0.000000 1.093521 0.491960
v 0.165147 1.085175 0.482524
v 0.335962 1.053433 0.463384
v 0.518482 0.993297 0.425820
v 0.689454 0.893884 0.373293
v 1.009358 0.124416 0.614319
v 1.095507 0.161983 0.456418
v 1.145359 0.217032 0.276124
v 1.164631 0.265975 0.091862
v 1.153965 0.310067 -0.090079
v 1.115225 0.350406 -0.264025
v 1.051400 0.387790 -0.425105
v 0.966353 0.422717 -0.569487
v 0.864501 0.455378 -0.694550
v 0.750448 0.485662 -0.798972
v 0.628590 0.513177 -0.882701
v 0.502726 0.537301 -0.946795
v 0.375737 0.557266 -0.993125
v 0.249375 0.572268 -1.023949
v 0.124244 0.581597 -1.041412
v -0.000000 0.584765 -1.047047
v -0.124244 0.581597 -1.041412
v -0.249375 0.572268 -1.023949
v -0.375737 0.557266 -0.993125
v -0.502726 0.537301 -0.946795
v -0.628590 0.513177 -0.882701
v -0.750448 0.485662 -0.798972
v -0.864501 0.455378 -0.694550
v -0.966353 0.422717 -0.569487
v -1.051400 0.387790 -0.425105
v -1.115225 0.350406 -0.264025
v -1.153965 0.310067 -0.090079
v -1.164631 0.265975 0.091862
v -1.145359 0.217032 0.276124
v -1.095507 0.161983 0.456418
v -1.009358 0.124416 0.614319
v -0.742993 0.813790 0.440322
v -0.563897 0.931744 0.500262
v -0.366863 1.003997 0.542575
v -0.180715 1.042289 0.564276
v 0.000000 1.052225 0.574784
v 0.180715 1.042289 0.564276
v 0.366863 1.003997 0.542575
v 0.563897 0.931744 0.500262
v 0.742993 0.813790 0.440322
v 0.985835 -0.090129 0.653161
v 1.086032 -0.044534 0.503436
v 1.152501 0.022748 0.326474
v 1.187013 0.083507 0.140270
v 1.189269 0.138860 -0.047891
v 1.160477 0.189837 -0.231252
v 1.103251 0.237193 -0.403835
v 1.021362 0.281386 -0.560740
v 0.919384 0.322565 -0.698387
v 0.802278 0.360557 -0.814658
v 0.674925 0.394889 -0.908899
v 0.541672 0.424833 -0.981774
v 0.405931 0.449502 -1.034947
v 0.269926 0.467972 -1.070619
v 0.134636 0.479430 -1.090957
v -0.000000 0.483316 -1.097544
v -0.134636 0.479430 -1.090957
v -0.269926 0.467972 -1.070619
v -0.405931 0.449502 -1.034947
v -0.541672 0.424833 -0.981774
v -0.674925 0.394889 -0.908899
v -0.802278 0.360557 -0.814658
v -0.919384 0.322565 -0.698387
v -1.021362 0.281386 -0.560740
v -1.103251 0.237193 -0.403835
v -1.160477 0.189837 -0.231252
v -1.189269 0.138860 -0.047891
v -1.187013 0.083507 0.140270
v -1.152501 0.022748 0.326474
v -1.086032 -0.044534 0.503436
v -0.985835 -0.090129 0.653161
v -0.785432 0.733456 0.497902
v -0.601713 0.868621 0.565241
v -0.393100 0.952572 0.612196
v -0.194059 0.997242 0.636436
v 0.000000 1.008716 0.647943
v 0.194059 0.997242 0.636436
v 0.393100 0.952572 0.612196
v 0.601713 0.868621 0.565241
v 0.785432 0.733456 0.497902
v 0.934438 -0.284337 0.669160
v 1.047350 -0.233403 0.532796
v 1.130556 -0.156639 0.364708
v 1.181296 -0.086276 0.181685
v 1.198166 -0.021449 -0.008140
v 1.181542 0.038719 -0.197017
v 1.133487 0.094869 -0.377888
v 1.057515 0.147370 -0.544772
v 0.958222 0.196288 -0.693080
v 0.840813 0.241358 -0.819816
v 0.710584 0.281999 -0.923631
v 0.572384 0.317366 -1.004695
v 0.430152 0.346440 -1.064369
v 0.286599 0.368169 -1.104709
v 0.143121 0.381632 -1.127843
v -0.000000 0.386195 -1.135358
v -0.143121 0.381632 -1.127843
v -0.286599 0.368169 -1.104709
v -0.430152 0.346440 -1.064369
v -0.572384 0.317366 -1.004695
v -0.710584 0.281999 -0.923631
v -0.840813 0.241358 -0.819816
v -0.958222 0.196288 -0.693080
v -1.057515 0.147370 -0.544772
v -1.133487 0.094869 -0.377888
v -1.181542 0.038719 -0.197017
v -1.198166 -0.021449 -0.008140
v -1.181296 -0.086276 0.181685
v -1.130556 -0.156639 0.364708
v -1.047350 -0.233403 0.532796
v -0.934438 -0.284337 0.669160
v -0.817256 0.657790 0.545149
v -0.631763 0.808007 0.619514
v -0.414417 0.902630 0.670824
v -0.205016 0.953165 0.697472
v 0.000000 0.966048 0.709875
v 0.205016 0.953165 0.697472
v 0.414417 0.902630 0.670824
v 0.631763 0.808007 0.619514
v 0.817256 0.657790 0.545149
v 0.866536 -0.448789 0.667195
v 0.990100 -0.395316 0.547020
v 1.088843 -0.312193 0.391303
v 1.155361 -0.234885 0.215076
v 1.187085 -0.162851 0.027117
v 1.183465 -0.095431 -0.163981
v 1.145904 -0.032146 -0.350194
v 1.077540 0.027245 -0.524525
v 0.982867 0.082690 -0.681399
v 0.867232 0.133812 -0.816938
v 0.736253 0.179909 -0.929065
v 0.595218 0.220003 -1.017402
v 0.448554 0.252943 -1.082952
v 0.299444 0.277546 -1.127565
v 0.149709 0.292782 -1.153279
v -0.000000 0.297945 -1.161656
v -0.149709 0.292782 -1.153279
v -0.299444 0.277546 -1.127565
v -0.448554 0.252943 -1.082952
v -0.595218 0.220003 -1.017402
v -0.736253 0.179909 -0.929065
v -0.867232 0.133812 -0.816938
v -0.982867 0.082690 -0.681399
v -1.077540 0.027245 -0.524525
v -1.145904 -0.032146 -0.350194
v -1.183465 -0.095431 -0.163981
v -1.187085 -0.162851 0.027117
v -1.155361 -0.234885 0.215076
v -1.088843 -0.312193 0.391303
v -0.990100 -0.395316 0.547020
v -0.866536 -0.448789 0.667195
v -0.839633 0.591647 0.581779
v -0.654324 0.754149 0.662368
v -0.430808 0.857851 0.717515
v -0.213533 0.913417 0.746303
v 0.000000 0.927505 0.759466
v 0.213533 0.913417 0.746303
v 0.430808 0.857851 0.717515
v 0.654324 0.754149 0.662368
v 0.839633 0.591647 0.581779
v 0.794829 -0.578166 0.654018
v 0.926578 -0.524439 0.550245
v 1.038530 -0.437808 0.407971
v 1.119004 -0.356124 0.240241
v 1.164331 -0.279186 0.056264
v 1.173051 -0.206574 -0.134719
v 1.145883 -0.137993 -0.323885
v 1.085535 -0.073350 -0.503363
v 0.996322 -0.012823 -0.666701
v 0.883641 0.043088 -0.809208
v 0.753344 0.093557 -0.928120
v 0.611076 0.137479 -1.022525
v 0.461677 0.173571 -1.093052
v 0.308756 0.200531 -1.141325
v 0.154529 0.217227 -1.169266
v -0.000000 0.222884 -1.178389
v -0.154529 0.217227 -1.169266
v -0.308756 0.200531 -1.141325
v -0.461677 0.173571 -1.093052
v -0.611076 0.137479 -1.022525
v -0.753344 0.093557 -0.928120
v -0.883641 0.043088 -0.809208
v -0.996322 -0.012823 -0.666701
v -1.085535 -0.073350 -0.503363
v -1.145883 -0.137993 -0.323885
v -1.173051 -0.206574 -0.134719
v -1.164331 -0.279186 0.056264
v -1.119004 -0.356124 0.240241
v -1.038530 -0.437808 0.407971
v -0.926578 -0.524439 0.550245
v -0.794829 -0.578166 0.654018
v -0.854088 0.539594 0.607895
v -0.669927 0.711200 0.693445
v -0.442414 0.821894 0.751649
v -0.219628 0.881362 0.782157
v 0.000000 0.896380 0.795904
v 0.219628 0.881362 0.782157
v 0.442414 0.821894 0.751649
v 0.669927 0.711200 0.693445
v 0.854088 0.539594 0.607895
v 0.731691 -0.670645 0.637043
v 0.869091 -0.617992 0.547375
v 0.991091 -0.529947 0.417152
v 1.082541 -0.445940 0.257582
v 1.138859 -0.366075 0.078120
v 1.157809 -0.290148 -0.111547
v 1.139506 -0.218036 -0.302009
v 1.086251 -0.149779 -0.484718
v 1.002165 -0.085674 -0.652525
v 0.892636 -0.026333 -0.800081
v 0.763664 0.027311 -0.924047
v 0.621156 0.074041 -1.023056
v 0.470276 0.112464 -1.097410
v 0.314968 0.141175 -1.148524
v 0.157775 0.158959 -1.178203
v -0.000000 0.164985 -1.187911
v -0.157775 0.158959 -1.178203
v -0.314968 0.141175 -1.148524
v -0.470276 0.112464 -1.097410
v -0.621156 0.074041 -1.023056
v -0.763664 0.027311 -0.924047
v -0.892636 -0.026333 -0.800081
v -1.002165 -0.085674 -0.652525
v -1.086251 -0.149779 -0.484718
v -1.139506 -0.218036 -0.302009
v -1.157809 -0.290148 -0.111547
v -1.138859 -0.366075 0.078120
v -1.082541 -0.445940 0.257582
v -0.991091 -0.529947 0.417152
v -0.869091 -0.617992 0.547375
v -0.731691 -0.670645 0.637043
v -0.862095 0.505767 0.623632
v -0.678415 0.682340 0.711700
v -0.449049 0.797611 0.772074
v -0.223205 0.859732 0.803874
v -0.000000 0.874926 0.817597
v 0.223205 0.859732 0.803874
v 0.449049 0.797611 0.772074
v 0.678415 0.682340 0.711700
v 0.862095 0.505767 0.623632
v 0.687917 -0.726329 0.623135
v 0.828585 -0.674963 0.543129
v 0.956908 -0.586637 0.421356
v 1.055443 -0.501658 0.267729
v 1.118996 -0.420338 0.091811
v 1.144799 -0.342631 -0.096454
v 1.132544 -0.268532 -0.287292
v 1.084239 -0.198180 -0.471728
v 1.003847 -0.131957 -0.642157
v 0.896731 -0.070552 -0.792793
v 0.768972 -0.014976 -0.919912
v 0.626635 0.033478 -1.021835
v 0.475091 0.073341 -1.098635
v 0.318506 0.103140 -1.151575
v 0.159640 0.121602 -1.182378
v -0.000000 0.127858 -1.192463
v -0.159640 0.121602 -1.182378
v -0.318506 0.103140 -1.151575
v -0.475091 0.073341 -1.098635
v -0.626635 0.033478 -1.021835
v -0.768972 -0.014976 -0.919912
v -0.896731 -0.070552 -0.792793
v -1.003847 -0.131957 -0.642157
v -1.084239 -0.198180 -0.471728
v -1.132544 -0.268532 -0.287292
v -1.144799 -0.342631 -0.096454
v -1.118996 -0.420338 0.091811
v -1.055443 -0.501658 0.267729
v -0.956908 -0.586637 0.421356
v -0.828585 -0.674963 0.543129
v -0.687917 -0.726329 0.623135
v -0.863696 0.493687 0.623169
v -0.658526 0.651516 0.689496
v -0.439995 0.771476 0.755357
v -0.220396 0.838733 0.792372
v -0.000000 0.841279 0.793934
v 0.220396 0.838733 0.792372
v 0.439995 0.771476 0.755357
v 0.658526 0.651516 0.689496
v 0.863696 0.493687 0.623169
v 0.669352 -0.743617 0.612301
v 0.809694 -0.691984 0.538758
v 0.939701 -0.604048 0.420734
v 1.040369 -0.519191 0.270049
v 1.106288 -0.437785 0.096297
v 1.134505 -0.359844 -0.090537
v 1.124552 -0.285406 -0.280596
v 1.078319 -0.214650 -0.464786
v 0.999687 -0.147987 -0.635373
v 0.893982 -0.086132 -0.786436
v 0.767286 -0.030121 -0.914122
v 0.625692 0.018729 -1.016646
v 0.474623 0.058928 -1.093992
v 0.318309 0.088983 -1.147362
v 0.159576 0.107605 -1.178437
v -0.000000 0.113917 -1.188616
v -0.159576 0.107605 -1.178437
v -0.318309 0.088983 -1.147362
v -0.474623 0.058928 -1.093992
v -0.625692 0.018729 -1.016646
v -0.767286 -0.030121 -0.914122
v -0.893982 -0.086132 -0.786436
v -0.999687 -0.147987 -0.635373
v -1.078319 -0.214650 -0.464786
v -1.124552 -0.285406 -0.280596
v -1.134505 -0.359844 -0.090537
v -1.106288 -0.437785 0.096297
v -1.040369 -0.519191 0.270049
v -0.939701 -0.604047 0.420734
v -0.809694 -0.691984 0.538758
v -0.669352 -0.743617 0.612301
v 0.000000 0.989918 -0.245801
v -0.005435 0.992082 -0.236869
v -0.005804 0.991649 -0.238655
v -0.003670 0.991717 -0.238428
v -0.001793 0.991755 -0.238298
v 0.000000 0.991777 -0.238212
v 0.001793 0.991755 -0.238298
v 0.003670 0.991717 -0.238428
v 0.005805 0.991649 -0.238655
v 0.005435 0.992082 -0.236869
v 0.016562 0.992753 -0.233157
v 0.018838 0.991220 -0.239498
v 0.018692 0.990500 -0.242509
v 0.018088 0.989854 -0.245209
v 0.017140 0.989266 -0.247663
v 0.015898 0.988747 -0.249835
v 0.014442 0.988304 -0.251695
v 0.012823 0.987936 -0.253241
v 0.011121 0.987641 -0.254486
v 0.009384 0.987419 -0.255433
v 0.007658 0.987259 -0.256119
v 0.005992 0.987150 -0.256593
v 0.004398 0.987082 -0.256895
v 0.002873 0.987045 -0.257064
v 0.001428 0.987021 -0.257171
v 0.000000 0.987023 -0.257168
v -0.001428 0.987021 -0.257171
v -0.002873 0.987045 -0.257064
v -0.004399 0.987081 -0.256896
v -0.005990 0.987150 -0.256591
v -0.007658 0.987259 -0.256119
v -0.009383 0.987419 -0.255433
v -0.011121 0.987641 -0.254486
v -0.012821 0.987936 -0.253240
v -0.014441 0.988304 -0.251695
v -0.015897 0.988747 -0.249835
v -0.017139 0.989266 -0.247664
v -0.018088 0.989854 -0.245209
v -0.018692 0.990500 -0.242509
v -0.018838 0.991220 -0.239498
v -0.016563 0.992753 -0.233157
v -0.030323 0.995973 -0.217288
v -0.024241 0.996535 -0.215792
v -0.015401 0.997068 -0.214191
v -0.007515 0.997332 -0.213416
v -0.000000 0.997452 -0.212992
v 0.007514 0.997332 -0.213417
v 0.015401 0.997068 -0.214192
v 0.024240 0.996535 -0.215793
v 0.030324 0.995973 -0.217288
v 0.071129 0.997219 -0.200300
v 0.073367 0.993903 -0.215743
v 0.072932 0.991376 -0.227367
v 0.070907 0.989031 -0.238096
v 0.067496 0.986889 -0.247883
v 0.062929 0.984987 -0.256594
v 0.057451 0.983348 -0.264139
v 0.051309 0.981981 -0.270482
v 0.044751 0.980883 -0.275643
v 0.037995 0.980040 -0.279680
v 0.031220 0.979424 -0.282703
v 0.024572 0.978999 -0.284856
v 0.018136 0.978726 -0.286300
v 0.011927 0.978568 -0.287185
v 0.005910 0.978487 -0.287657
v -0.000000 0.978464 -0.287800
v -0.005910 0.978487 -0.287658
v -0.011927 0.978568 -0.287186
v -0.018135 0.978727 -0.286298
v -0.024573 0.978998 -0.284859
v -0.031220 0.979424 -0.282702
v -0.037994 0.980040 -0.279680
v -0.044750 0.980883 -0.275643
v -0.051310 0.981981 -0.270483
v -0.057451 0.983348 -0.264139
v -0.062929 0.984987 -0.256594
v -0.067499 0.986889 -0.247883
v -0.070907 0.989030 -0.238096
v -0.072931 0.991376 -0.227367
v -0.073366 0.993903 -0.215744
v -0.071129 0.997219 -0.200301
v -0.070074 0.999419 -0.189203
v -0.053348 1.002452 -0.179664
v -0.033926 1.004007 -0.175826
v -0.016552 1.004776 -0.174013
v 0.000000 1.005083 -0.173049
v 0.016553 1.004776 -0.174012
v 0.033926 1.004007 -0.175826
v 0.053348 1.002452 -0.179664
v 0.070074 0.999419 -0.189204
v 0.154673 0.995923 -0.151129
v 0.158199 0.991379 -0.176735
v 0.157486 0.986764 -0.201811
v 0.153361 0.982400 -0.225223
v 0.146212 0.978399 -0.246619
v 0.136527 0.974845 -0.265708
v 0.124834 0.971792 -0.282293
v 0.111670 0.969265 -0.296290
v 0.097556 0.967260 -0.307725
v 0.082962 0.965746 -0.316728
v 0.068289 0.964667 -0.323527
v 0.053837 0.963952 -0.328414
v 0.039787 0.963518 -0.331725
v 0.026194 0.963281 -0.333795
v 0.012986 0.963172 -0.334905
v -0.000000 0.963141 -0.335252
v -0.012986 0.963172 -0.334905
v -0.026194 0.963281 -0.333794
v -0.039787 0.963518 -0.331726
v -0.053836 0.963952 -0.328414
v -0.068289 0.964667 -0.323527
v -0.082962 0.965746 -0.316728
v -0.097555 0.967260 -0.307725
v -0.111670 0.969265 -0.296290
v -0.124834 0.971792 -0.282293
v -0.136527 0.974845 -0.265708
v -0.146210 0.978400 -0.246620
v -0.153361 0.982400 -0.225223
v -0.157486 0.986764 -0.201811
v -0.158200 0.991379 -0.176734
v -0.154673 0.995923 -0.151129
v -0.122531 1.000411 -0.151264
v -0.091364 1.007008 -0.131722
v -0.058130 1.010374 -0.125055
v -0.028364 1.012060 -0.121927
v 0.000000 1.012664 -0.120266
v 0.028364 1.012060 -0.121927
v 0.058130 1.010374 -0.125055
v 0.091364 1.007008 -0.131722
v 0.122531 1.000411 -0.151264
v 0.263396 0.980260 -0.083355
v 0.267285 0.975501 -0.123378
v 0.266393 0.969510 -0.166046
v 0.259762 0.963715 -0.206059
v 0.247961 0.958370 -0.242704
v 0.231809 0.953629 -0.275468
v 0.212194 0.949593 -0.304006
v 0.190023 0.946312 -0.328159
v 0.166175 0.943787 -0.347955
v 0.141456 0.941967 -0.363605
v 0.116544 0.940767 -0.375476
v 0.091956 0.940064 -0.384061
v 0.068006 0.939720 -0.389917
v 0.044796 0.939599 -0.393601
v 0.022217 0.939580 -0.395595
v 0.000000 0.939583 -0.396221
v -0.022217 0.939580 -0.395594
v -0.044795 0.939599 -0.393601
v -0.068006 0.939720 -0.389917
v -0.091956 0.940063 -0.384061
v -0.116544 0.940767 -0.375476
v -0.141456 0.941967 -0.363604
v -0.166176 0.943786 -0.347955
v -0.190023 0.946312 -0.328159
v -0.212193 0.949593 -0.304006
v -0.231809 0.953629 -0.275468
v -0.247961 0.958370 -0.242704
v -0.259762 0.963715 -0.206059
v -0.266392 0.969510 -0.166046
v -0.267284 0.975501 -0.123379
v -0.263395 0.980260 -0.083355
v -0.184954 0.996192 -0.104473
v -0.136455 1.007653 -0.073670
v -0.086875 1.013893 -0.063750
v -0.042401 1.017056 -0.059107
v 0.000000 1.018093 -0.056624
v 0.042401 1.017056 -0.059107
v 0.086875 1.013893 -0.063750
v 0.136455 1.007653 -0.073670
v 0.184954 0.996192 -0.104473
v 0.388154 0.940583 -0.000299
v 0.392673 0.938012 -0.057262
v 0.392116 0.932401 -0.120480
v 0.383078 0.926697 -0.180024
v 0.366304 0.921359 -0.234735
v 0.342984 0.916641 -0.283811
v 0.314415 0.912709 -0.326698
v 0.281935 0.909655 -0.363121
v 0.246849 0.907487 -0.393087
v 0.210353 0.906145 -0.416875
v 0.173473 0.905502 -0.435007
v 0.136985 0.905386 -0.448190
v 0.101375 0.905595 -0.457239
v 0.066808 0.905926 -0.462969
v 0.033144 0.906205 -0.466087
v 0.000000 0.906312 -0.467069
v -0.033144 0.906205 -0.466087
v -0.066808 0.905926 -0.462969
v -0.101375 0.905595 -0.457239
v -0.136985 0.905386 -0.448190
v -0.173473 0.905502 -0.435007
v -0.210354 0.906145 -0.416875
v -0.246848 0.907487 -0.393087
v -0.281935 0.909655 -0.363121
v -0.314415 0.912709 -0.326698
v -0.342984 0.916641 -0.283811
v -0.366304 0.921360 -0.234735
v -0.383078 0.926697 -0.180024
v -0.392116 0.932401 -0.120480
v -0.392673 0.938012 -0.057262
v -0.388154 0.940583 -0.000299
v -0.254390 0.984213 -0.050624
v -0.186628 1.002045 -0.007502
v -0.118940 1.012454 0.005973
v -0.058082 1.017781 0.012276
v 0.000000 1.019410 0.015671
v 0.058082 1.017781 0.012276
v 0.118940 1.012454 0.005972
v 0.186628 1.002045 -0.007502
v 0.254390 0.984213 -0.050624
v 0.518212 0.869284 0.093132
v 0.524608 0.872238 0.018846
v 0.525480 0.869613 -0.066311
v 0.514830 0.866291 -0.147013
v 0.493558 0.863005 -0.221545
v 0.463216 0.860136 -0.288724
v 0.425528 0.857943 -0.347711
v 0.382291 0.856568 -0.398044
v 0.335277 0.856043 -0.439656
v 0.286128 0.856298 -0.472862
v 0.236260 0.857174 -0.498316
v 0.186761 0.858441 -0.516938
v 0.138326 0.859832 -0.529806
v 0.091214 0.861072 -0.538011
v 0.045269 0.861925 -0.542502
v -0.000000 0.862228 -0.543922
v -0.045269 0.861925 -0.542502
v -0.091214 0.861072 -0.538011
v -0.138326 0.859832 -0.529806
v -0.186761 0.858441 -0.516938
v -0.236260 0.857174 -0.498316
v -0.286128 0.856298 -0.472862
v -0.335277 0.856043 -0.439656
v -0.382291 0.856568 -0.398044
v -0.425528 0.857943 -0.347711
v -0.463216 0.860136 -0.288724
v -0.493558 0.863005 -0.221545
v -0.514830 0.866291 -0.147013
v -0.525480 0.869613 -0.066311
v -0.524608 0.872238 0.018846
v -0.518212 0.869284 0.093132
v -0.327850 0.962540 0.008323
v -0.239763 0.988347 0.064488
v -0.153030 1.004362 0.081734
v -0.074790 1.012623 0.089814
v 0.000000 1.015013 0.094182
v 0.074790 1.012623 0.089814
v 0.153030 1.004362 0.081734
v 0.239763 0.988347 0.064488
v 0.327850 0.962540 0.008323
v 0.641922 0.762464 0.190630
v 0.652128 0.774585 0.100868
v 0.656180 0.777992 -0.005725
v 0.645525 0.779768 -0.107638
v 0.621147 0.780976 -0.202458
v 0.584907 0.782148 -0.288514
v 0.538925 0.783647 -0.364569
v 0.485454 0.785686 -0.429879
v 0.426749 0.788329 -0.484216
v 0.364931 0.791505 -0.527859
v 0.301846 0.795024 -0.561542
v 0.238944 0.798603 -0.586364
v 0.177171 0.801903 -0.603648
v 0.116922 0.804575 -0.614753
v 0.058055 0.806318 -0.620870
v 0.000000 0.806924 -0.622812
v -0.058055 0.806319 -0.620870
v -0.116922 0.804576 -0.614753
v -0.177171 0.801903 -0.603648
v -0.238944 0.798603 -0.586364
v -0.301846 0.795024 -0.561542
v -0.364930 0.791505 -0.527859
v -0.426749 0.788329 -0.484216
v -0.485454 0.785686 -0.429879
v -0.538925 0.783647 -0.364569
v -0.584907 0.782148 -0.288514
v -0.621147 0.780976 -0.202458
v -0.645525 0.779767 -0.107638
v -0.656180 0.777992 -0.005725
v -0.652128 0.774585 0.100868
v -0.641922 0.762464 0.190630
v -0.402301 0.930097 0.070185
v -0.293694 0.965463 0.139765
v -0.187825 0.988540 0.160944
v -0.091897 1.000520 0.170900
v 0.000000 1.003839 0.176279
v 0.091897 1.000520 0.170900
v 0.187825 0.988540 0.160944
v 0.293694 0.965463 0.139764
v 0.402301 0.930097 0.070185
v 0.747813 0.621109 0.284773
v 0.764264 0.645563 0.183705
v 0.773839 0.657935 0.058188
v 0.765551 0.667476 -0.063288
v 0.740354 0.675611 -0.177461
v 0.700308 0.683024 -0.282037
v 0.647853 0.690193 -0.375254
v 0.585654 0.697404 -0.455953
v 0.516438 0.704764 -0.523626
v 0.442815 0.712204 -0.578410
v 0.367098 0.719507 -0.621034
v 0.291136 0.726336 -0.652708
v 0.216181 0.732281 -0.674951
v 0.142813 0.736915 -0.689361
v 0.070955 0.739868 -0.697352
v 0.000000 0.740882 -0.699899
v -0.070955 0.739868 -0.697352
v -0.142813 0.736915 -0.689361
v -0.216181 0.732281 -0.674951
v -0.291136 0.726336 -0.652708
v -0.367098 0.719507 -0.621034
v -0.442815 0.712204 -0.578410
v -0.516438 0.704764 -0.523626
v -0.585654 0.697404 -0.455953
v -0.647853 0.690193 -0.375254
v -0.700308 0.683024 -0.282037
v -0.740354 0.675611 -0.177461
v -0.765551 0.667476 -0.063288
v -0.773839 0.657935 0.058188
v -0.764264 0.645563 0.183705
v -0.747813 0.621109 0.284773
v -0.474810 0.886831 0.132639
v -0.346328 0.933194 0.215663
v -0.222041 0.964662 0.240907
v -0.108790 0.981088 0.252836
v 0.000000 0.985487 0.259242
v 0.108790 0.981088 0.252836
v 0.222041 0.964662 0.240907
v 0.346328 0.933194 0.215663
v 0.474810 0.886831 0.132639
v 0.826365 0.451329 0.368107
v 0.851608 0.490052 0.261878
v 0.869388 0.513618 0.121773
v 0.866376 0.533050 -0.016028
v 0.843332 0.550102 -0.147261
v 0.802358 0.565596 -0.268881
v 0.746091 0.580113 -0.378452
v 0.677527 0.594009 -0.474257
v 0.599821 0.607426 -0.555360
v 0.516059 0.620301 -0.621625
v 0.429040 0.632388 -0.673656
v 0.341051 0.643291 -0.712680
v 0.253702 0.652527 -0.740339
v 0.167814 0.659589 -0.758413
v 0.083441 0.664032 -0.768507
v -0.000000 0.665550 -0.771738
v -0.083441 0.664032 -0.768507
v -0.167814 0.659589 -0.758413
v -0.253702 0.652527 -0.740339
v -0.341051 0.643291 -0.712680
v -0.429040 0.632388 -0.673656
v -0.516059 0.620301 -0.621625
v -0.599821 0.607426 -0.555360
v -0.677527 0.594009 -0.474257
v -0.746091 0.580112 -0.378452
v -0.802358 0.565596 -0.268881
v -0.843332 0.550102 -0.147261
v -0.866376 0.533050 -0.016028
v -0.869388 0.513618 0.121773
v -0.851608 0.490052 0.261878
v -0.826365 0.451329 0.368107
v -0.542733 0.833783 0.193374
v -0.395782 0.892304 0.289555
v -0.254512 0.933224 0.318969
v -0.124909 0.954686 0.332969
v 0.000000 0.960284 0.340395
v 0.124909 0.954686 0.332969
v 0.254512 0.933224 0.318969
v 0.395782 0.892304 0.289555
v 0.542733 0.833783 0.193374
v 0.871666 0.263482 0.434445
v 0.907836 0.316679 0.330379
v 0.936445 0.352516 0.181330
v 0.941757 0.383014 0.031672
v 0.924148 0.410178 -0.113217
v 0.885560 0.434920 -0.249431
v 0.828672 0.457893 -0.373729
v 0.756693 0.479502 -0.483684
v 0.673128 0.499913 -0.577783
v 0.581510 0.519054 -0.655465
v 0.485116 0.536642 -0.717081
v 0.386702 0.552220 -0.763753
v 0.288280 0.565221 -0.797153
v 0.190979 0.575055 -0.819172
v 0.095046 0.581196 -0.831558
v 0.000000 0.583286 -0.835538
v -0.095045 0.581196 -0.831558
v -0.190979 0.575055 -0.819172
v -0.288280 0.565221 -0.797153
v -0.386702 0.552220 -0.763753
v -0.485116 0.536642 -0.717081
v -0.581510 0.519054 -0.655465
v -0.673128 0.499913 -0.577783
v -0.756693 0.479502 -0.483684
v -0.828671 0.457893 -0.373729
v -0.885560 0.434920 -0.249431
v -0.924147 0.410178 -0.113217
v -0.941757 0.383014 0.031672
v -0.936445 0.352516 0.181330
v -0.907836 0.316679 0.330378
v -0.871666 0.263482 0.434445
v -0.603895 0.773040 0.250273
v -0.440516 0.844479 0.359034
v -0.284255 0.895522 0.392683
v -0.139773 0.922406 0.408835
v 0.000000 0.929275 0.417256
v 0.139773 0.922406 0.408835
v 0.284255 0.895522 0.392683
v 0.440516 0.844479 0.359034
v 0.603895 0.773041 0.250273
v 0.882443 0.070347 0.479988
v 0.930765 0.136437 0.385488
v 0.972314 0.184266 0.233683
v 0.988668 0.225856 0.077288
v 0.979602 0.263337 -0.077162
v 0.946695 0.297645 -0.224834
v 0.892484 0.329452 -0.361586
v 0.820250 0.359178 -0.484158
v 0.733749 0.386983 -0.590322
v 0.636895 0.412771 -0.678953
v 0.533426 0.436207 -0.750006
v 0.426574 0.456758 -0.804382
v 0.318789 0.473769 -0.843674
v 0.211560 0.486553 -0.869807
v 0.105398 0.494504 -0.884607
v 0.000000 0.497204 -0.889382
v -0.105398 0.494504 -0.884607
v -0.211560 0.486553 -0.869807
v -0.318789 0.473769 -0.843674
v -0.426574 0.456758 -0.804382
v -0.533426 0.436207 -0.750006
v -0.636895 0.412771 -0.678953
v -0.733749 0.386983 -0.590322
v -0.820250 0.359178 -0.484158
v -0.892484 0.329452 -0.361586
v -0.946694 0.297645 -0.224834
v -0.979602 0.263337 -0.077162
v -0.988668 0.225856 0.077288
v -0.972314 0.184266 0.233683
v -0.930765 0.136437 0.385488
v -0.882443 0.070347 0.479988
v -0.656742 0.707596 0.301576
v -0.479427 0.792205 0.422062
v -0.310528 0.853562 0.459943
v -0.153010 0.886002 0.478291
v 0.000000 0.894158 0.487662
v 0.153010 0.886002 0.478291
v 0.310528 0.853562 0.459943
v 0.479427 0.792205 0.422062
v 0.656742 0.707596 0.301576
v 0.862160 -0.115136 0.503967
v 0.922658 -0.039123 0.425372
v 0.978367 0.019176 0.276664
v 1.007697 0.070789 0.118607
v 1.009637 0.117824 -0.041146
v 0.985205 0.161159 -0.196841
v 0.936619 0.201429 -0.343392
v 0.867081 0.239021 -0.476633
v 0.780479 0.274058 -0.593519
v 0.681030 0.306393 -0.692246
v 0.572886 0.335618 -0.772259
v 0.459743 0.361114 -0.834120
v 0.344506 0.382122 -0.879247
v 0.229065 0.397854 -0.909513
v 0.114249 0.407614 -0.926764
v -0.000000 0.410925 -0.932351
v -0.114249 0.407614 -0.926765
v -0.229065 0.397854 -0.909513
v -0.344506 0.382122 -0.879247
v -0.459743 0.361114 -0.834120
v -0.572886 0.335618 -0.772259
v -0.681030 0.306393 -0.692246
v -0.780479 0.274058 -0.593519
v -0.867081 0.239021 -0.476633
v -0.936619 0.201429 -0.343393
v -0.985205 0.161159 -0.196841
v -1.009637 0.117824 -0.041146
v -1.007697 0.070789 0.118607
v -0.978367 0.019176 0.276664
v -0.922658 -0.039123 0.425372
v -0.862160 -0.115136 0.503967
v -0.700417 0.641130 0.345986
v -0.511896 0.738572 0.477082
v -0.332857 0.809912 0.519079
v -0.164364 0.847760 0.539607
v 0.000000 0.857159 0.549856
v 0.164364 0.847760 0.539607
v 0.332857 0.809912 0.519079
v 0.511896 0.738572 0.477082
v 0.700418 0.641130 0.345986
v 0.818216 -0.281948 0.508649
v 0.889734 -0.199651 0.450290
v 0.959705 -0.133259 0.309383
v 1.002852 -0.073501 0.154012
v 1.017238 -0.018428 -0.007178
v 1.003168 0.032704 -0.167585
v 0.962392 0.080437 -0.321206
v 0.897895 0.125080 -0.462957
v 0.813580 0.166686 -0.588932
v 0.713874 0.205029 -0.696583
v 0.603278 0.239613 -0.784759
v 0.485920 0.269715 -0.853604
v 0.365150 0.294465 -0.904276
v 0.243276 0.312966 -0.938523
v 0.121481 0.324430 -0.958159
v -0.000000 0.328316 -0.964537
v -0.121481 0.324430 -0.958159
v -0.243276 0.312966 -0.938522
v -0.365150 0.294465 -0.904276
v -0.485920 0.269715 -0.853604
v -0.603278 0.239613 -0.784759
v -0.713874 0.205029 -0.696583
v -0.813580 0.166686 -0.588932
v -0.897895 0.125080 -0.462957
v -0.962392 0.080437 -0.321206
v -1.003168 0.032704 -0.167584
v -1.017238 -0.018428 -0.007179
v -1.002853 -0.073501 0.154011
v -0.959705 -0.133259 0.309383
v -0.889734 -0.199651 0.450290
v -0.818216 -0.281948 0.508649
v -0.734760 0.577749 0.382713
v -0.537765 0.687042 0.523046
v -0.351023 0.767514 0.568885
v -0.173698 0.810338 0.591482
v 0.000000 0.820874 0.602515
v 0.173697 0.810338 0.591482
v 0.351023 0.767514 0.568885
v 0.537765 0.687042 0.523046
v 0.734760 0.577749 0.382713
v 0.760531 -0.422354 0.498751
v 0.841038 -0.337267 0.462395
v 0.924247 -0.265463 0.332235
v 0.980833 -0.199816 0.182617
v 1.007869 -0.138629 0.022987
v 1.004872 -0.081343 -0.139334
v 0.973031 -0.027556 -0.297524
v 0.915010 0.022934 -0.445634
v 0.834627 0.070081 -0.578921
v 0.736426 0.113562 -0.694083
v 0.625186 0.152778 -0.789351
v 0.505406 0.186896 -0.864403
v 0.380853 0.214930 -0.920087
v 0.254236 0.235873 -0.957980
v 0.127103 0.248844 -0.979818
v -0.000000 0.253240 -0.986932
v -0.127102 0.248844 -0.979818
v -0.254236 0.235873 -0.957980
v -0.380853 0.214930 -0.920087
v -0.505406 0.186896 -0.864403
v -0.625186 0.152778 -0.789351
v -0.736426 0.113562 -0.694083
v -0.834627 0.070081 -0.578921
v -0.915010 0.022934 -0.445634
v -0.973031 -0.027556 -0.297525
v -1.004872 -0.081343 -0.139334
v -1.007868 -0.138629 0.022987
v -0.980833 -0.199816 0.182617
v -0.924247 -0.265463 0.332235
v -0.841038 -0.337267 0.462395
v -0.760531 -0.422354 0.498751
v -0.760193 0.521720 0.411425
v -0.557253 0.641242 0.559331
v -0.365020 0.729507 0.608541
v -0.180966 0.776600 0.632979
v -0.000000 0.788107 0.644672
v 0.180966 0.776600 0.632979
v 0.365020 0.729507 0.608541
v 0.557253 0.641242 0.559331
v 0.760193 0.521720 0.411425
v 0.699948 -0.532258 0.480497
v 0.787013 -0.447042 0.465202
v 0.881477 -0.372265 0.346663
v 0.949957 -0.302903 0.204241
v 0.988580 -0.237554 0.047968
v 0.996093 -0.175861 -0.114284
v 0.973102 -0.117579 -0.275015
v 0.921904 -0.062631 -0.427531
v 0.846165 -0.011169 -0.566341
v 0.750474 0.036378 -0.687456
v 0.639806 0.079308 -0.788518
v 0.518964 0.116677 -0.868750
v 0.392070 0.147390 -0.928685
v 0.262194 0.170336 -0.969702
v 0.131221 0.184548 -0.993442
v 0.000000 0.189364 -1.001192
v -0.131220 0.184548 -0.993442
v -0.262194 0.170336 -0.969702
v -0.392070 0.147390 -0.928684
v -0.518964 0.116677 -0.868750
v -0.639806 0.079308 -0.788518
v -0.750474 0.036378 -0.687456
v -0.846165 -0.011169 -0.566341
v -0.921904 -0.062630 -0.427531
v -0.973102 -0.117579 -0.275015
v -0.996094 -0.175861 -0.114284
v -0.988580 -0.237554 0.047968
v -0.949957 -0.302903 0.204241
v -0.881477 -0.372265 0.346663
v -0.787014 -0.447042 0.465202
v -0.699948 -0.532258 0.480497
v -0.777475 0.478118 0.431830
v -0.571314 0.606961 0.582990
v -0.375309 0.701347 0.634799
v -0.186327 0.751713 0.660820
v -0.000000 0.764020 0.672941
v 0.186327 0.751713 0.660820
v 0.375310 0.701347 0.634799
v 0.571315 0.606961 0.582990
v 0.777475 0.478118 0.431830
v 0.646860 -0.610550 0.460548
v 0.738109 -0.526642 0.462863
v 0.841137 -0.450671 0.354718
v 0.918981 -0.379333 0.219209
v 0.966975 -0.311494 0.066748
v 0.983206 -0.246985 -0.094414
v 0.967767 -0.185701 -0.256276
v 0.922609 -0.127682 -0.411567
v 0.851232 -0.073181 -0.554206
v 0.758217 -0.022719 -0.679640
v 0.648668 0.022909 -0.785025
v 0.527611 0.062665 -0.869193
v 0.399440 0.095360 -0.932398
v 0.267517 0.119797 -0.975843
v 0.134002 0.134935 -1.001067
v -0.000000 0.140065 -1.009317
v -0.134002 0.134935 -1.001067
v -0.267517 0.119797 -0.975843
v -0.399440 0.095360 -0.932398
v -0.527611 0.062665 -0.869193
v -0.648668 0.022909 -0.785025
v -0.758217 -0.022719 -0.679640
v -0.851232 -0.073181 -0.554206
v -0.922609 -0.127682 -0.411567
v -0.967767 -0.185701 -0.256276
v -0.983206 -0.246985 -0.094415
v -0.966975 -0.311494 0.066748
v -0.918981 -0.379333 0.219209
v -0.841137 -0.450671 0.354718
v -0.738109 -0.526642 0.462863
v -0.646860 -0.610550 0.460548
v -0.787872 0.480340 0.434481
v -0.597027 0.657833 0.513537
v -0.393495 0.760356 0.563835
v -0.194754 0.811906 0.594194
v -0.000000 0.825952 0.604094
v 0.194754 0.811906 0.594194
v 0.393495 0.760356 0.563835
v 0.597027 0.657832 0.513537
v 0.787872 0.480340 0.434481
v 0.610234 -0.656844 0.444828
v 0.703671 -0.575261 0.459395
v 0.812105 -0.499048 0.358533
v 0.896014 -0.426867 0.228048
v 0.950191 -0.357780 0.078570
v 0.972273 -0.291746 -0.081433
v 0.961991 -0.228765 -0.243651
v 0.921050 -0.168957 -0.400448
v 0.852814 -0.112648 -0.545353
v 0.761844 -0.060423 -0.673440
v 0.653313 -0.013146 -0.781535
v 0.532379 0.028082 -0.868208
v 0.403621 0.062007 -0.933511
v 0.270583 0.087374 -0.978524
v 0.135617 0.103091 -1.004711
v -0.000000 0.108418 -1.013285
v -0.135617 0.103091 -1.004711
v -0.270583 0.087374 -0.978524
v -0.403621 0.062007 -0.933511
v -0.532379 0.028082 -0.868207
v -0.653312 -0.013146 -0.781536
v -0.761844 -0.060423 -0.673440
v -0.852814 -0.112648 -0.545353
v -0.921050 -0.168957 -0.400448
v -0.961991 -0.228765 -0.243651
v -0.972273 -0.291746 -0.081434
v -0.950191 -0.357780 0.078570
v -0.896013 -0.426867 0.228049
v -0.812105 -0.499048 0.358533
v -0.703671 -0.575261 0.459395
v -0.610234 -0.656844 0.444828
v -0.849779 0.524155 0.453499
v -0.644336 0.716347 0.532865
v -0.434640 0.838836 0.599738
v -0.215559 0.902903 0.635611
v -0.000000 0.909323 0.638829
v 0.215559 0.902903 0.635611
v 0.434640 0.838836 0.599738
v 0.644336 0.716347 0.532865
v 0.849779 0.524155 0.453499
v 0.600632 -0.674013 0.443936
v 0.694212 -0.595459 0.460199
v 0.805147 -0.518885 0.361537
v 0.891703 -0.446102 0.232321
v 0.948440 -0.376267 0.083260
v 0.972814 -0.309390 -0.077058
v 0.964416 -0.245509 -0.240172
v 0.924862 -0.184776 -0.398272
v 0.857484 -0.127546 -0.544712
v 0.766851 -0.074432 -0.674402
v 0.658186 -0.026326 -0.784030
v 0.536725 0.015638 -0.872055
v 0.407129 0.050178 -0.938460
v 0.273037 0.076008 -0.984278
v 0.136877 0.092014 -1.010953
v -0.000000 0.097439 -1.019690
v -0.136877 0.092014 -1.010953
v -0.273037 0.076008 -0.984278
v -0.407129 0.050177 -0.938461
v -0.536725 0.015637 -0.872055
v -0.658186 -0.026327 -0.784030
v -0.766851 -0.074432 -0.674402
v -0.857484 -0.127546 -0.544711
v -0.924863 -0.184776 -0.398272
v -0.964416 -0.245509 -0.240172
v -0.972814 -0.309390 -0.077059
v -0.948440 -0.376267 0.083259
v -0.891703 -0.446101 0.232321
v -0.805148 -0.518885 0.361537
v -0.694212 -0.595459 0.460199
v -0.600632 -0.674013 0.443936
vn -0.0000 0.9702 -0.2423
vn -0.0299 0.9673 -0.2518
vn -0.0135 0.9726 -0.2320
vn -0.0086 0.9732 -0.2297
vn -0.0042 0.9735 -0.2287
vn -0.0000 0.9736 -0.2281
vn 0.0042 0.9735 -0.2287
vn 0.0086 0.9732 -0.2297
vn 0.0135 0.9726 -0.2320
vn 0.0299 0.9673 -0.2518
vn 0.0485 0.9700 -0.2384
vn 0.0289 0.9744 -0.2230
vn 0.0292 0.9733 -0.2279
vn 0.0292 0.9722 -0.2325
vn 0.0286 0.9711 -0.2368
vn 0.0274 0.9702 -0.2408
vn 0.0257 0.9693 -0.2444
vn 0.0237 0.9686 -0.2476
vn 0.0213 0.9679 -0.2503
vn 0.0186 0.9674 -0.2527
vn 0.0158 0.9669 -0.2546
vn 0.0128 0.9665 -0.2562
vn 0.0096 0.9663 -0.2574
vn 0.0065 0.9661 -0.2582
vn 0.0032 0.9660 -0.2586
vn -0.0000 0.9659 -0.2588
vn -0.0032 0.9660 -0.2586
vn -0.0065 0.9661 -0.2582
vn -0.0096 0.9663 -0.2574
vn -0.0128 0.9665 -0.2562
vn -0.0158 0.9669 -0.2546
vn -0.0186 0.9674 -0.2527
vn -0.0213 0.9679 -0.2503
vn -0.0237 0.9686 -0.2476
vn -0.0257 0.9693 -0.2444
vn -0.0274 0.9702 -0.2408
vn -0.0286 0.9711 -0.2368
vn -0.0292 0.9722 -0.2325
vn -0.0292 0.9733 -0.2279
vn -0.0289 0.9744 -0.2230
vn -0.0485 0.9700 -0.2384
vn -0.0587 0.9715 -0.2295
vn -0.0328 0.9772 -0.2097
vn -0.0206 0.9785 -0.2054
vn -0.0100 0.9790 -0.2036
vn -0.0000 0.9792 -0.2027
vn 0.0100 0.9790 -0.2036
vn 0.0206 0.9785 -0.2054
vn 0.0328 0.9772 -0.2097
vn 0.0587 0.9715 -0.2295
vn 0.0940 0.9767 -0.1929
vn 0.0820 0.9767 -0.1982
vn 0.0820 0.9738 -0.2121
vn 0.0808 0.9711 -0.2246
vn 0.0780 0.9686 -0.2361
vn 0.0737 0.9663 -0.2466
vn 0.0682 0.9643 -0.2559
vn 0.0617 0.9626 -0.2639
vn 0.0546 0.9611 -0.2706
vn 0.0471 0.9600 -0.2761
vn 0.0393 0.9591 -0.2805
vn 0.0314 0.9584 -0.2838
vn 0.0234 0.9579 -0.2861
vn 0.0156 0.9576 -0.2877
vn 0.0077 0.9574 -0.2886
vn -0.0000 0.9574 -0.2889
vn -0.0077 0.9574 -0.2886
vn -0.0156 0.9576 -0.2877
vn -0.0234 0.9579 -0.2861
vn -0.0314 0.9584 -0.2837
vn -0.0393 0.9591 -0.2805
vn -0.0471 0.9600 -0.2761
vn -0.0546 0.9611 -0.2706
vn -0.0617 0.9626 -0.2639
vn -0.0682 0.9643 -0.2559
vn -0.0737 0.9663 -0.2466
vn -0.0780 0.9686 -0.2361
vn -0.0808 0.9711 -0.2246
vn -0.0820 0.9738 -0.2121
vn -0.0820 0.9767 -0.1982
vn -0.0940 0.9767 -0.1929
vn -0.0968 0.9790 -0.1792
vn -0.0621 0.9827 -0.1744
vn -0.0388 0.9851 -0.1676
vn -0.0189 0.9861 -0.1649
vn -0.0000 0.9865 -0.1635
vn 0.0189 0.9861 -0.1649
vn 0.0388 0.9851 -0.1676
vn 0.0621 0.9827 -0.1744
vn 0.0968 0.9790 -0.1792
vn 0.1600 0.9793 -0.1240
vn 0.1643 0.9735 -0.1593
vn 0.1643 0.9684 -0.1873
vn 0.1611 0.9639 -0.2122
vn 0.1545 0.9596 -0.2351
vn 0.1452 0.9558 -0.2556
vn 0.1336 0.9525 -0.2737
vn 0.1204 0.9497 -0.2891
vn 0.1059 0.9474 -0.3019
vn 0.0907 0.9457 -0.3122
vn 0.0752 0.9444 -0.3202
vn 0.0597 0.9434 -0.3261
vn 0.0444 0.9428 -0.3303
vn 0.0293 0.9425 -0.3330
vn 0.0146 0.9423 -0.3345
vn -0.0000 0.9422 -0.3349
vn -0.0146 0.9423 -0.3345
vn -0.0293 0.9425 -0.3330
vn -0.0444 0.9428 -0.3303
vn -0.0597 0.9434 -0.3261
vn -0.0752 0.9444 -0.3202
vn -0.0907 0.9457 -0.3122
vn -0.1059 0.9474 -0.3019
vn -0.1204 0.9497 -0.2891
vn -0.1336 0.9525 -0.2737
vn -0.1452 0.9558 -0.2556
vn -0.1545 0.9596 -0.2351
vn -0.1611 0.9639 -0.2122
vn -0.1643 0.9684 -0.1873
vn -0.1643 0.9735 -0.1593
vn -0.1600 0.9793 -0.1240
vn -0.1463 0.9832 -0.1091
vn -0.1005 0.9867 -0.1274
vn -0.0627 0.9911 -0.1175
vn -0.0305 0.9931 -0.1136
vn -0.0000 0.9937 -0.1117
vn 0.0305 0.9931 -0.1136
vn 0.0627 0.9911 -0.1175
vn 0.1005 0.9867 -0.1274
vn 0.1463 0.9832 -0.1091
vn 0.2423 0.9696 -0.0350
vn 0.2699 0.9570 -0.1062
vn 0.2704 0.9506 -0.1527
vn 0.2646 0.9447 -0.1938
vn 0.2535 0.9392 -0.2315
vn 0.2379 0.9343 -0.2654
vn 0.2186 0.9302 -0.2950
vn 0.1965 0.9267 -0.3203
vn 0.1725 0.9240 -0.3413
vn 0.1474 0.9220 -0.3580
vn 0.1220 0.9206 -0.3709
vn 0.0966 0.9198 -0.3803
vn 0.0717 0.9193 -0.3869
vn 0.0473 0.9191 -0.3911
vn 0.0235 0.9190 -0.3935
vn -0.0000 0.9190 -0.3942
vn -0.0235 0.9190 -0.3935
vn -0.0473 0.9191 -0.3911
vn -0.0717 0.9193 -0.3869
vn -0.0966 0.9198 -0.3803
vn -0.1220 0.9206 -0.3709
vn -0.1474 0.9220 -0.3580
vn -0.1725 0.9240 -0.3413
vn -0.1965 0.9267 -0.3203
vn -0.2186 0.9302 -0.2950
vn -0.2379 0.9343 -0.2654
vn -0.2535 0.9392 -0.2315
vn -0.2646 0.9447 -0.1938
vn -0.2704 0.9506 -0.1527
vn -0.2699 0.9570 -0.1062
vn -0.2423 0.9696 -0.0350
vn -0.2045 0.9786 -0.0228
vn -0.1462 0.9867 -0.0706
vn -0.0910 0.9942 -0.0570
vn -0.0443 0.9977 -0.0517
vn -0.0000 0.9988 -0.0492
vn 0.0443 0.9977 -0.0517
vn 0.0910 0.9942 -0.0570
vn 0.1462 0.9867 -0.0706
vn 0.2045 0.9786 -0.0228
vn 0.3346 0.9397 0.0703
vn 0.3908 0.9196 -0.0404
vn 0.3926 0.9133 -0.1086
vn 0.3846 0.9076 -0.1686
vn 0.3686 0.9022 -0.2239
vn 0.3460 0.8975 -0.2736
vn 0.3179 0.8935 -0.3173
vn 0.2858 0.8903 -0.3545
vn 0.2509 0.8880 -0.3853
vn 0.2144 0.8866 -0.4100
vn 0.1772 0.8858 -0.4289
vn 0.1403 0.8856 -0.4428
vn 0.1041 0.8857 -0.4525
vn 0.0687 0.8859 -0.4587
vn 0.0341 0.8862 -0.4621
vn -0.0000 0.8863 -0.4631
vn -0.0341 0.8862 -0.4621
vn -0.0687 0.8859 -0.4587
vn -0.1041 0.8857 -0.4525
vn -0.1403 0.8856 -0.4428
vn -0.1772 0.8858 -0.4289
vn -0.2144 0.8866 -0.4100
vn -0.2509 0.8880 -0.3853
vn -0.2858 0.8903 -0.3545
vn -0.3179 0.8934 -0.3173
vn -0.3460 0.8975 -0.2736
vn -0.3686 0.9022 -0.2239
vn -0.3846 0.9076 -0.1686
vn -0.3926 0.9133 -0.1086
vn -0.3908 0.9196 -0.0404
vn -0.3346 0.9397 0.0703
vn -0.2673 0.9606 0.0760
vn -0.1970 0.9804 -0.0059
vn -0.1227 0.9924 0.0118
vn -0.0598 0.9980 0.0186
vn -0.0000 0.9998 0.0218
vn 0.0598 0.9980 0.0186
vn 0.1227 0.9924 0.0118
vn 0.1970 0.9804 -0.0059
vn 0.2673 0.9606 0.0760
vn 0.4286 0.8839 0.1871
vn 0.5177 0.8548 0.0353
vn 0.5221 0.8510 -0.0560
vn 0.5125 0.8478 -0.1366
vn 0.4922 0.8445 -0.2112
vn 0.4628 0.8416 -0.2785
vn 0.4259 0.8394 -0.3378
vn 0.3833 0.8379 -0.3886
vn 0.3368 0.8373 -0.4307
vn 0.2880 0.8374 -0.4645
vn 0.2382 0.8382 -0.4906
vn 0.1887 0.8394 -0.5098
vn 0.1399 0.8407 -0.5231
vn 0.0924 0.8419 -0.5317
vn 0.0459 0.8427 -0.5365
vn -0.0000 0.8430 -0.5380
vn -0.0459 0.8427 -0.5365
vn -0.0924 0.8419 -0.5317
vn -0.1399 0.8407 -0.5231
vn -0.1887 0.8394 -0.5098
vn -0.2382 0.8382 -0.4906
vn -0.2880 0.8374 -0.4645
vn -0.3368 0.8373 -0.4307
vn -0.3833 0.8379 -0.3886
vn -0.4259 0.8394 -0.3378
vn -0.4628 0.8416 -0.2785
vn -0.4922 0.8445 -0.2112
vn -0.5125 0.8478 -0.1366
vn -0.5221 0.8510 -0.0560
vn -0.5177 0.8548 0.0353
vn -0.4286 0.8839 0.1871
vn -0.3298 0.9262 0.1828
vn -0.2510 0.9659 0.0643
vn -0.1564 0.9839 0.0864
vn -0.0763 0.9926 0.0949
vn -0.0000 0.9951 0.0988
vn 0.0763 0.9926 0.0949
vn 0.1564 0.9839 0.0864
vn 0.2510 0.9659 0.0643
vn 0.3298 0.9262 0.1828
vn 0.5153 0.7992 0.3094
vn 0.6399 0.7595 0.1170
vn 0.6488 0.7610 0.0027
vn 0.6392 0.7627 -0.0985
vn 0.6160 0.7638 -0.1927
vn 0.5808 0.7649 -0.2784
vn 0.5359 0.7663 -0.3543
vn 0.4834 0.7683 -0.4196
vn 0.4256 0.7708 -0.4741
vn 0.3645 0.7738 -0.5180
vn 0.3019 0.7772 -0.5521
vn 0.2393 0.7806 -0.5773
vn 0.1777 0.7838 -0.5950
vn 0.1174 0.7864 -0.6064
vn 0.0583 0.7882 -0.6127
vn -0.0000 0.7887 -0.6147
vn -0.0583 0.7882 -0.6127
vn -0.1174 0.7864 -0.6064
vn -0.1777 0.7838 -0.5950
vn -0.2393 0.7806 -0.5773
vn -0.3019 0.7772 -0.5521
vn -0.3645 0.7738 -0.5180
vn -0.4256 0.7708 -0.4741
vn -0.4834 0.7683 -0.4196
vn -0.5359 0.7663 -0.3543
vn -0.5808 0.7649 -0.2784
vn -0.6160 0.7638 -0.1927
vn -0.6392 0.7627 -0.0985
vn -0.6488 0.7610 0.0027
vn -0.6399 0.7595 0.1170
vn -0.5153 0.7992 0.3094
vn -0.3870 0.8744 0.2927
vn -0.3057 0.9421 0.1376
vn -0.1907 0.9678 0.1643
vn -0.0932 0.9802 0.1747
vn -0.0000 0.9838 0.1792
vn 0.0932 0.9802 0.1747
vn 0.1907 0.9678 0.1643
vn 0.3057 0.9421 0.1376
vn 0.3870 0.8744 0.2927
vn 0.5857 0.6866 0.4307
vn 0.7468 0.6343 0.1999
vn 0.7627 0.6436 0.0645
vn 0.7554 0.6528 -0.0556
vn 0.7314 0.6607 -0.1686
vn 0.6927 0.6679 -0.2722
vn 0.6415 0.6749 -0.3647
vn 0.5806 0.6818 -0.4450
vn 0.5126 0.6889 -0.5124
vn 0.4401 0.6962 -0.5672
vn 0.3653 0.7032 -0.6099
vn 0.2900 0.7099 -0.6418
vn 0.2156 0.7157 -0.6643
vn 0.1425 0.7202 -0.6790
vn 0.0708 0.7231 -0.6871
vn -0.0000 0.7241 -0.6897
vn -0.0708 0.7231 -0.6871
vn -0.1425 0.7202 -0.6790
vn -0.2156 0.7157 -0.6643
vn -0.2900 0.7099 -0.6418
vn -0.3653 0.7032 -0.6099
vn -0.4401 0.6962 -0.5672
vn -0.5126 0.6889 -0.5124
vn -0.5806 0.6818 -0.4450
vn -0.6415 0.6749 -0.3647
vn -0.6927 0.6679 -0.2722
vn -0.7314 0.6607 -0.1686
vn -0.7554 0.6528 -0.0556
vn -0.7627 0.6436 0.0645
vn -0.7468 0.6343 0.1999
vn -0.5857 0.6866 0.4307
vn -0.4342 0.8069 0.4005
vn -0.3592 0.9091 0.2112
vn -0.2244 0.9437 0.2429
vn -0.1098 0.9606 0.2552
vn -0.0000 0.9655 0.2604
vn 0.1098 0.9606 0.2552
vn 0.2244 0.9437 0.2429
vn 0.3592 0.9091 0.2112
vn 0.4342 0.8069 0.4005
vn 0.6326 0.5510 0.5442
vn 0.8295 0.4839 0.2787
vn 0.8551 0.5030 0.1259
vn 0.8530 0.5218 -0.0100
vn 0.8311 0.5384 -0.1395
vn 0.7915 0.5534 -0.2596
vn 0.7367 0.5674 -0.3679
vn 0.6696 0.5809 -0.4628
vn 0.5934 0.5939 -0.5433
vn 0.5111 0.6064 -0.6092
vn 0.4253 0.6181 -0.6611
vn 0.3384 0.6287 -0.7001
vn 0.2520 0.6377 -0.7279
vn 0.1668 0.6446 -0.7461
vn 0.0830 0.6490 -0.7563
vn -0.0000 0.6505 -0.7595
vn -0.0830 0.6490 -0.7563
vn -0.1668 0.6446 -0.7461
vn -0.2520 0.6377 -0.7279
vn -0.3384 0.6287 -0.7001
vn -0.4253 0.6181 -0.6611
vn -0.5111 0.6064 -0.6092
vn -0.5934 0.5939 -0.5433
vn -0.6696 0.5809 -0.4628
vn -0.7367 0.5674 -0.3679
vn -0.7915 0.5534 -0.2596
vn -0.8311 0.5384 -0.1395
vn -0.8530 0.5218 -0.0100
vn -0.8551 0.5030 0.1259
vn -0.8295 0.4839 0.2787
vn -0.6326 0.5510 0.5442
vn -0.4684 0.7273 0.5016
vn -0.4094 0.8675 0.2826
vn -0.2563 0.9123 0.3195
vn -0.1257 0.9342 0.3339
vn -0.0000 0.9405 0.3397
vn 0.1257 0.9342 0.3339
vn 0.2563 0.9123 0.3195
vn 0.4094 0.8675 0.2826
vn 0.4684 0.7273 0.5016
vn 0.6513 0.4005 0.6445
vn 0.8820 0.3167 0.3489
vn 0.9200 0.3464 0.1832
vn 0.9260 0.3759 0.0358
vn 0.9093 0.4022 -0.1068
vn 0.8720 0.4262 -0.2410
vn 0.8166 0.4484 -0.3636
vn 0.7462 0.4693 -0.4721
vn 0.6644 0.4891 -0.5652
vn 0.5744 0.5076 -0.6421
vn 0.4797 0.5247 -0.7033
vn 0.3827 0.5399 -0.7497
vn 0.2855 0.5525 -0.7831
vn 0.1893 0.5621 -0.8051
vn 0.0942 0.5681 -0.8175
vn -0.0000 0.5702 -0.8215
vn -0.0942 0.5681 -0.8175
vn -0.1893 0.5621 -0.8051
vn -0.2855 0.5525 -0.7831
vn -0.3827 0.5399 -0.7497
vn -0.4797 0.5247 -0.7033
vn -0.5744 0.5076 -0.6421
vn -0.6644 0.4891 -0.5652
vn -0.7462 0.4693 -0.4721
vn -0.8166 0.4484 -0.3636
vn -0.8720 0.4262 -0.2410
vn -0.9093 0.4022 -0.1068
vn -0.9260 0.3759 0.0358
vn -0.9200 0.3464 0.1832
vn -0.8820 0.3167 0.3489
vn -0.6513 0.4005 0.6445
vn -0.5578 0.7630 0.3266
vn -0.4549 0.8191 0.3495
vn -0.2855 0.8747 0.3917
vn -0.1403 0.9020 0.4082
vn -0.0000 0.9100 0.4147
vn 0.1403 0.9020 0.4082
vn 0.2855 0.8747 0.3917
vn 0.4549 0.8191 0.3495
vn 0.5578 0.7630 0.3266
vn 0.3706 0.4556 0.8094
vn 0.3351 0.3624 0.8697
vn 0.8552 0.1060 0.5074
vn 0.9022 0.1431 0.4069
vn 0.9550 0.1830 0.2334
vn 0.9715 0.2233 0.0795
vn 0.9630 0.2596 -0.0723
vn 0.9311 0.2927 -0.2176
vn 0.8783 0.3235 -0.3521
vn 0.8077 0.3523 -0.4728
vn 0.7230 0.3792 -0.5775
vn 0.6280 0.4042 -0.6650
vn 0.5264 0.4269 -0.7353
vn 0.4213 0.4469 -0.7892
vn 0.3151 0.4634 -0.8282
vn 0.2092 0.4759 -0.8543
vn 0.1043 0.4836 -0.8691
vn -0.0000 0.4862 -0.8738
vn -0.1043 0.4836 -0.8691
vn -0.2092 0.4759 -0.8543
vn -0.3151 0.4634 -0.8282
vn -0.4213 0.4469 -0.7892
vn -0.5264 0.4269 -0.7353
vn -0.6280 0.4042 -0.6650
vn -0.7230 0.3792 -0.5775
vn -0.8077 0.3523 -0.4728
vn -0.8783 0.3235 -0.3521
vn -0.9311 0.2927 -0.2176
vn -0.9630 0.2596 -0.0723
vn -0.9715 0.2233 0.0795
vn -0.9550 0.1830 0.2334
vn -0.9022 0.1431 0.4069
vn -0.8552 0.1060 0.5074
vn -0.3351 0.3624 0.8697
vn -0.3706 0.4556 0.8094
vn -0.6024 0.7017 0.3805
vn -0.4946 0.7664 0.4099
vn -0.3111 0.8330 0.4576
vn -0.1532 0.8659 0.4762
vn -0.0000 0.8754 0.4833
vn 0.1532 0.8659 0.4762
vn 0.3111 0.8330 0.4576
vn 0.4946 0.7664 0.4099
vn 0.6024 0.7017 0.3805
vn 0.3221 0.3351 0.8854
vn 0.2764 0.2547 0.9267
vn 0.8305 -0.0663 0.5531
vn 0.8921 -0.0257 0.4511
vn 0.9613 0.0228 0.2745
vn 0.9902 0.0728 0.1189
vn 0.9923 0.1183 -0.0380
vn 0.9684 0.1602 -0.1910
vn 0.9209 0.1991 -0.3350
vn 0.8529 0.2355 -0.4659
vn 0.7681 0.2694 -0.5809
vn 0.6706 0.3007 -0.6781
vn 0.5645 0.3291 -0.7570
vn 0.4533 0.3538 -0.8181
vn 0.3399 0.3742 -0.8628
vn 0.2261 0.3895 -0.8928
vn 0.1128 0.3990 -0.9100
vn -0.0000 0.4022 -0.9155
vn -0.1128 0.3990 -0.9100
vn -0.2261 0.3895 -0.8928
vn -0.3399 0.3742 -0.8628
vn -0.4533 0.3538 -0.8181
vn -0.5645 0.3291 -0.7570
vn -0.6706 0.3007 -0.6781
vn -0.7681 0.2694 -0.5809
vn -0.8529 0.2355 -0.4659
vn -0.9209 0.1991 -0.3350
vn -0.9684 0.1602 -0.1910
vn -0.9923 0.1183 -0.0380
vn -0.9902 0.0728 0.1189
vn -0.9613 0.0228 0.2745
vn -0.8921 -0.0257 0.4511
vn -0.8305 -0.0663 0.5531
vn -0.2764 0.2547 0.9267
vn -0.3221 0.3351 0.8854
vn -0.6389 0.6405 0.4261
vn -0.5278 0.7126 0.4623
vn -0.3329 0.7897 0.5153
vn -0.1643 0.8280 0.5361
vn -0.0000 0.8392 0.5439
vn 0.1643 0.8280 0.5361
vn 0.3329 0.7897 0.5153
vn 0.5278 0.7126 0.4623
vn 0.6389 0.6405 0.4261
vn 0.2593 0.2289 0.9383
vn 0.2102 0.1647 0.9637
vn 0.7812 -0.2208 0.5840
vn 0.8577 -0.1798 0.4818
vn 0.9439 -0.1252 0.3056
vn 0.9860 -0.0673 0.1525
vn 0.9999 -0.0140 -0.0059
vn 0.9859 0.0355 -0.1633
vn 0.9459 0.0817 -0.3141
vn 0.8826 0.1249 -0.4532
vn 0.8000 0.1651 -0.5768
vn 0.7023 0.2023 -0.6826
vn 0.5938 0.2358 -0.7693
vn 0.4786 0.2650 -0.8371
vn 0.3598 0.2890 -0.8871
vn 0.2399 0.3070 -0.9210
vn 0.1198 0.3181 -0.9405
vn -0.0000 0.3219 -0.9468
vn -0.1198 0.3181 -0.9405
vn -0.2399 0.3070 -0.9210
vn -0.3598 0.2890 -0.8871
vn -0.4786 0.2650 -0.8371
vn -0.5938 0.2358 -0.7693
vn -0.7023 0.2023 -0.6826
vn -0.8000 0.1651 -0.5768
vn -0.8826 0.1249 -0.4532
vn -0.9459 0.0817 -0.3141
vn -0.9859 0.0355 -0.1633
vn -0.9999 -0.0140 -0.0059
vn -0.9860 -0.0673 0.1525
vn -0.9439 -0.1252 0.3056
vn -0.8577 -0.1798 0.4818
vn -0.7812 -0.2208 0.5840
vn -0.2102 0.1647 0.9637
vn -0.2593 0.2289 0.9383
vn -0.6675 0.5832 0.4629
vn -0.5544 0.6610 0.5057
vn -0.3504 0.7478 0.5639
vn -0.1734 0.7910 0.5867
vn -0.0000 0.8037 0.5950
vn 0.1734 0.7910 0.5867
vn 0.3504 0.7478 0.5639
vn 0.5544 0.6610 0.5057
vn 0.6675 0.5832 0.4629
vn 0.1909 0.1423 0.9712
vn 0.1444 0.0948 0.9850
vn 0.7172 -0.3495 0.6029
vn 0.8075 -0.3115 0.5009
vn 0.9103 -0.2538 0.3270
vn 0.9652 -0.1901 0.1794
vn 0.9912 -0.1307 0.0225
vn 0.9877 -0.0752 -0.1367
vn 0.9562 -0.0231 -0.2918
vn 0.8991 0.0257 -0.4369
vn 0.8202 0.0714 -0.5676
vn 0.7239 0.1135 -0.6805
vn 0.6148 0.1515 -0.7740
vn 0.4973 0.1846 -0.8477
vn 0.3749 0.2118 -0.9025
vn 0.2504 0.2321 -0.9399
vn 0.1252 0.2447 -0.9615
vn -0.0000 0.2489 -0.9685
vn -0.1252 0.2447 -0.9615
vn -0.2504 0.2321 -0.9399
vn -0.3749 0.2118 -0.9025
vn -0.4973 0.1846 -0.8477
vn -0.6148 0.1515 -0.7740
vn -0.7239 0.1135 -0.6805
vn -0.8202 0.0714 -0.5676
vn -0.8991 0.0257 -0.4369
vn -0.9562 -0.0231 -0.2918
vn -0.9877 -0.0752 -0.1367
vn -0.9912 -0.1307 0.0226
vn -0.9652 -0.1901 0.1794
vn -0.9103 -0.2538 0.3270
vn -0.8075 -0.3115 0.5009
vn -0.7172 -0.3495 0.6029
vn -0.1444 0.0948 0.9850
vn -0.1909 0.1423 0.9712
vn -0.6885 0.5338 0.4909
vn -0.5746 0.6151 0.5399
vn -0.3639 0.7102 0.6026
vn -0.1804 0.7576 0.6272
vn -0.0000 0.7717 0.6360
vn 0.1804 0.7576 0.6272
vn 0.3639 0.7102 0.6026
vn 0.5746 0.6151 0.5399
vn 0.6885 0.5338 0.4909
vn 0.1253 0.0770 0.9891
vn 0.0865 0.0447 0.9953
vn 0.6503 -0.4479 0.6136
vn 0.7518 -0.4162 0.5114
vn 0.8696 -0.3578 0.3402
vn 0.9359 -0.2904 0.1995
vn 0.9728 -0.2269 0.0459
vn 0.9794 -0.1670 -0.1132
vn 0.9563 -0.1105 -0.2707
vn 0.9057 -0.0572 -0.4200
vn 0.8313 -0.0074 -0.5558
vn 0.7374 0.0387 -0.6744
vn 0.6288 0.0803 -0.7734
vn 0.5103 0.1165 -0.8521
vn 0.3857 0.1463 -0.9110
vn 0.2581 0.1685 -0.9513
vn 0.1292 0.1823 -0.9747
vn -0.0000 0.1870 -0.9824
vn -0.1292 0.1823 -0.9747
vn -0.2581 0.1685 -0.9513
vn -0.3857 0.1463 -0.9110
vn -0.5103 0.1165 -0.8521
vn -0.6288 0.0803 -0.7734
vn -0.7374 0.0387 -0.6744
vn -0.8313 -0.0074 -0.5558
vn -0.9057 -0.0572 -0.4200
vn -0.9563 -0.1105 -0.2707
vn -0.9794 -0.1670 -0.1132
vn -0.9728 -0.2269 0.0459
vn -0.9359 -0.2904 0.1995
vn -0.8696 -0.3578 0.3402
vn -0.7518 -0.4162 0.5114
vn -0.6503 -0.4479 0.6136
vn -0.0865 0.0447 0.9953
vn -0.1253 0.0770 0.9891
vn -0.6987 0.4877 0.5234
vn -0.5865 0.5692 0.5762
vn -0.3723 0.6705 0.6418
vn -0.1848 0.7215 0.6674
vn -0.0000 0.7355 0.6775
vn 0.1848 0.7215 0.6674
vn 0.3723 0.6705 0.6418
vn 0.5865 0.5692 0.5762
vn 0.6987 0.4877 0.5234
vn 0.0696 0.0322 0.9971
vn 0.0392 0.0129 0.9991
vn 0.5927 -0.5153 0.6190
vn 0.7011 -0.4918 0.5164
vn 0.8311 -0.4347 0.3470
vn 0.9062 -0.3652 0.2129
vn 0.9521 -0.2992 0.0631
vn 0.9670 -0.2365 -0.0949
vn 0.9511 -0.1769 -0.2533
vn 0.9062 -0.1207 -0.4052
vn 0.8359 -0.0678 -0.5446
vn 0.7446 -0.0189 -0.6673
vn 0.6371 0.0253 -0.7703
vn 0.5184 0.0638 -0.8527
vn 0.3927 0.0955 -0.9147
vn 0.2631 0.1191 -0.9574
vn 0.1318 0.1338 -0.9822
vn -0.0000 0.1388 -0.9903
vn -0.1318 0.1338 -0.9822
vn -0.2631 0.1191 -0.9574
vn -0.3927 0.0955 -0.9147
vn -0.5184 0.0638 -0.8527
vn -0.6371 0.0253 -0.7703
vn -0.7446 -0.0189 -0.6673
vn -0.8359 -0.0678 -0.5446
vn -0.9062 -0.1207 -0.4052
vn -0.9511 -0.1769 -0.2533
vn -0.9670 -0.2365 -0.0949
vn -0.9521 -0.2992 0.0631
vn -0.9062 -0.3652 0.2129
vn -0.8311 -0.4347 0.3470
vn -0.7011 -0.4918 0.5164
vn -0.5927 -0.5153 0.6190
vn -0.0392 0.0129 0.9991
vn -0.0696 0.0322 0.9971
vn -0.7004 0.4738 0.5338
vn -0.6265 0.5230 0.5779
vn -0.3946 0.6377 0.6616
vn -0.1955 0.6982 0.6887
vn -0.0000 0.7135 0.7006
vn 0.1955 0.6982 0.6887
vn 0.3946 0.6377 0.6616
vn 0.6265 0.5230 0.5779
vn 0.7004 0.4738 0.5338
vn 0.0313 0.0079 0.9995
vn 0.5329 -0.6906 0.4889
vn 0.6420 -0.6423 0.4187
vn 0.7658 -0.5879 0.2605
vn 0.8376 -0.5266 0.1454
vn 0.8836 -0.4682 0.0112
vn 0.9009 -0.4127 -0.1346
vn 0.8888 -0.3599 -0.2838
vn 0.8484 -0.3099 -0.4292
vn 0.7827 -0.2627 -0.5642
vn 0.6961 -0.2187 -0.6838
vn 0.5937 -0.1785 -0.7846
vn 0.4808 -0.1429 -0.8651
vn 0.3623 -0.1132 -0.9252
vn 0.2416 -0.0906 -0.9662
vn 0.1206 -0.0763 -0.9898
vn -0.0000 -0.0714 -0.9974
vn -0.1206 -0.0763 -0.9898
vn -0.2416 -0.0906 -0.9662
vn -0.3623 -0.1132 -0.9252
vn -0.4808 -0.1429 -0.8651
vn -0.5937 -0.1785 -0.7846
vn -0.6961 -0.2187 -0.6838
vn -0.7827 -0.2627 -0.5642
vn -0.8484 -0.3099 -0.4292
vn -0.8888 -0.3599 -0.2838
vn -0.9009 -0.4127 -0.1346
vn -0.8836 -0.4682 0.0112
vn -0.8376 -0.5266 0.1454
vn -0.7658 -0.5879 0.2605
vn -0.6420 -0.6423 0.4187
vn -0.5329 -0.6906 0.4889
vn -0.0313 0.0079 0.9995
vn 0.0373 -0.4543 0.8900
vn 0.0436 -0.4969 0.8667
vn 0.0450 -0.5065 0.8611
vn 0.0349 -0.5301 0.8472
vn 0.0317 -0.5269 0.8493
vn 0.0045 -0.5257 0.8507
vn 0.0035 -0.5270 0.8499
vn -0.0000 -0.5414 0.8408
vn -0.0045 -0.5257 0.8507
vn -0.0035 -0.5270 0.8499
vn -0.0349 -0.5301 0.8472
vn -0.0317 -0.5269 0.8493
vn -0.0436 -0.4969 0.8667
vn -0.0450 -0.5065 0.8611
vn -0.0373 -0.4543 0.8900
vn -0.6606 0.0952 0.7446
vn -0.7963 0.1278 0.5913
vn -0.8700 0.1472 0.4706
vn 0.5085 -0.7458 0.4303
vn 0.5529 -0.7463 0.3706
vn 0.6839 -0.7111 0.1634
vn 0.7483 -0.6590 0.0756
vn 0.7925 -0.6089 -0.0355
vn 0.8117 -0.5611 -0.1623
vn 0.8037 -0.5159 -0.2964
vn 0.7689 -0.4731 -0.4300
vn 0.7096 -0.4329 -0.5560
vn 0.6296 -0.3954 -0.6688
vn 0.5343 -0.3610 -0.7643
vn 0.4295 -0.3305 -0.8404
vn 0.3206 -0.3049 -0.8968
vn 0.2118 -0.2853 -0.9348
vn 0.1050 -0.2729 -0.9563
vn -0.0000 -0.2686 -0.9632
vn -0.1050 -0.2729 -0.9563
vn -0.2118 -0.2853 -0.9348
vn -0.3206 -0.3049 -0.8968
vn -0.4295 -0.3305 -0.8404
vn -0.5343 -0.3610 -0.7643
vn -0.6296 -0.3954 -0.6688
vn -0.7096 -0.4329 -0.5560
vn -0.7690 -0.4731 -0.4300
vn -0.8037 -0.5159 -0.2964
vn -0.8117 -0.5611 -0.1623
vn -0.7925 -0.6089 -0.0355
vn -0.7483 -0.6590 0.0756
vn -0.6839 -0.7111 0.1634
vn -0.5529 -0.7463 0.3706
vn -0.5085 -0.7458 0.4303
vn 0.6606 0.0952 0.7446
vn 0.8700 0.1472 0.4706
vn 0.7963 0.1278 0.5913
vn 0.0001 0.9719 -0.2354
vn -0.0000 -0.9711 0.2386
vn 0.0084 -0.9731 0.2300
vn 0.0173 -0.9732 0.2295
vn 0.0041 -0.9734 0.2290
vn -0.0000 -0.9736 0.2284
vn -0.0041 -0.9734 0.2290
vn -0.0084 -0.9731 0.2301
vn -0.0173 -0.9731 0.2295
vn -0.0001 0.9719 -0.2354
vn -0.0000 -0.9704 0.2414
vn -0.0460 -0.9707 0.2357
vn -0.0316 -0.9693 0.2438
vn -0.0300 -0.9746 0.2220
vn -0.0296 -0.9732 0.2281
vn -0.0294 -0.9721 0.2329
vn -0.0287 -0.9710 0.2372
vn -0.0274 -0.9701 0.2411
vn -0.0256 -0.9693 0.2446
vn -0.0234 -0.9686 0.2477
vn -0.0210 -0.9679 0.2504
vn -0.0183 -0.9674 0.2526
vn -0.0155 -0.9670 0.2544
vn -0.0125 -0.9666 0.2558
vn -0.0095 -0.9664 0.2569
vn -0.0063 -0.9663 0.2575
vn -0.0032 -0.9661 0.2581
vn -0.0000 -0.9662 0.2580
vn 0.0032 -0.9661 0.2581
vn 0.0063 -0.9663 0.2575
vn 0.0095 -0.9664 0.2569
vn 0.0125 -0.9667 0.2558
vn 0.0155 -0.9670 0.2544
vn 0.0183 -0.9674 0.2526
vn 0.0210 -0.9679 0.2504
vn 0.0234 -0.9686 0.2477
vn 0.0256 -0.9693 0.2446
vn 0.0274 -0.9701 0.2411
vn 0.0287 -0.9710 0.2372
vn 0.0294 -0.9721 0.2329
vn 0.0296 -0.9732 0.2281
vn 0.0300 -0.9746 0.2220
vn 0.0461 -0.9707 0.2357
vn 0.0316 -0.9693 0.2438
vn 0.0354 -0.9764 0.2130
vn 0.0583 -0.9716 0.2295
vn 0.0204 -0.9784 0.2055
vn 0.0099 -0.9790 0.2038
vn -0.0000 -0.9792 0.2028
vn -0.0099 -0.9790 0.2038
vn -0.0204 -0.9784 0.2055
vn -0.0354 -0.9764 0.2130
vn -0.0583 -0.9716 0.2295
vn -0.0918 -0.9781 0.1867
vn -0.0813 -0.9769 0.1978
vn -0.0819 -0.9737 0.2124
vn -0.0806 -0.9710 0.2250
vn -0.0777 -0.9685 0.2365
vn -0.0734 -0.9663 0.2469
vn -0.0679 -0.9643 0.2561
vn -0.0614 -0.9625 0.2641
vn -0.0543 -0.9611 0.2707
vn -0.0468 -0.9600 0.2762
vn -0.0390 -0.9591 0.2804
vn -0.0311 -0.9584 0.2837
vn -0.0232 -0.9579 0.2860
vn -0.0154 -0.9576 0.2875
vn -0.0077 -0.9575 0.2884
vn -0.0000 -0.9574 0.2887
vn 0.0077 -0.9575 0.2884
vn 0.0154 -0.9576 0.2875
vn 0.0232 -0.9580 0.2860
vn 0.0311 -0.9584 0.2837
vn 0.0390 -0.9591 0.2804
vn 0.0468 -0.9600 0.2762
vn 0.0543 -0.9611 0.2707
vn 0.0614 -0.9625 0.2641
vn 0.0679 -0.9643 0.2561
vn 0.0734 -0.9663 0.2469
vn 0.0777 -0.9685 0.2365
vn 0.0806 -0.9710 0.2250
vn 0.0819 -0.9737 0.2124
vn 0.0813 -0.9769 0.1978
vn 0.0918 -0.9781 0.1867
vn 0.0639 -0.9825 0.1749
vn 0.0916 -0.9797 0.1782
vn 0.0386 -0.9851 0.1677
vn 0.0188 -0.9861 0.1652
vn -0.0000 -0.9865 0.1637
vn -0.0188 -0.9861 0.1652
vn -0.0386 -0.9851 0.1677
vn -0.0639 -0.9825 0.1749
vn -0.0916 -0.9797 0.1782
vn -0.1536 -0.9823 0.1073
vn -0.1633 -0.9737 0.1591
vn -0.1642 -0.9684 0.1879
vn -0.1609 -0.9638 0.2127
vn -0.1543 -0.9595 0.2355
vn -0.1449 -0.9558 0.2560
vn -0.1333 -0.9524 0.2740
vn -0.1200 -0.9497 0.2894
vn -0.1055 -0.9474 0.3021
vn -0.0903 -0.9457 0.3123
vn -0.0748 -0.9444 0.3202
vn -0.0594 -0.9435 0.3260
vn -0.0441 -0.9429 0.3301
vn -0.0292 -0.9426 0.3328
vn -0.0145 -0.9424 0.3342
vn -0.0000 -0.9423 0.3347
vn 0.0145 -0.9424 0.3342
vn 0.0292 -0.9426 0.3328
vn 0.0441 -0.9429 0.3301
vn 0.0594 -0.9435 0.3260
vn 0.0748 -0.9444 0.3202
vn 0.0903 -0.9457 0.3123
vn 0.1055 -0.9474 0.3021
vn 0.1200 -0.9497 0.2894
vn 0.1333 -0.9524 0.2740
vn 0.1449 -0.9558 0.2560
vn 0.1543 -0.9595 0.2355
vn 0.1609 -0.9638 0.2127
vn 0.1642 -0.9684 0.1879
vn 0.1633 -0.9737 0.1591
vn 0.1536 -0.9823 0.1073
vn 0.1026 -0.9864 0.1284
vn 0.1349 -0.9858 0.1003
vn 0.0625 -0.9911 0.1177
vn 0.0304 -0.9930 0.1139
vn -0.0000 -0.9937 0.1118
vn -0.0304 -0.9930 0.1139
vn -0.0625 -0.9911 0.1177
vn -0.1026 -0.9864 0.1284
vn -0.1349 -0.9858 0.1003
vn -0.2295 -0.9733 0.0019
vn -0.2678 -0.9576 0.1061
vn -0.2702 -0.9505 0.1533
vn -0.2644 -0.9446 0.1943
vn -0.2533 -0.9392 0.2320
vn -0.2376 -0.9343 0.2658
vn -0.2182 -0.9301 0.2954
vn -0.1961 -0.9267 0.3206
vn -0.1721 -0.9240 0.3414
vn -0.1471 -0.9220 0.3581
vn -0.1216 -0.9207 0.3709
vn -0.0963 -0.9199 0.3802
vn -0.0715 -0.9194 0.3868
vn -0.0472 -0.9192 0.3909
vn -0.0235 -0.9191 0.3932
vn -0.0000 -0.9191 0.3940
vn 0.0235 -0.9191 0.3932
vn 0.0472 -0.9192 0.3909
vn 0.0715 -0.9194 0.3868
vn 0.0963 -0.9199 0.3802
vn 0.1216 -0.9207 0.3709
vn 0.1471 -0.9220 0.3581
vn 0.1721 -0.9240 0.3414
vn 0.1961 -0.9267 0.3206
vn 0.2182 -0.9301 0.2954
vn 0.2376 -0.9343 0.2658
vn 0.2533 -0.9392 0.2320
vn 0.2644 -0.9446 0.1943
vn 0.2702 -0.9505 0.1533
vn 0.2678 -0.9576 0.1061
vn 0.2295 -0.9733 0.0019
vn 0.1484 -0.9863 0.0725
vn 0.1839 -0.9829 0.0005
vn 0.0910 -0.9942 0.0572
vn 0.0442 -0.9977 0.0520
vn -0.0000 -0.9988 0.0493
vn -0.0442 -0.9977 0.0520
vn -0.0910 -0.9942 0.0572
vn -0.1484 -0.9863 0.0725
vn -0.1839 -0.9829 0.0005
vn -0.3140 -0.9417 -0.1208
vn -0.3886 -0.9205 0.0411
vn -0.3925 -0.9132 0.1092
vn -0.3844 -0.9075 0.1691
vn -0.3684 -0.9022 0.2244
vn -0.3457 -0.8974 0.2740
vn -0.3176 -0.8934 0.3176
vn -0.2855 -0.8903 0.3548
vn -0.2505 -0.8880 0.3855
vn -0.2140 -0.8866 0.4100
vn -0.1769 -0.8859 0.4289
vn -0.1401 -0.8856 0.4427
vn -0.1039 -0.8858 0.4523
vn -0.0686 -0.8861 0.4585
vn -0.0341 -0.8863 0.4618
vn -0.0000 -0.8864 0.4629
vn 0.0341 -0.8863 0.4618
vn 0.0686 -0.8861 0.4585
vn 0.1039 -0.8858 0.4523
vn 0.1401 -0.8856 0.4427
vn 0.1769 -0.8859 0.4289
vn 0.2140 -0.8866 0.4100
vn 0.2505 -0.8880 0.3855
vn 0.2855 -0.8903 0.3548
vn 0.3176 -0.8934 0.3176
vn 0.3457 -0.8974 0.2740
vn 0.3684 -0.9022 0.2244
vn 0.3844 -0.9075 0.1691
vn 0.3925 -0.9132 0.1092
vn 0.3886 -0.9205 0.0411
vn 0.3140 -0.9417 -0.1208
vn 0.1991 -0.9799 0.0088
vn 0.2357 -0.9652 -0.1131
vn 0.1227 -0.9924 -0.0115
vn 0.0597 -0.9980 -0.0183
vn -0.0000 -0.9998 -0.0216
vn -0.0597 -0.9980 -0.0183
vn -0.1227 -0.9924 -0.0115
vn -0.1991 -0.9799 0.0088
vn -0.2357 -0.9652 -0.1131
vn -0.3986 -0.8814 -0.2534
vn -0.5157 -0.8561 -0.0341
vn -0.5221 -0.8510 0.0567
vn -0.5124 -0.8477 0.1371
vn -0.4921 -0.8445 0.2116
vn -0.4626 -0.8416 0.2789
vn -0.4256 -0.8393 0.3381
vn -0.3830 -0.8379 0.3888
vn -0.3365 -0.8373 0.4309
vn -0.2877 -0.8375 0.4646
vn -0.2380 -0.8383 0.4906
vn -0.1884 -0.8395 0.5097
vn -0.1398 -0.8408 0.5230
vn -0.0923 -0.8420 0.5315
vn -0.0458 -0.8428 0.5362
vn -0.0000 -0.8431 0.5377
vn 0.0458 -0.8428 0.5362
vn 0.0923 -0.8420 0.5315
vn 0.1398 -0.8408 0.5230
vn 0.1884 -0.8395 0.5097
vn 0.2380 -0.8383 0.4906
vn 0.2877 -0.8375 0.4646
vn 0.3365 -0.8373 0.4309
vn 0.3830 -0.8379 0.3888
vn 0.4256 -0.8393 0.3381
vn 0.4626 -0.8416 0.2789
vn 0.4921 -0.8445 0.2116
vn 0.5124 -0.8477 0.1371
vn 0.5221 -0.8510 0.0567
vn 0.5157 -0.8561 -0.0341
vn 0.3986 -0.8814 -0.2534
vn 0.2528 -0.9656 -0.0603
vn 0.2857 -0.9295 -0.2333
vn 0.1565 -0.9839 -0.0861
vn 0.0762 -0.9926 -0.0947
vn -0.0000 -0.9951 -0.0987
vn -0.0762 -0.9926 -0.0947
vn -0.1565 -0.9839 -0.0861
vn -0.2528 -0.9656 -0.0603
vn -0.2857 -0.9295 -0.2333
vn -0.4740 -0.7901 -0.3886
vn -0.6382 -0.7612 -0.1157
vn -0.6488 -0.7609 -0.0020
vn -0.6392 -0.7627 0.0989
vn -0.6159 -0.7638 0.1931
vn -0.5807 -0.7649 0.2788
vn -0.5357 -0.7663 0.3546
vn -0.4832 -0.7683 0.4198
vn -0.4254 -0.7708 0.4743
vn -0.3643 -0.7739 0.5181
vn -0.3017 -0.7773 0.5521
vn -0.2392 -0.7807 0.5773
vn -0.1776 -0.7840 0.5949
vn -0.1173 -0.7866 0.6062
vn -0.0583 -0.7883 0.6125
vn -0.0000 -0.7889 0.6145
vn 0.0583 -0.7883 0.6125
vn 0.1173 -0.7866 0.6062
vn 0.1776 -0.7840 0.5949
vn 0.2392 -0.7807 0.5773
vn 0.3017 -0.7773 0.5521
vn 0.3643 -0.7739 0.5181
vn 0.4254 -0.7708 0.4743
vn 0.4832 -0.7683 0.4198
vn 0.5357 -0.7663 0.3546
vn 0.5807 -0.7649 0.2788
vn 0.6159 -0.7638 0.1931
vn 0.6392 -0.7627 0.0989
vn 0.6488 -0.7609 -0.0020
vn 0.6382 -0.7612 -0.1157
vn 0.4740 -0.7901 -0.3886
vn 0.3071 -0.9424 -0.1325
vn 0.3288 -0.8759 -0.3532
vn 0.1909 -0.9678 -0.1640
vn 0.0931 -0.9802 -0.1745
vn -0.0000 -0.9838 -0.1791
vn -0.0931 -0.9802 -0.1745
vn -0.1909 -0.9678 -0.1640
vn -0.3071 -0.9424 -0.1325
vn -0.3288 -0.8759 -0.3532
vn -0.5310 -0.6699 -0.5189
vn -0.7453 -0.6364 -0.1989
vn -0.7628 -0.6435 -0.0638
vn -0.7555 -0.6528 0.0560
vn -0.7314 -0.6607 0.1689
vn -0.6926 -0.6679 0.2725
vn -0.6414 -0.6748 0.3650
vn -0.5805 -0.6818 0.4452
vn -0.5124 -0.6890 0.5126
vn -0.4399 -0.6962 0.5673
vn -0.3651 -0.7033 0.6100
vn -0.2899 -0.7100 0.6418
vn -0.2155 -0.7158 0.6642
vn -0.1425 -0.7203 0.6788
vn -0.0708 -0.7232 0.6869
vn -0.0000 -0.7242 0.6895
vn 0.0708 -0.7232 0.6869
vn 0.1425 -0.7203 0.6788
vn 0.2155 -0.7158 0.6642
vn 0.2899 -0.7100 0.6418
vn 0.3651 -0.7033 0.6100
vn 0.4399 -0.6962 0.5673
vn 0.5124 -0.6890 0.5126
vn 0.5805 -0.6818 0.4452
vn 0.6414 -0.6748 0.3650
vn 0.6926 -0.6679 0.2725
vn 0.7314 -0.6607 0.1689
vn 0.7555 -0.6528 0.0560
vn 0.7628 -0.6435 -0.0638
vn 0.7453 -0.6364 -0.1989
vn 0.5310 -0.6699 -0.5189
vn 0.3601 -0.9101 -0.2051
vn 0.4376 -0.8817 -0.1762
vn 0.2248 -0.9438 -0.2425
vn 0.1098 -0.9607 -0.2550
vn -0.0000 -0.9655 -0.2604
vn -0.1098 -0.9607 -0.2550
vn -0.2248 -0.9438 -0.2425
vn -0.3601 -0.9101 -0.2051
vn -0.4376 -0.8817 -0.1762
vn -0.2160 -0.5428 -0.8116
vn -0.2455 -0.6493 -0.7198
vn -0.8280 -0.4866 -0.2788
vn -0.8121 -0.4388 -0.3846
vn -0.8552 -0.5029 -0.1252
vn -0.8530 -0.5218 0.0103
vn -0.8311 -0.5383 0.1397
vn -0.7914 -0.5533 0.2598
vn -0.7366 -0.5674 0.3681
vn -0.6695 -0.5809 0.4630
vn -0.5933 -0.5939 0.5434
vn -0.5110 -0.6064 0.6093
vn -0.4252 -0.6182 0.6611
vn -0.3384 -0.6288 0.7001
vn -0.2519 -0.6378 0.7278
vn -0.1668 -0.6448 0.7460
vn -0.0830 -0.6491 0.7561
vn -0.0000 -0.6506 0.7594
vn 0.0830 -0.6491 0.7561
vn 0.1668 -0.6448 0.7460
vn 0.2519 -0.6378 0.7278
vn 0.3384 -0.6288 0.7001
vn 0.4252 -0.6182 0.6611
vn 0.5110 -0.6064 0.6093
vn 0.5933 -0.5939 0.5434
vn 0.6695 -0.5809 0.4630
vn 0.7366 -0.5674 0.3681
vn 0.7914 -0.5533 0.2598
vn 0.8311 -0.5383 0.1397
vn 0.8530 -0.5218 0.0103
vn 0.8552 -0.5029 -0.1252
vn 0.8280 -0.4866 -0.2788
vn 0.8121 -0.4388 -0.3846
vn 0.2455 -0.6493 -0.7198
vn 0.2160 -0.5428 -0.8116
vn 0.4098 -0.8695 -0.2758
vn 0.4959 -0.8340 -0.2421
vn 0.2568 -0.9123 -0.3190
vn 0.1257 -0.9343 -0.3336
vn -0.0000 -0.9405 -0.3397
vn -0.1257 -0.9343 -0.3336
vn -0.2568 -0.9123 -0.3190
vn -0.4098 -0.8695 -0.2758
vn -0.4959 -0.8340 -0.2421
vn -0.1617 -0.4193 -0.8933
vn -0.2071 -0.5194 -0.8291
vn -0.8800 -0.3202 -0.3509
vn -0.8458 -0.2606 -0.4656
vn -0.9202 -0.3464 -0.1825
vn -0.9260 -0.3759 -0.0357
vn -0.9093 -0.4022 0.1069
vn -0.8719 -0.4262 0.2411
vn -0.8165 -0.4484 0.3637
vn -0.7462 -0.4693 0.4722
vn -0.6643 -0.4891 0.5652
vn -0.5744 -0.5077 0.6421
vn -0.4796 -0.5248 0.7033
vn -0.3827 -0.5400 0.7497
vn -0.2855 -0.5527 0.7830
vn -0.1893 -0.5623 0.8050
vn -0.0942 -0.5683 0.8174
vn -0.0000 -0.5703 0.8214
vn 0.0942 -0.5683 0.8174
vn 0.1893 -0.5623 0.8050
vn 0.2855 -0.5527 0.7830
vn 0.3827 -0.5400 0.7497
vn 0.4796 -0.5248 0.7033
vn 0.5744 -0.5077 0.6421
vn 0.6643 -0.4891 0.5652
vn 0.7462 -0.4693 0.4722
vn 0.8165 -0.4484 0.3637
vn 0.8719 -0.4262 0.2411
vn 0.9093 -0.4022 0.1069
vn 0.9260 -0.3759 -0.0357
vn 0.9202 -0.3464 -0.1825
vn 0.8800 -0.3202 -0.3509
vn 0.8458 -0.2606 -0.4656
vn 0.2071 -0.5194 -0.8291
vn 0.1617 -0.4193 -0.8933
vn 0.4547 -0.8222 -0.3422
vn 0.5480 -0.7795 -0.3035
vn 0.2861 -0.8747 -0.3911
vn 0.1403 -0.9022 -0.4080
vn -0.0000 -0.9100 -0.4147
vn -0.1403 -0.9022 -0.4080
vn -0.2861 -0.8747 -0.3911
vn -0.4547 -0.8222 -0.3422
vn -0.5480 -0.7795 -0.3035
vn -0.0927 -0.3086 -0.9467
vn -0.1478 -0.3942 -0.9071
vn -0.8989 -0.1479 -0.4124
vn -0.8411 -0.0793 -0.5350
vn -0.9551 -0.1832 -0.2329
vn -0.9715 -0.2234 -0.0796
vn -0.9630 -0.2597 0.0723
vn -0.9311 -0.2928 0.2176
vn -0.8782 -0.3236 0.3521
vn -0.8076 -0.3523 0.4728
vn -0.7230 -0.3793 0.5775
vn -0.6280 -0.4043 0.6650
vn -0.5264 -0.4270 0.7352
vn -0.4213 -0.4470 0.7891
vn -0.3151 -0.4636 0.8282
vn -0.2092 -0.4760 0.8542
vn -0.1043 -0.4838 0.8689
vn -0.0000 -0.4864 0.8737
vn 0.1043 -0.4838 0.8689
vn 0.2092 -0.4760 0.8542
vn 0.3151 -0.4636 0.8282
vn 0.4213 -0.4470 0.7891
vn 0.5264 -0.4270 0.7352
vn 0.6280 -0.4043 0.6650
vn 0.7230 -0.3793 0.5775
vn 0.8076 -0.3523 0.4728
vn 0.8782 -0.3236 0.3521
vn 0.9311 -0.2928 0.2176
vn 0.9630 -0.2597 0.0723
vn 0.9715 -0.2234 -0.0796
vn 0.9551 -0.1832 -0.2329
vn 0.8989 -0.1479 -0.4124
vn 0.8411 -0.0793 -0.5350
vn 0.1478 -0.3942 -0.9071
vn 0.0927 -0.3086 -0.9467
vn 0.4938 -0.7709 -0.4024
vn 0.5926 -0.7212 -0.3588
vn 0.3119 -0.8331 -0.4568
vn 0.1533 -0.8660 -0.4759
vn -0.0000 -0.8755 -0.4833
vn -0.1533 -0.8660 -0.4759
vn -0.3119 -0.8331 -0.4568
vn -0.4938 -0.7709 -0.4024
vn -0.5926 -0.7212 -0.3588
vn -0.0166 -0.2172 -0.9760
vn -0.0744 -0.2843 -0.9558
vn -0.8863 0.0192 -0.4628
vn -0.7986 0.0911 -0.5949
vn -0.9614 -0.0231 -0.2741
vn -0.9902 -0.0731 -0.1192
vn -0.9922 -0.1185 0.0378
vn -0.9684 -0.1604 0.1908
vn -0.9210 -0.1993 0.3348
vn -0.8529 -0.2357 0.4658
vn -0.7681 -0.2696 0.5808
vn -0.6707 -0.3009 0.6780
vn -0.5646 -0.3292 0.7569
vn -0.4534 -0.3540 0.8180
vn -0.3400 -0.3744 0.8627
vn -0.2262 -0.3897 0.8927
vn -0.1129 -0.3992 0.9099
vn -0.0000 -0.4024 0.9154
vn 0.1129 -0.3992 0.9099
vn 0.2262 -0.3897 0.8927
vn 0.3400 -0.3744 0.8627
vn 0.4534 -0.3540 0.8180
vn 0.5646 -0.3292 0.7569
vn 0.6707 -0.3009 0.6780
vn 0.7681 -0.2696 0.5808
vn 0.8529 -0.2357 0.4658
vn 0.9210 -0.1993 0.3348
vn 0.9684 -0.1604 0.1908
vn 0.9922 -0.1185 0.0378
vn 0.9902 -0.0731 -0.1192
vn 0.9614 -0.0231 -0.2741
vn 0.8863 0.0192 -0.4628
vn 0.7986 0.0911 -0.5949
vn 0.0744 -0.2843 -0.9558
vn 0.0166 -0.2172 -0.9760
vn 0.5263 -0.7183 -0.4549
vn 0.6292 -0.6624 -0.4066
vn 0.3337 -0.7899 -0.5145
vn 0.1644 -0.8282 -0.5358
vn -0.0000 -0.8392 -0.5438
vn -0.1644 -0.8282 -0.5358
vn -0.3337 -0.7899 -0.5145
vn -0.5263 -0.7183 -0.4549
vn -0.6292 -0.6624 -0.4066
vn 0.0588 -0.1474 -0.9873
vn 0.0044 -0.1959 -0.9806
vn -0.8467 0.1709 -0.5039
vn -0.7205 0.2367 -0.6518
vn -0.9440 0.1247 -0.3055
vn -0.9860 0.0668 -0.1531
vn -0.9999 0.0135 0.0054
vn -0.9860 -0.0359 0.1629
vn -0.9460 -0.0820 0.3137
vn -0.8827 -0.1252 0.4529
vn -0.8001 -0.1654 0.5766
vn -0.7024 -0.2025 0.6824
vn -0.5939 -0.2360 0.7691
vn -0.4787 -0.2652 0.8370
vn -0.3600 -0.2892 0.8870
vn -0.2400 -0.3072 0.9209
vn -0.1199 -0.3183 0.9404
vn -0.0000 -0.3221 0.9467
vn 0.1199 -0.3183 0.9404
vn 0.2400 -0.3072 0.9209
vn 0.3600 -0.2892 0.8870
vn 0.4787 -0.2652 0.8370
vn 0.5939 -0.2360 0.7691
vn 0.7024 -0.2025 0.6824
vn 0.8001 -0.1654 0.5766
vn 0.8827 -0.1252 0.4529
vn 0.9460 -0.0820 0.3137
vn 0.9860 -0.0359 0.1629
vn 0.9999 0.0135 0.0054
vn 0.9860 0.0668 -0.1531
vn 0.9440 0.1247 -0.3055
vn 0.8467 0.1709 -0.5039
vn 0.7205 0.2367 -0.6518
vn -0.0044 -0.1959 -0.9806
vn -0.0588 -0.1474 -0.9873
vn 0.5522 -0.6681 -0.4986
vn 0.6576 -0.6072 -0.4459
vn 0.3514 -0.7481 -0.5629
vn 0.1735 -0.7913 -0.5863
vn -0.0000 -0.8038 -0.5949
vn -0.1735 -0.7913 -0.5863
vn -0.3514 -0.7481 -0.5629
vn -0.5522 -0.6681 -0.4986
vn -0.6576 -0.6072 -0.4459
vn 0.1269 -0.0983 -0.9870
vn 0.0803 -0.1304 -0.9882
vn -0.7862 0.2989 -0.5408
vn -0.6070 0.3426 -0.7170
vn -0.9104 0.2530 -0.3273
vn -0.9652 0.1893 -0.1803
vn -0.9912 0.1300 -0.0233
vn -0.9879 0.0746 0.1361
vn -0.9564 0.0226 0.2913
vn -0.8993 -0.0262 0.4365
vn -0.8204 -0.0718 0.5672
vn -0.7241 -0.1139 0.6802
vn -0.6151 -0.1519 0.7737
vn -0.4975 -0.1849 0.8475
vn -0.3751 -0.2121 0.9024
vn -0.2506 -0.2324 0.9398
vn -0.1253 -0.2450 0.9614
vn -0.0000 -0.2492 0.9684
vn 0.1253 -0.2450 0.9614
vn 0.2506 -0.2324 0.9398
vn 0.3751 -0.2121 0.9024
vn 0.4975 -0.1849 0.8475
vn 0.6151 -0.1519 0.7737
vn 0.7241 -0.1139 0.6802
vn 0.8204 -0.0718 0.5672
vn 0.8993 -0.0262 0.4365
vn 0.9564 0.0226 0.2913
vn 0.9879 0.0746 0.1361
vn 0.9912 0.1300 -0.0233
vn 0.9652 0.1893 -0.1803
vn 0.9104 0.2530 -0.3273
vn 0.7862 0.2989 -0.5408
vn 0.6070 0.3426 -0.7170
vn -0.0803 -0.1304 -0.9882
vn -0.1269 -0.0983 -0.9870
vn 0.5702 -0.6260 -0.5320
vn 0.6781 -0.5624 -0.4732
vn 0.3642 -0.7116 -0.6008
vn 0.1801 -0.7585 -0.6263
vn -0.0000 -0.7722 -0.6354
vn -0.1801 -0.7585 -0.6263
vn -0.3642 -0.7116 -0.6008
vn -0.5702 -0.6260 -0.5320
vn -0.6781 -0.5624 -0.4732
vn 0.1900 -0.0671 -0.9795
vn 0.1482 -0.0862 -0.9852
vn -0.7105 0.3962 -0.5815
vn -0.4529 0.3900 -0.8017
vn -0.8698 0.3566 -0.3410
vn -0.9360 0.2892 -0.2009
vn -0.9730 0.2258 -0.0470
vn -0.9797 0.1660 0.1123
vn -0.9566 0.1096 0.2699
vn -0.9061 0.0565 0.4194
vn -0.8316 0.0067 0.5553
vn -0.7377 -0.0393 0.6740
vn -0.6291 -0.0808 0.7731
vn -0.5106 -0.1170 0.8518
vn -0.3859 -0.1467 0.9108
vn -0.2582 -0.1689 0.9512
vn -0.1293 -0.1826 0.9746
vn -0.0000 -0.1873 0.9823
vn 0.1293 -0.1826 0.9746
vn 0.2582 -0.1689 0.9512
vn 0.3859 -0.1467 0.9108
vn 0.5106 -0.1170 0.8518
vn 0.6291 -0.0808 0.7731
vn 0.7377 -0.0393 0.6740
vn 0.8316 0.0067 0.5553
vn 0.9061 0.0565 0.4194
vn 0.9566 0.1096 0.2699
vn 0.9797 0.1660 0.1123
vn 0.9730 0.2258 -0.0470
vn 0.9360 0.2892 -0.2009
vn 0.8698 0.3566 -0.3410
vn 0.7105 0.3962 -0.5815
vn 0.4529 0.3900 -0.8017
vn -0.1482 -0.0862 -0.9852
vn -0.1900 -0.0671 -0.9795
vn 0.6096 -0.5922 -0.5270
vn 0.6844 -0.5477 -0.4813
vn 0.3929 -0.6863 -0.6121
vn 0.1937 -0.7414 -0.6425
vn -0.0000 -0.7577 -0.6526
vn -0.1937 -0.7414 -0.6425
vn -0.3929 -0.6863 -0.6121
vn -0.6096 -0.5922 -0.5270
vn -0.6844 -0.5477 -0.4813
vn 0.5071 -0.0883 -0.8574
vn 0.3628 -0.0768 -0.9287
vn -0.6226 0.4557 -0.6362
vn -0.2632 0.3684 -0.8916
vn -0.8315 0.4321 -0.3491
vn -0.9067 0.3626 -0.2154
vn -0.9528 0.2967 -0.0651
vn -0.9677 0.2341 0.0933
vn -0.9518 0.1747 0.2520
vn -0.9070 0.1185 0.4041
vn -0.8367 0.0658 0.5437
vn -0.7453 0.0170 0.6665
vn -0.6378 -0.0271 0.7697
vn -0.5190 -0.0655 0.8523
vn -0.3931 -0.0971 0.9143
vn -0.2634 -0.1207 0.9571
vn -0.1320 -0.1353 0.9820
vn -0.0000 -0.1403 0.9901
vn 0.1320 -0.1353 0.9820
vn 0.2634 -0.1207 0.9571
vn 0.3931 -0.0971 0.9143
vn 0.5190 -0.0655 0.8523
vn 0.6378 -0.0271 0.7697
vn 0.7453 0.0170 0.6665
vn 0.8367 0.0658 0.5437
vn 0.9070 0.1185 0.4041
vn 0.9518 0.1747 0.2520
vn 0.9677 0.2341 0.0933
vn 0.9528 0.2967 -0.0651
vn 0.9067 0.3626 -0.2154
vn 0.8315 0.4321 -0.3491
vn 0.6226 0.4557 -0.6362
vn 0.2631 0.3684 -0.8916
vn -0.3628 -0.0768 -0.9287
vn -0.5071 -0.0883 -0.8574
vn -0.6627 0.3692 0.6516
vn -0.5530 0.5246 0.6473
vn -0.5793 0.4915 0.6503
vn -0.3690 0.6651 0.6493
vn -0.3810 0.6600 0.6475
vn -0.1820 0.7217 0.6678
vn -0.1889 0.7203 0.6674
vn -0.0000 0.7400 0.6727
vn 0.1820 0.7217 0.6678
vn 0.1889 0.7203 0.6674
vn 0.3690 0.6651 0.6493
vn 0.3810 0.6600 0.6475
vn 0.5530 0.5246 0.6473
vn 0.5793 0.4915 0.6503
vn 0.6627 0.3692 0.6516
vn 0.5643 -0.0925 -0.8204
vn -0.2449 0.3650 -0.8982
vn -0.8237 0.3418 -0.4523
vn -0.7538 0.3101 -0.5793
vn -0.9140 0.2618 -0.3099
vn -0.9709 0.1856 -0.1516
vn -0.9935 0.1127 0.0141
vn -0.9829 0.0432 0.1791
vn -0.9415 -0.0224 0.3363
vn -0.8732 -0.0838 0.4800
vn -0.7827 -0.1402 0.6064
vn -0.6746 -0.1905 0.7131
vn -0.5534 -0.2336 0.7995
vn -0.4226 -0.2685 0.8656
vn -0.2852 -0.2941 0.9122
vn -0.1436 -0.3098 0.9399
vn -0.0000 -0.3150 0.9491
vn 0.1436 -0.3098 0.9399
vn 0.2852 -0.2941 0.9122
vn 0.4226 -0.2685 0.8656
vn 0.5534 -0.2336 0.7995
vn 0.6746 -0.1905 0.7131
vn 0.7827 -0.1402 0.6064
vn 0.8732 -0.0838 0.4800
vn 0.9415 -0.0224 0.3363
vn 0.9829 0.0432 0.1791
vn 0.9935 0.1127 0.0141
vn 0.9709 0.1856 -0.1516
vn 0.9140 0.2618 -0.3099
vn 0.8237 0.3418 -0.4523
vn 0.7538 0.3101 -0.5793
vn 0.2449 0.3650 -0.8982
vn -0.5643 -0.0925 -0.8204
vn 0.2045 -0.1249 0.9709
vn -0.0334 -0.3851 0.9223
vn -0.0336 -0.3854 0.9222
vn 0.1139 -0.2283 0.9669
vn -0.0348 -0.4106 0.9111
vn -0.0349 -0.4104 0.9112
vn -0.0178 -0.4120 0.9110
vn -0.0181 -0.4123 0.9109
vn -0.0000 -0.4012 0.9160
vn 0.0178 -0.4120 0.9110
vn 0.0181 -0.4123 0.9109
vn 0.0348 -0.4106 0.9111
vn 0.0349 -0.4104 0.9112
vn 0.0334 -0.3851 0.9223
vn 0.0336 -0.3854 0.9222
vn -0.2045 -0.1249 0.9709
vn -0.1139 -0.2283 0.9669
vn -0.3563 0.0654 0.9321
vn 0.2751 -0.1381 -0.9515
vn -0.7756 0.2230 -0.5906
vn -0.7400 0.2438 -0.6269
vn -0.8901 0.1377 -0.4344
vn -0.9622 0.0539 -0.2669
vn -0.9953 -0.0266 -0.0934
vn -0.9916 -0.1032 0.0776
vn -0.9550 -0.1757 0.2390
vn -0.8902 -0.2435 0.3852
vn -0.8023 -0.3056 0.5127
vn -0.6963 -0.3611 0.6203
vn -0.5760 -0.4089 0.7079
vn -0.4440 -0.4478 0.7761
vn -0.3024 -0.4767 0.8254
vn -0.1533 -0.4946 0.8555
vn -0.0000 -0.5006 0.8657
vn 0.1533 -0.4946 0.8555
vn 0.3024 -0.4767 0.8254
vn 0.4440 -0.4478 0.7761
vn 0.5760 -0.4089 0.7079
vn 0.6963 -0.3611 0.6203
vn 0.8023 -0.3056 0.5127
vn 0.8902 -0.2435 0.3851
vn 0.9550 -0.1758 0.2390
vn 0.9916 -0.1032 0.0776
vn 0.9953 -0.0265 -0.0934
vn 0.9622 0.0539 -0.2669
vn 0.8901 0.1377 -0.4344
vn 0.7756 0.2230 -0.5906
vn 0.7400 0.2438 -0.6269
vn -0.2751 -0.1381 -0.9515
vn 0.3563 0.0654 0.9321
vn 0.6102 -0.7593 -0.2262
vn 0.6720 -0.7244 -0.1537
vn 0.6071 -0.7607 -0.2295
vn 0.4326 -0.8383 -0.3317
vn 0.4344 -0.8376 -0.3312
vn 0.1753 -0.9088 -0.3785
vn 0.1739 -0.9091 -0.3786
vn -0.0000 -0.9208 -0.3900
vn -0.1753 -0.9088 -0.3785
vn -0.1739 -0.9091 -0.3786
vn -0.4326 -0.8383 -0.3317
vn -0.4344 -0.8376 -0.3312
vn -0.6102 -0.7593 -0.2262
vn -0.6071 -0.7607 -0.2295
vn -0.6720 -0.7244 -0.1537
vn -0.9446 0.1696 0.2811
vn 0.0440 -0.7255 -0.6869
vn 0.2369 -0.7150 -0.6578
vn 0.0588 -0.7256 -0.6856
vn -0.1839 -0.7445 -0.6418
vn -0.1835 -0.7442 -0.6423
vn -0.2559 -0.8004 -0.5420
vn -0.2557 -0.8002 -0.5424
vn -0.2919 -0.8443 -0.4495
vn -0.2918 -0.8441 -0.4498
vn -0.3047 -0.8778 -0.3696
vn -0.3047 -0.8777 -0.3699
vn -0.3020 -0.9032 -0.3049
vn -0.3020 -0.9031 -0.3051
vn -0.2901 -0.9224 -0.2550
vn -0.2901 -0.9224 -0.2551
vn -0.2734 -0.9370 -0.2175
vn -0.2734 -0.9370 -0.2176
vn -0.2539 -0.9486 -0.1891
vn -0.2540 -0.9485 -0.1892
vn -0.2316 -0.9585 -0.1663
vn -0.2317 -0.9585 -0.1663
vn -0.2042 -0.9679 -0.1464
vn -0.2043 -0.9679 -0.1464
vn -0.1685 -0.9773 -0.1281
vn -0.1686 -0.9773 -0.1281
vn -0.1219 -0.9862 -0.1123
vn -0.1220 -0.9862 -0.1123
vn -0.0644 -0.9928 -0.1012
vn -0.0645 -0.9928 -0.1012
vn -0.0000 -0.9953 -0.0971
vn 0.0644 -0.9928 -0.1012
vn 0.0645 -0.9928 -0.1012
vn 0.1219 -0.9862 -0.1123
vn 0.1220 -0.9862 -0.1123
vn 0.1685 -0.9773 -0.1281
vn 0.1686 -0.9773 -0.1281
vn 0.2042 -0.9679 -0.1464
vn 0.2043 -0.9679 -0.1464
vn 0.2316 -0.9585 -0.1663
vn 0.2317 -0.9585 -0.1663
vn 0.2539 -0.9486 -0.1891
vn 0.2540 -0.9485 -0.1892
vn 0.2734 -0.9370 -0.2175
vn 0.2734 -0.9370 -0.2176
vn 0.2901 -0.9224 -0.2550
vn 0.2901 -0.9224 -0.2551
vn 0.3020 -0.9032 -0.3049
vn 0.3020 -0.9031 -0.3051
vn 0.3047 -0.8778 -0.3696
vn 0.3047 -0.8777 -0.3699
vn 0.2919 -0.8443 -0.4495
vn 0.2918 -0.8441 -0.4498
vn 0.2559 -0.8004 -0.5420
vn 0.2557 -0.8002 -0.5424
vn 0.1839 -0.7445 -0.6418
vn 0.1835 -0.7442 -0.6423
vn -0.0440 -0.7255 -0.6869
vn -0.0588 -0.7256 -0.6856
vn -0.2369 -0.7150 -0.6578
vn 0.9446 0.1696 0.2811
s 1
usemtl LongAlineGlossy
f 1//1 2//2 3//3
f 1//1 3//3 4//4
f 1//1 4//4 5//5
f 1//1 5//5 6//6
f 1//1 6//6 7//7
f 1//1 7//7 8//8
f 1//1 8//8 9//9
f 1//1 9//9 10//10
f 1//1 10//10 11//11
f 1//1 11//11 12//12
f 1//1 12//12 13//13
f 1//1 13//13 14//14
f 1//1 14//14 15//15
f 1//1 15//15 16//16
f 1//1 16//16 17//17
f 1//1 17//17 18//18
f 1//1 18//18 19//19
f 1//1 19//19 20//20
f 1//1 20//20 21//21
f 1//1 21//21 22//22
f 1//1 22//22 23//23
f 1//1 23//23 24//24
f 1//1 24//24 25//25
f 1//1 25//25 26//26
f 1//1 26//26 27//27
f 1//1 27//27 28//28
f 1//1 28//28 29//29
f 1//1 29//29 30//30
f 1//1 30//30 31//31
f 1//1 31//31 32//32
f 1//1 32//32 33//33
f 1//1 33//33 34//34
f 1//1 34//34 35//35
f 1//1 35//35 36//36
f 1//1 36//36 37//37
f 1//1 37//37 38//38
f 1//1 38//38 39//39
f 1//1 39//39 40//40
f 1//1 40//40 41//41
f 1//1 41//41 2//2
f 2//2 42//42 43//43 3//3
f 3//3 43//43 44//44 4//4
f 4//4 44//44 45//45 5//5
f 5//5 45//45 46//46 6//6
f 6//6 46//46 47//47 7//7
f 7//7 47//47 48//48 8//8
f 8//8 48//48 49//49 9//9
f 9//9 49//49 50//50 10//10
f 10//10 50//50 51//51 11//11
f 11//11 51//51 52//52 12//12
f 12//12 52//52 53//53 13//13
f 13//13 53//53 54//54 14//14
f 14//14 54//54 55//55 15//15
f 15//15 55//55 56//56 16//16
f 16//16 56//56 57//57 17//17
f 17//17 57//57 58//58 18//18
f 18//18 58//58 59//59 19//19
f 19//19 59//59 60//60 20//20
f 20//20 60//60 61//61 21//21
f 21//21 61//61 62//62 22//22
f 22//22 62//62 63//63 23//23
f 23//23 63//63 64//64 24//24
f 24//24 64//64 65//65 25//25
f 25//25 65//65 66//66 26//26
f 26//26 66//66 67//67 27//27
f 27//27 67//67 68//68 28//28
f 28//28 68//68 69//69 29//29
f 29//29 69//69 70//70 30//30
f 30//30 70//70 71//71 31//31
f 31//31 71//71 72//72 32//32
f 32//32 72//72 73//73 33//33
f 33//33 73//73 74//74 34//34
f 34//34 74//74 75//75 35//35
f 35//35 75//75 76//76 36//36
f 36//36 76//76 77//77 37//37
f 37//37 77//77 78//78 38//38
f 38//38 78//78 79//79 39//39
f 39//39 79//79 80//80 40//40
f 40//40 80//80 81//81 41//41
f 41//41 81//81 42//42 2//2
f 42//42 82//82 83//83 43//43
f 43//43 83//83 84//84 44//44
f 44//44 84//84 85//85 45//45
f 45//45 85//85 86//86 46//46
f 46//46 86//86 87//87 47//47
f 47//47 87//87 88//88 48//48
f 48//48 88//88 89//89 49//49
f 49//49 89//89 90//90 50//50
f 50//50 90//90 91//91 51//51
f 51//51 91//91 92//92 52//52
f 52//52 92//92 93//93 53//53
f 53//53 93//93 94//94 54//54
f 54//54 94//94 95//95 55//55
f 55//55 95//95 96//96 56//56
f 56//56 96//96 97//97 57//57
f 57//57 97//97 98//98 58//58
f 58//58 98//98 99//99 59//59
f 59//59 99//99 100//100 60//60
f 60//60 100//100 101//101 61//61
f 61//61 101//101 102//102 62//62
f 62//62 102//102 103//103 63//63
f 63//63 103//103 104//104 64//64
f 64//64 104//104 105//105 65//65
f 65//65 105//105 106//106 66//66
f 66//66 106//106 107//107 67//67
f 67//67 107//107 108//108 68//68
f 68//68 108//108 109//109 69//69
f 69//69 109//109 110//110 70//70
f 70//70 110//110 111//111 71//71
f 71//71 111//111 112//112 72//72
f 72//72 112//112 113//113 73//73
f 73//73 113//113 114//114 74//74
f 74//74 114//114 115//115 75//75
f 75//75 115//115 116//116 76//76
f 76//76 116//116 117//117 77//77
f 77//77 117//117 118//118 78//78
f 78//78 118//118 119//119 79//79
f 79//79 119//119 120//120 80//80
f 80//80 120//120 121//121 81//81
f 81//81 121//121 82//82 42//42
f 82//82 122//122 123//123 83//83
f 83//83 123//123 124//124 84//84
f 84//84 124//124 125//125 85//85
f 85//85 125//125 126//126 86//86
f 86//86 126//126 127//127 87//87
f 87//87 127//127 128//128 88//88
f 88//88 128//128 129//129 89//89
f 89//89 129//129 130//130 90//90
f 90//90 130//130 131//131 91//91
f 91//91 131//131 132//132 92//92
f 92//92 132//132 133//133 93//93
f 93//93 133//133 134//134 94//94
f 94//94 134//134 135//135 95//95
f 95//95 135//135 136//136 96//96
f 96//96 136//136 137//137 97//97
f 97//97 137//137 138//138 98//98
f 98//98 138//138 139//139 99//99
f 99//99 139//139 140//140 100//100
f 100//100 140//140 141//141 101//101
f 101//101 141//141 142//142 102//102
f 102//102 142//142 143//143 103//103
f 103//103 143//143 144//144 104//104
f 104//104 144//144 145//145 105//105
f 105//105 145//145 146//146 106//106
f 106//106 146//146 147//147 107//107
f 107//107 147//147 148//148 108//108
f 108//108 148//148 149//149 109//109
f 109//109 149//149 150//150 110//110
f 110//110 150//150 151//151 111//111
f 111//111 151//151 152//152 112//112
f 112//112 152//152 153//153 113//113
f 113//113 153//153 154//154 114//114
f 114//114 154//154 155//155 115//115
f 115//115 155//155 156//156 116//116
f 116//116 156//156 157//157 117//117
f 117//117 157//157 158//158 118//118
f 118//118 158//158 159//159 119//119
f 119//119 159//159 160//160 120//120
f 120//120 160//160 161//161 121//121
f 121//121 161//161 122//122 82//82
f 122//122 162//162 163//163 123//123
f 123//123 163//163 164//164 124//124
f 124//124 164//164 165//165 125//125
f 125//125 165//165 166//166 126//126
f 126//126 166//166 167//167 127//127
f 127//127 167//167 168//168 128//128
f 128//128 168//168 169//169 129//129
f 129//129 169//169 170//170 130//130
f 130//130 170//170 171//171 131//131
f 131//131 171//171 172//172 132//132
f 132//132 172//172 173//173 133//133
f 133//133 173//173 174//174 134//134
f 134//134 174//174 175//175 135//135
f 135//135 175//175 176//176 136//136
f 136//136 176//176 177//177 137//137
f 137//137 177//177 178//178 138//138
f 138//138 178//178 179//179 139//139
f 139//139 179//179 180//180 140//140
f 140//140 180//180 181//181 141//141
f 141//141 181//181 182//182 142//142
f 142//142 182//182 183//183 143//143
f 143//143 183//183 184//184 144//144
f 144//144 184//184 185//185 145//145
f 145//145 185//185 186//186 146//146
f 146//146 186//186 187//187 147//147
f 147//147 187//187 188//188 148//148
f 148//148 188//188 189//189 149//149
f 149//149 189//189 190//190 150//150
f 150//150 190//190 191//191 151//151
f 151//151 191//191 192//192 152//152
f 152//152 192//192 193//193 153//153
f 153//153 193//193 194//194 154//154
f 154//154 194//194 195//195 155//155
f 155//155 195//195 196//196 156//156
f 156//156 196//196 197//197 157//157
f 157//157 197//197 198//198 158//158
f 158//158 198//198 199//199 159//159
f 159//159 199//199 200//200 160//160
f 160//160 200//200 201//201 161//161
f 161//161 201//201 162//162 122//122
f 162//162 202//202 203//203 163//163
f 163//163 203//203 204//204 164//164
f 164//164 204//204 205//205 165//165
f 165//165 205//205 206//206 166//166
f 166//166 206//206 207//207 167//167
f 167//167 207//207 208//208 168//168
f 168//168 208//208 209//209 169//169
f 169//169 209//209 210//210 170//170
f 170//170 210//210 211//211 171//171
f 171//171 211//211 212//212 172//172
f 172//172 212//212 213//213 173//173
f 173//173 213//213 214//214 174//174
f 174//174 214//214 215//215 175//175
f 175//175 215//215 216//216 176//176
f 176//176 216//216 217//217 177//177
f 177//177 217//217 218//218 178//178
f 178//178 218//218 219//219 179//179
f 179//179 219//219 220//220 180//180
f 180//180 220//220 221//221 181//181
f 181//181 221//221 222//222 182//182
f 182//182 222//222 223//223 183//183
f 183//183 223//223 224//224 184//184
f 184//184 224//224 225//225 185//185
f 185//185 225//225 226//226 186//186
f 186//186 226//226 227//227 187//187
f 187//187 227//227 228//228 188//188
f 188//188 228//228 229//229 189//189
f 189//189 229//229 230//230 190//190
f 190//190 230//230 231//231 191//191
f 191//191 231//231 232//232 192//192
f 192//192 232//232 233//233 193//193
f 193//193 233//233 234//234 194//194
f 194//194 234//234 235//235 195//195
f 195//195 235//235 236//236 196//196
f 196//196 236//236 237//237 197//197
f 197//197 237//237 238//238 198//198
f 198//198 238//238 239//239 199//199
f 199//199 239//239 240//240 200//200
f 200//200 240//240 241//241 201//201
f 201//201 241//241 202//202 162//162
f 202//202 242//242 243//243 203//203
f 203//203 243//243 244//244 204//204
f 204//204 244//244 245//245 205//205
f 205//205 245//245 246//246 206//206
f 206//206 246//246 247//247 207//207
f 207//207 247//247 248//248 208//208
f 208//208 248//248 249//249 209//209
f 209//209 249//249 250//250 210//210
f 210//210 250//250 251//251 211//211
f 211//211 251//251 252//252 212//212
f 212//212 252//252 253//253 213//213
f 213//213 253//253 254//254 214//214
f 214//214 254//254 255//255 215//215
f 215//215 255//255 256//256 216//216
f 216//216 256//256 257//257 217//217
f 217//217 257//257 258//258 218//218
f 218//218 258//258 259//259 219//219
f 219//219 259//259 260//260 220//220
f 220//220 260//260 261//261 221//221
f 221//221 261//261 262//262 222//222
f 222//222 262//262 263//263 223//223
f 223//223 263//263 264//264 224//224
f 224//224 264//264 265//265 225//225
f 225//225 265//265 266//266 226//226
f 226//226 266//266 267//267 227//227
f 227//227 267//267 268//268 228//228
f 228//228 268//268 269//269 229//229
f 229//229 269//269 270//270 230//230
f 230//230 270//270 271//271 231//231
f 231//231 271//271 272//272 232//232
f 232//232 272//272 273//273 233//233
f 233//233 273//273 274//274 234//234
f 234//234 274//274 275//275 235//235
f 235//235 275//275 276//276 236//236
f 236//236 276//276 277//277 237//237
f 237//237 277//277 278//278 238//238
f 238//238 278//278 279//279 239//239
f 239//239 279//279 280//280 240//240
f 240//240 280//280 281//281 241//241
f 241//241 281//281 242//242 202//202
f 242//242 282//282 283//283 243//243
f 243//243 283//283 284//284 244//244
f 244//244 284//284 285//285 245//245
f 245//245 285//285 286//286 246//246
f 246//246 286//286 287//287 247//247
f 247//247 287//287 288//288 248//248
f 248//248 288//288 289//289 249//249
f 249//249 289//289 290//290 250//250
f 250//250 290//290 291//291 251//251
f 251//251 291//291 292//292 252//252
f 252//252 292//292 293//293 253//253
f 253//253 293//293 294//294 254//254
f 254//254 294//294 295//295 255//255
f 255//255 295//295 296//296 256//256
f 256//256 296//296 297//297 257//257
f 257//257 297//297 298//298 258//258
f 258//258 298//298 299//299 259//259
f 259//259 299//299 300//300 260//260
f 260//260 300//300 301//301 261//261
f 261//261 301//301 302//302 262//262
f 262//262 302//302 303//303 263//263
f 263//263 303//303 304//304 264//264
f 264//264 304//304 305//305 265//265
f 265//265 305//305 306//306 266//266
f 266//266 306//306 307//307 267//267
f 267//267 307//307 308//308 268//268
f 268//268 308//308 309//309 269//269
f 269//269 309//309 310//310 270//270
f 270//270 310//310 311//311 271//271
f 271//271 311//311 312//312 272//272
f 272//272 312//312 313//313 273//273
f 273//273 313//313 314//314 274//274
f 274//274 314//314 315//315 275//275
f 275//275 315//315 316//316 276//276
f 276//276 316//316 317//317 277//277
f 277//277 317//317 318//318 278//278
f 278//278 318//318 319//319 279//279
f 279//279 319//319 320//320 280//280
f 280//280 320//320 321//321 281//281
f 281//281 321//321 282//282 242//242
f 282//282 322//322 323//323 283//283
f 283//283 323//323 324//324 284//284
f 284//284 324//324 325//325 285//285
f 285//285 325//325 326//326 286//286
f 286//286 326//326 327//327 287//287
f 287//287 327//327 328//328 288//288
f 288//288 328//328 329//329 289//289
f 289//289 329//329 330//330 290//290
f 290//290 330//330 331//331 291//291
f 291//291 331//331 332//332 292//292
f 292//292 332//332 333//333 293//293
f 293//293 333//333 334//334 294//294
f 294//294 334//334 335//335 295//295
f 295//295 335//335 336//336 296//296
f 296//296 336//336 337//337 297//297
f 297//297 337//337 338//338 298//298
f 298//298 338//338 339//339 299//299
f 299//299 339//339 340//340 300//300
f 300//300 340//340 341//341 301//301
f 301//301 341//341 342//342 302//302
f 302//302 342//342 343//343 303//303
f 303//303 343//343 344//344 304//304
f 304//304 344//344 345//345 305//305
f 305//305 345//345 346//346 306//306
f 306//306 346//346 347//347 307//307
f 307//307 347//347 348//348 308//308
f 308//308 348//348 349//349 309//309
f 309//309 349//349 350//350 310//310
f 310//310 350//350 351//351 311//311
f 311//311 351//351 352//352 312//312
f 312//312 352//352 353//353 313//313
f 313//313 353//353 354//354 314//314
f 314//314 354//354 355//355 315//315
f 315//315 355//355 356//356 316//316
f 316//316 356//356 357//357 317//317
f 317//317 357//357 358//358 318//318
f 318//318 358//358 359//359 319//319
f 319//319 359//359 360//360 320//320
f 320//320 360//360 361//361 321//321
f 321//321 361//361 322//322 282//282
f 322//322 362//362 363//363 323//323
f 323//323 363//363 364//364 324//324
f 324//324 364//364 365//365 325//325
f 325//325 365//365 366//366 326//326
f 326//326 366//366 367//367 327//327
f 327//327 367//367 368//368 328//328
f 328//328 368//368 369//369 329//329
f 329//329 369//369 370//370 330//330
f 330//330 370//370 371//371 331//331
f 331//331 371//371 372//372 332//332
f 332//332 372//372 373//373 333//333
f 333//333 373//373 374//374 334//334
f 334//334 374//374 375//375 335//335
f 335//335 375//375 376//376 336//336
f 336//336 376//376 377//377 337//337
f 337//337 377//377 378//378 338//338
f 338//338 378//378 379//379 339//339
f 339//339 379//379 380//380 340//340
f 340//340 380//380 381//381 341//341
f 341//341 381//381 382//382 342//342
f 342//342 382//382 383//383 343//343
f 343//343 383//383 384//384 344//344
f 344//344 384//384 385//385 345//345
f 345//345 385//385 386//386 346//346
f 346//346 386//386 387//387 347//347
f 347//347 387//387 388//388 348//348
f 348//348 388//388 389//389 349//349
f 349//349 389//389 390//390 350//350
f 350//350 390//390 391//391 351//351
f 351//351 391//391 392//392 352//352
f 352//352 392//392 393//393 353//353
f 353//353 393//393 394//394 354//354
f 354//354 394//394 395//395 355//355
f 355//355 395//395 396//396 356//356
f 356//356 396//396 397//397 357//357
f 357//357 397//397 398//398 358//358
f 358//358 398//398 399//399 359//359
f 359//359 399//399 400//400 360//360
f 360//360 400//400 401//401 361//361
f 361//361 401//401 362//362 322//322
f 362//362 402//402 403//403 363//363
f 363//363 403//403 404//404 364//364
f 364//364 404//404 405//405 365//365
f 365//365 405//405 406//406 366//366
f 366//366 406//406 407//407 367//367
f 367//367 407//407 408//408 368//368
f 368//368 408//408 409//409 369//369
f 369//369 409//409 410//410 370//370
f 370//370 410//411 411//412 371//371
f 371//371 411//413 412//414 372//372
f 372//372 412//414 413//415 373//373
f 373//373 413//415 414//416 374//374
f 374//374 414//416 415//417 375//375
f 375//375 415//417 416//418 376//376
f 376//376 416//418 417//419 377//377
f 377//377 417//419 418//420 378//378
f 378//378 418//420 419//421 379//379
f 379//379 419//421 420//422 380//380
f 380//380 420//422 421//423 381//381
f 381//381 421//423 422//424 382//382
f 382//382 422//424 423//425 383//383
f 383//383 423//425 424//426 384//384
f 384//384 424//426 425//427 385//385
f 385//385 425//427 426//428 386//386
f 386//386 426//428 427//429 387//387
f 387//387 427//429 428//430 388//388
f 388//388 428//430 429//431 389//389
f 389//389 429//431 430//432 390//390
f 390//390 430//432 431//433 391//391
f 391//391 431//433 432//434 392//392
f 392//392 432//434 433//435 393//393
f 393//393 433//435 434//436 394//394
f 394//394 434//436 435//437 395//395
f 395//395 435//437 436//438 396//396
f 396//396 436//438 437//439 397//397
f 397//397 437//439 438//440 398//398
f 398//398 438//440 439//441 399//399
f 399//399 439//441 440//442 400//400
f 400//400 440//442 441//443 401//401
f 401//401 441//444 402//445 362//362
f 402//402 442//446 443//447 403//403
f 403//403 443//447 444//448 404//404
f 404//404 444//448 445//449 405//405
f 405//405 445//449 446//450 406//406
f 406//406 446//450 447//451 407//407
f 407//407 447//451 448//452 408//408
f 408//408 448//452 449//453 409//409
f 409//409 449//453 450//454 410//410
f 410//411 450//455 451//456 411//412
f 411//413 451//457 452//458 412//414
f 412//414 452//458 453//459 413//415
f 413//415 453//459 454//460 414//416
f 414//416 454//460 455//461 415//417
f 415//417 455//461 456//462 416//418
f 416//418 456//462 457//463 417//419
f 417//419 457//463 458//464 418//420
f 418//420 458//464 459//465 419//421
f 419//421 459//465 460//466 420//422
f 420//422 460//466 461//467 421//423
f 421//423 461//467 462//468 422//424
f 422//424 462//468 463//469 423//425
f 423//425 463//469 464//470 424//426
f 424//426 464//470 465//471 425//427
f 425//427 465//471 466//472 426//428
f 426//428 466//472 467//473 427//429
f 427//429 467//473 468//474 428//430
f 428//430 468//474 469//475 429//431
f 429//431 469//475 470//476 430//432
f 430//432 470//476 471//477 431//433
f 431//433 471//477 472//478 432//434
f 432//434 472//478 473//479 433//435
f 433//435 473//479 474//480 434//436
f 434//436 474//480 475//481 435//437
f 435//437 475//481 476//482 436//438
f 436//438 476//482 477//483 437//439
f 437//439 477//483 478//484 438//440
f 438//440 478//484 479//485 439//441
f 439//441 479//485 480//486 440//442
f 440//442 480//486 481//487 441//443
f 441//444 481//488 442//489 402//445
f 442//446 482//490 483//491 443//447
f 443//447 483//491 484//492 444//448
f 444//448 484//492 485//493 445//449
f 445//449 485//493 486//494 446//450
f 446//450 486//494 487//495 447//451
f 447//451 487//495 488//496 448//452
f 448//452 488//496 489//497 449//453
f 449//453 489//497 490//498 450//454
f 450//455 490//499 491//500 451//456
f 451//457 491//501 492//502 452//458
f 452//458 492//502 493//503 453//459
f 453//459 493//503 494//504 454//460
f 454//460 494//504 495//505 455//461
f 455//461 495//505 496//506 456//462
f 456//462 496//506 497//507 457//463
f 457//463 497//507 498//508 458//464
f 458//464 498//508 499//509 459//465
f 459//465 499//509 500//510 460//466
f 460//466 500//510 501//511 461//467
f 461//467 501//511 502//512 462//468
f 462//468 502//512 503//513 463//469
f 463//469 503//513 504//514 464//470
f 464//470 504//514 505//515 465//471
f 465//471 505//515 506//516 466//472
f 466//472 506//516 507//517 467//473
f 467//473 507//517 508//518 468//474
f 468//474 508//518 509//519 469//475
f 469//475 509//519 510//520 470//476
f 470//476 510//520 511//521 471//477
f 471//477 511//521 512//522 472//478
f 472//478 512//522 513//523 473//479
f 473//479 513//523 514//524 474//480
f 474//480 514//524 515//525 475//481
f 475//481 515//525 516//526 476//482
f 476//482 516//526 517//527 477//483
f 477//483 517//527 518//528 478//484
f 478//484 518//528 519//529 479//485
f 479//485 519//529 520//530 480//486
f 480//486 520//530 521//531 481//487
f 481//488 521//532 482//533 442//489
f 482//490 522//534 523//535 483//491
f 483//491 523//535 524//536 484//492
f 484//492 524//536 525//537 485//493
f 485//493 525//537 526//538 486//494
f 486//494 526//538 527//539 487//495
f 487//495 527//539 528//540 488//496
f 488//496 528//540 529//541 489//497
f 489//497 529//541 530//542 490//498
f 490//499 530//543 531//544 491//500
f 491//501 531//545 532//546 492//502
f 492//502 532//546 533//547 493//503
f 493//503 533//547 534//548 494//504
f 494//504 534//548 535//549 495//505
f 495//505 535//549 536//550 496//506
f 496//506 536//550 537//551 497//507
f 497//507 537//551 538//552 498//508
f 498//508 538//552 539//553 499//509
f 499//509 539//553 540//554 500//510
f 500//510 540//554 541//555 501//511
f 501//511 541//555 542//556 502//512
f 502//512 542//556 543//557 503//513
f 503//513 543//557 544//558 504//514
f 504//514 544//558 545//559 505//515
f 505//515 545//559 546//560 506//516
f 506//516 546//560 547//561 507//517
f 507//517 547//561 548//562 508//518
f 508//518 548//562 549//563 509//519
f 509//519 549//563 550//564 510//520
f 510//520 550//564 551//565 511//521
f 511//521 551//565 552//566 512//522
f 512//522 552//566 553//567 513//523
f 513//523 553//567 554//568 514//524
f 514//524 554//568 555//569 515//525
f 515//525 555//569 556//570 516//526
f 516//526 556//570 557//571 517//527
f 517//527 557//571 558//572 518//528
f 518//528 558//572 559//573 519//529
f 519//529 559//573 560//574 520//530
f 520//530 560//574 561//575 521//531
f 521//532 561//576 522//577 482//533
f 522//534 562//578 563//579 523//535
f 523//535 563//579 564//580 524//536
f 524//536 564//580 565//581 525//537
f 525//537 565//581 566//582 526//538
f 526//538 566//582 567//583 527//539
f 527//539 567//583 568//584 528//540
f 528//540 568//584 569//585 529//541
f 529//541 569//585 570//586 530//542
f 530//543 570//587 571//588 531//544
f 531//545 571//589 572//590 532//546
f 532//546 572//590 573//591 533//547
f 533//547 573//591 574//592 534//548
f 534//548 574//592 575//593 535//549
f 535//549 575//593 576//594 536//550
f 536//550 576//594 577//595 537//551
f 537//551 577//595 578//596 538//552
f 538//552 578//596 579//597 539//553
f 539//553 579//597 580//598 540//554
f 540//554 580//598 581//599 541//555
f 541//555 581//599 582//600 542//556
f 542//556 582//600 583//601 543//557
f 543//557 583//601 584//602 544//558
f 544//558 584//602 585//603 545//559
f 545//559 585//603 586//604 546//560
f 546//560 586//604 587//605 547//561
f 547//561 587//605 588//606 548//562
f 548//562 588//606 589//607 549//563
f 549//563 589//607 590//608 550//564
f 550//564 590//608 591//609 551//565
f 551//565 591//609 592//610 552//566
f 552//566 592//610 593//611 553//567
f 553//567 593//611 594//612 554//568
f 554//568 594//612 595//613 555//569
f 555//569 595//613 596//614 556//570
f 556//570 596//614 597//615 557//571
f 557//571 597//615 598//616 558//572
f 558//572 598//616 599//617 559//573
f 559//573 599//617 600//618 560//574
f 560//574 600//618 601//619 561//575
f 561//576 601//620 562//621 522//577
f 562//578 602//622 603//623 563//579
f 563//579 603//623 604//624 564//580
f 564//580 604//624 605//625 565//581
f 565//581 605//625 606//626 566//582
f 566//582 606//626 607//627 567//583
f 567//583 607//627 608//628 568//584
f 568//584 608//628 609//629 569//585
f 569//585 609//629 610//630 570//586
f 570//587 610//631 611//632 571//588
f 571//589 611//633 612//634 572//590
f 572//590 612//634 613//635 573//591
f 573//591 613//635 614//636 574//592
f 574//592 614//636 615//637 575//593
f 575//593 615//637 616//638 576//594
f 576//594 616//638 617//639 577//595
f 577//595 617//639 618//640 578//596
f 578//596 618//640 619//641 579//597
f 579//597 619//641 620//642 580//598
f 580//598 620//642 621//643 581//599
f 581//599 621//643 622//644 582//600
f 582//600 622//644 623//645 583//601
f 583//601 623//645 624//646 584//602
f 584//602 624//646 625//647 585//603
f 585//603 625//647 626//648 586//604
f 586//604 626//648 627//649 587//605
f 587//605 627//649 628//650 588//606
f 588//606 628//650 629//651 589//607
f 589//607 629//651 630//652 590//608
f 590//608 630//652 631//653 591//609
f 591//609 631//653 632//654 592//610
f 592//610 632//654 633//655 593//611
f 593//611 633//655 634//656 594//612
f 594//612 634//656 635//657 595//613
f 595//613 635//657 636//658 596//614
f 596//614 636//658 637//659 597//615
f 597//615 637//659 638//660 598//616
f 598//616 638//660 639//661 599//617
f 599//617 639//661 640//662 600//618
f 600//618 640//662 641//663 601//619
f 601//620 641//664 602//665 562//621
f 602//622 642//666 643//667 603//623
f 603//623 643//667 644//668 604//624
f 604//624 644//668 645//669 605//625
f 605//625 645//669 646//670 606//626
f 606//626 646//670 647//671 607//627
f 607//627 647//671 648//672 608//628
f 608//628 648//672 649//673 609//629
f 609//629 649//673 650//674 610//630
f 610//631 650//675 651//675 611//632
f 611//633 651//676 652//677 612//634
f 612//634 652//677 653//678 613//635
f 613//635 653//678 654//679 614//636
f 614//636 654//679 655//680 615//637
f 615//637 655//680 656//681 616//638
f 616//638 656//681 657//682 617//639
f 617//639 657//682 658//683 618//640
f 618//640 658//683 659//684 619//641
f 619//641 659//684 660//685 620//642
f 620//642 660//685 661//686 621//643
f 621//643 661//686 662//687 622//644
f 622//644 662//687 663//688 623//645
f 623//645 663//688 664//689 624//646
f 624//646 664//689 665//690 625//647
f 625//647 665//690 666//691 626//648
f 626//648 666//691 667//692 627//649
f 627//649 667//692 668//693 628//650
f 628//650 668//693 669//694 629//651
f 629//651 669//694 670//695 630//652
f 630//652 670//695 671//696 631//653
f 631//653 671//696 672//697 632//654
f 632//654 672//697 673//698 633//655
f 633//655 673//698 674//699 634//656
f 634//656 674//699 675//700 635//657
f 635//657 675//700 676//701 636//658
f 636//658 676//701 677//702 637//659
f 637//659 677//702 678//703 638//660
f 638//660 678//703 679//704 639//661
f 639//661 679//704 680//705 640//662
f 640//662 680//705 681//706 641//663
f 641//664 681//707 642//707 602//665
f 642//708 682//708 683//709 643//710
f 643//710 683//709 684//711 644//712
f 644//712 684//711 685//713 645//714
f 645//714 685//713 686//715 646//715
f 646//715 686//715 687//716 647//717
f 647//717 687//716 688//718 648//719
f 648//719 688//718 689//720 649//721
f 649//721 689//720 690//722 650//722
f 650//723 690//724 691//725 651//723
f 651//676 691//726 692//727 652//677
f 652//677 692//727 693//728 653//678
f 653//678 693//728 694//729 654//679
f 654//679 694//729 695//730 655//680
f 655//680 695//730 696//731 656//681
f 656//681 696//731 697//732 657//682
f 657//682 697//732 698//733 658//683
f 658//683 698//733 699//734 659//684
f 659//684 699//734 700//735 660//685
f 660//685 700//735 701//736 661//686
f 661//686 701//736 702//737 662//687
f 662//687 702//737 703//738 663//688
f 663//688 703//738 704//739 664//689
f 664//689 704//739 705//740 665//690
f 665//690 705//740 706//741 666//691
f 666//691 706//741 707//742 667//692
f 667//692 707//742 708//743 668//693
f 668//693 708//743 709//744 669//694
f 669//694 709//744 710//745 670//695
f 670//695 710//745 711//746 671//696
f 671//696 711//746 712//747 672//697
f 672//697 712//747 713//748 673//698
f 673//698 713//748 714//749 674//699
f 674//699 714//749 715//750 675//700
f 675//700 715//750 716//751 676//701
f 676//701 716//751 717//752 677//702
f 677//702 717//752 718//753 678//703
f 678//703 718//753 719//754 679//704
f 679//704 719//754 720//755 680//705
f 680//705 720//755 721//756 681//706
f 681//757 721//758 682//759 642//757
f 722//760 724//760 723//760
f 722//761 725//762 724//763
f 722//761 726//764 725//762
f 722//761 727//765 726//764
f 722//761 728//766 727//765
f 722//761 729//767 728//766
f 722//761 730//768 729//767
f 722//769 731//769 730//769
f 722//770 732//771 731//772
f 722//770 733//773 732//771
f 722//770 734//774 733//773
f 722//770 735//775 734//774
f 722//770 736//776 735//775
f 722//770 737//777 736//776
f 722//770 738//778 737//777
f 722//770 739//779 738//778
f 722//770 740//780 739//779
f 722//770 741//781 740//780
f 722//770 742//782 741//781
f 722//770 743//783 742//782
f 722//770 744//784 743//783
f 722//770 745//785 744//784
f 722//770 746//786 745//785
f 722//770 747//787 746//786
f 722//770 748//788 747//787
f 722//770 749//789 748//788
f 722//770 750//790 749//789
f 722//770 751//791 750//790
f 722//770 752//792 751//791
f 722//770 753//793 752//792
f 722//770 754//794 753//793
f 722//770 755//795 754//794
f 722//770 756//796 755//795
f 722//770 757//797 756//796
f 722//770 758//798 757//797
f 722//770 759//799 758//798
f 722//770 760//800 759//799
f 722//770 761//801 760//800
f 722//770 762//802 761//801
f 722//770 723//803 762//802
f 723//803 724//763 764//804 763//805
f 724//763 725//762 765//806 764//804
f 725//762 726//764 766//807 765//806
f 726//764 727//765 767//808 766//807
f 727//765 728//766 768//809 767//808
f 728//766 729//767 769//810 768//809
f 729//767 730//768 770//811 769//810
f 730//768 731//772 771//812 770//811
f 731//772 732//771 772//813 771//812
f 732//771 733//773 773//814 772//813
f 733//773 734//774 774//815 773//814
f 734//774 735//775 775//816 774//815
f 735//775 736//776 776//817 775//816
f 736//776 737//777 777//818 776//817
f 737//777 738//778 778//819 777//818
f 738//778 739//779 779//820 778//819
f 739//779 740//780 780//821 779//820
f 740//780 741//781 781//822 780//821
f 741//781 742//782 782//823 781//822
f 742//782 743//783 783//824 782//823
f 743//783 744//784 784//825 783//824
f 744//784 745//785 785//826 784//825
f 745//785 746//786 786//827 785//826
f 746//786 747//787 787//828 786//827
f 747//787 748//788 788//829 787//828
f 748//788 749//789 789//830 788//829
f 749//789 750//790 790//831 789//830
f 750//790 751//791 791//832 790//831
f 751//791 752//792 792//833 791//832
f 752//792 753//793 793//834 792//833
f 753//793 754//794 794//835 793//834
f 754//794 755//795 795//836 794//835
f 755//795 756//796 796//837 795//836
f 756//796 757//797 797//838 796//837
f 757//797 758//798 798//839 797//838
f 758//798 759//799 799//840 798//839
f 759//799 760//800 800//841 799//840
f 760//800 761//801 801//842 800//841
f 761//801 762//802 802//843 801//842
f 762//802 723//803 763//805 802//843
f 763//805 764//804 804//844 803//845
f 764//804 765//806 805//846 804//844
f 765//806 766//807 806//847 805//846
f 766//807 767//808 807//848 806//847
f 767//808 768//809 808//849 807//848
f 768//809 769//810 809//850 808//849
f 769//810 770//811 810//851 809//850
f 770//811 771//812 811//852 810//851
f 771//812 772//813 812//853 811//852
f 772//813 773//814 813//854 812//853
f 773//814 774//815 814//855 813//854
f 774//815 775//816 815//856 814//855
f 775//816 776//817 816//857 815//856
f 776//817 777//818 817//858 816//857
f 777//818 778//819 818//859 817//858
f 778//819 779//820 819//860 818//859
f 779//820 780//821 820//861 819//860
f 780//821 781//822 821//862 820//861
f 781//822 782//823 822//863 821//862
f 782//823 783//824 823//864 822//863
f 783//824 784//825 824//865 823//864
f 784//825 785//826 825//866 824//865
f 785//826 786//827 826//867 825//866
f 786//827 787//828 827//868 826//867
f 787//828 788//829 828//869 827//868
f 788//829 789//830 829//870 828//869
f 789//830 790//831 830//871 829//870
f 790//831 791//832 831//872 830//871
f 791//832 792//833 832//873 831//872
f 792//833 793//834 833//874 832//873
f 793//834 794//835 834//875 833//874
f 794//835 795//836 835//876 834//875
f 795//836 796//837 836//877 835//876
f 796//837 797//838 837//878 836//877
f 797//838 798//839 838//879 837//878
f 798//839 799//840 839//880 838//879
f 799//840 800//841 840//881 839//880
f 800//841 801//842 841//882 840//881
f 801//842 802//843 842//883 841//882
f 802//843 763//805 803//845 842//883
f 803//845 804//844 844//884 843//885
f 804//844 805//846 845//886 844//884
f 805//846 806//847 846//887 845//886
f 806//847 807//848 847//888 846//887
f 807//848 808//849 848//889 847//888
f 808//849 809//850 849//890 848//889
f 809//850 810//851 850//891 849//890
f 810//851 811//852 851//892 850//891
f 811//852 812//853 852//893 851//892
f 812//853 813//854 853//894 852//893
f 813//854 814//855 854//895 853//894
f 814//855 815//856 855//896 854//895
f 815//856 816//857 856//897 855//896
f 816//857 817//858 857//898 856//897
f 817//858 818//859 858//899 857//898
f 818//859 819//860 859//900 858//899
f 819//860 820//861 860//901 859//900
f 820//861 821//862 861//902 860//901
f 821//862 822//863 862//903 861//902
f 822//863 823//864 863//904 862//903
f 823//864 824//865 864//905 863//904
f 824//865 825//866 865//906 864//905
f 825//866 826//867 866//907 865//906
f 826//867 827//868 867//908 866//907
f 827//868 828//869 868//909 867//908
f 828//869 829//870 869//910 868//909
f 829//870 830//871 870//911 869//910
f 830//871 831//872 871//912 870//911
f 831//872 832//873 872//913 871//912
f 832//873 833//874 873//914 872//913
f 833//874 834//875 874//915 873//914
f 834//875 835//876 875//916 874//915
f 835//876 836//877 876//917 875//916
f 836//877 837//878 877//918 876//917
f 837//878 838//879 878//919 877//918
f 838//879 839//880 879//920 878//919
f 839//880 840//881 880//921 879//920
f 840//881 841//882 881//922 880//921
f 841//882 842//883 882//923 881//922
f 842//883 803//845 843//885 882//923
f 843//885 844//884 884//924 883//925
f 844//884 845//886 885//926 884//924
f 845//886 846//887 886//927 885//926
f 846//887 847//888 887//928 886//927
f 847//888 848//889 888//929 887//928
f 848//889 849//890 889//930 888//929
f 849//890 850//891 890//931 889//930
f 850//891 851//892 891//932 890//931
f 851//892 852//893 892//933 891//932
f 852//893 853//894 893//934 892//933
f 853//894 854//895 894//935 893//934
f 854//895 855//896 895//936 894//935
f 855//896 856//897 896//937 895//936
f 856//897 857//898 897//938 896//937
f 857//898 858//899 898//939 897//938
f 858//899 859//900 899//940 898//939
f 859//900 860//901 900//941 899//940
f 860//901 861//902 901//942 900//941
f 861//902 862//903 902//943 901//942
f 862//903 863//904 903//944 902//943
f 863//904 864//905 904//945 903//944
f 864//905 865//906 905//946 904//945
f 865//906 866//907 906//947 905//946
f 866//907 867//908 907//948 906//947
f 867//908 868//909 908//949 907//948
f 868//909 869//910 909//950 908//949
f 869//910 870//911 910//951 909//950
f 870//911 871//912 911//952 910//951
f 871//912 872//913 912//953 911//952
f 872//913 873//914 913//954 912//953
f 873//914 874//915 914//955 913//954
f 874//915 875//916 915//956 914//955
f 875//916 876//917 916//957 915//956
f 876//917 877//918 917//958 916//957
f 877//918 878//919 918//959 917//958
f 878//919 879//920 919//960 918//959
f 879//920 880//921 920//961 919//960
f 880//921 881//922 921//962 920//961
f 881//922 882//923 922//963 921//962
f 882//923 843//885 883//925 922//963
f 883//925 884//924 924//964 923//965
f 884//924 885//926 925//966 924//964
f 885//926 886//927 926//967 925//966
f 886//927 887//928 927//968 926//967
f 887//928 888//929 928//969 927//968
f 888//929 889//930 929//970 928//969
f 889//930 890//931 930//971 929//970
f 890//931 891//932 931//972 930//971
f 891//932 892//933 932//973 931//972
f 892//933 893//934 933//974 932//973
f 893//934 894//935 934//975 933//974
f 894//935 895//936 935//976 934//975
f 895//936 896//937 936//977 935//976
f 896//937 897//938 937//978 936//977
f 897//938 898//939 938//979 937//978
f 898//939 899//940 939//980 938//979
f 899//940 900//941 940//981 939//980
f 900//941 901//942 941//982 940//981
f 901//942 902//943 942//983 941//982
f 902//943 903//944 943//984 942//983
f 903//944 904//945 944//985 943//984
f 904//945 905//946 945//986 944//985
f 905//946 906//947 946//987 945//986
f 906//947 907//948 947//988 946//987
f 907//948 908//949 948//989 947//988
f 908//949 909//950 949//990 948//989
f 909//950 910//951 950//991 949//990
f 910//951 911//952 951//992 950//991
f 911//952 912//953 952//993 951//992
f 912//953 913//954 953//994 952//993
f 913//954 914//955 954//995 953//994
f 914//955 915//956 955//996 954//995
f 915//956 916//957 956//997 955//996
f 916//957 917//958 957//998 956//997
f 917//958 918//959 958//999 957//998
f 918//959 919//960 959//1000 958//999
f 919//960 920//961 960//1001 959//1000
f 920//961 921//962 961//1002 960//1001
f 921//962 922//963 962//1003 961//1002
f 922//963 883//925 923//965 962//1003
f 923//965 924//964 964//1004 963//1005
f 924//964 925//966 965//1006 964//1004
f 925//966 926//967 966//1007 965//1006
f 926//967 927//968 967//1008 966//1007
f 927//968 928//969 968//1009 967//1008
f 928//969 929//970 969//1010 968//1009
f 929//970 930//971 970//1011 969//1010
f 930//971 931//972 971//1012 970//1011
f 931//972 932//973 972//1013 971//1012
f 932//973 933//974 973//1014 972//1013
f 933//974 934//975 974//1015 973//1014
f 934//975 935//976 975//1016 974//1015
f 935//976 936//977 976//1017 975//1016
f 936//977 937//978 977//1018 976//1017
f 937//978 938//979 978//1019 977//1018
f 938//979 939//980 979//1020 978//1019
f 939//980 940//981 980//1021 979//1020
f 940//981 941//982 981//1022 980//1021
f 941//982 942//983 982//1023 981//1022
f 942//983 943//984 983//1024 982//1023
f 943//984 944//985 984//1025 983//1024
f 944//985 945//986 985//1026 984//1025
f 945//986 946//987 986//1027 985//1026
f 946//987 947//988 987//1028 986//1027
f 947//988 948//989 988//1029 987//1028
f 948//989 949//990 989//1030 988//1029
f 949//990 950//991 990//1031 989//1030
f 950//991 951//992 991//1032 990//1031
f 951//992 952//993 992//1033 991//1032
f 952//993 953//994 993//1034 992//1033
f 953//994 954//995 994//1035 993//1034
f 954//995 955//996 995//1036 994//1035
f 955//996 956//997 996//1037 995//1036
f 956//997 957//998 997//1038 996//1037
f 957//998 958//999 998//1039 997//1038
f 958//999 959//1000 999//1040 998//1039
f 959//1000 960//1001 1000//1041 999//1040
f 960//1001 961//1002 1001//1042 1000//1041
f 961//1002 962//1003 1002//1043 1001//1042
f 962//1003 923//965 963//1005 1002//1043
f 963//1005 964//1004 1004//1044 1003//1045
f 964//1004 965//1006 1005//1046 1004//1044
f 965//1006 966//1007 1006//1047 1005//1046
f 966//1007 967//1008 1007//1048 1006//1047
f 967//1008 968//1009 1008//1049 1007//1048
f 968//1009 969//1010 1009//1050 1008//1049
f 969//1010 970//1011 1010//1051 1009//1050
f 970//1011 971//1012 1011//1052 1010//1051
f 971//1012 972//1013 1012//1053 1011//1052
f 972//1013 973//1014 1013//1054 1012//1053
f 973//1014 974//1015 1014//1055 1013//1054
f 974//1015 975//1016 1015//1056 1014//1055
f 975//1016 976//1017 1016//1057 1015//1056
f 976//1017 977//1018 1017//1058 1016//1057
f 977//1018 978//1019 1018//1059 1017//1058
f 978//1019 979//1020 1019//1060 1018//1059
f 979//1020 980//1021 1020//1061 1019//1060
f 980//1021 981//1022 1021//1062 1020//1061
f 981//1022 982//1023 1022//1063 1021//1062
f 982//1023 983//1024 1023//1064 1022//1063
f 983//1024 984//1025 1024//1065 1023//1064
f 984//1025 985//1026 1025//1066 1024//1065
f 985//1026 986//1027 1026//1067 1025//1066
f 986//1027 987//1028 1027//1068 1026//1067
f 987//1028 988//1029 1028//1069 1027//1068
f 988//1029 989//1030 1029//1070 1028//1069
f 989//1030 990//1031 1030//1071 1029//1070
f 990//1031 991//1032 1031//1072 1030//1071
f 991//1032 992//1033 1032//1073 1031//1072
f 992//1033 993//1034 1033//1074 1032//1073
f 993//1034 994//1035 1034//1075 1033//1074
f 994//1035 995//1036 1035//1076 1034//1075
f 995//1036 996//1037 1036//1077 1035//1076
f 996//1037 997//1038 1037//1078 1036//1077
f 997//1038 998//1039 1038//1079 1037//1078
f 998//1039 999//1040 1039//1080 1038//1079
f 999//1040 1000//1041 1040//1081 1039//1080
f 1000//1041 1001//1042 1041//1082 1040//1081
f 1001//1042 1002//1043 1042//1083 1041//1082
f 1002//1043 963//1005 1003//1045 1042//1083
f 1003//1045 1004//1044 1044//1084 1043//1085
f 1004//1044 1005//1046 1045//1086 1044//1084
f 1005//1046 1006//1047 1046//1087 1045//1086
f 1006//1047 1007//1048 1047//1088 1046//1087
f 1007//1048 1008//1049 1048//1089 1047//1088
f 1008//1049 1009//1050 1049//1090 1048//1089
f 1009//1050 1010//1051 1050//1091 1049//1090
f 1010//1051 1011//1052 1051//1092 1050//1091
f 1011//1052 1012//1053 1052//1093 1051//1094
f 1012//1053 1013//1054 1053//1095 1052//1096
f 1013//1054 1014//1055 1054//1097 1053//1095
f 1014//1055 1015//1056 1055//1098 1054//1097
f 1015//1056 1016//1057 1056//1099 1055//1098
f 1016//1057 1017//1058 1057//1100 1056//1099
f 1017//1058 1018//1059 1058//1101 1057//1100
f 1018//1059 1019//1060 1059//1102 1058//1101
f 1019//1060 1020//1061 1060//1103 1059//1102
f 1020//1061 1021//1062 1061//1104 1060//1103
f 1021//1062 1022//1063 1062//1105 1061//1104
f 1022//1063 1023//1064 1063//1106 1062//1105
f 1023//1064 1024//1065 1064//1107 1063//1106
f 1024//1065 1025//1066 1065//1108 1064//1107
f 1025//1066 1026//1067 1066//1109 1065//1108
f 1026//1067 1027//1068 1067//1110 1066//1109
f 1027//1068 1028//1069 1068//1111 1067//1110
f 1028//1069 1029//1070 1069//1112 1068//1111
f 1029//1070 1030//1071 1070//1113 1069//1112
f 1030//1071 1031//1072 1071//1114 1070//1113
f 1031//1072 1032//1073 1072//1115 1071//1114
f 1032//1073 1033//1074 1073//1116 1072//1115
f 1033//1074 1034//1075 1074//1117 1073//1116
f 1034//1075 1035//1076 1075//1118 1074//1117
f 1035//1076 1036//1077 1076//1119 1075//1118
f 1036//1077 1037//1078 1077//1120 1076//1119
f 1037//1078 1038//1079 1078//1121 1077//1120
f 1038//1079 1039//1080 1079//1122 1078//1121
f 1039//1080 1040//1081 1080//1123 1079//1122
f 1040//1081 1041//1082 1081//1124 1080//1123
f 1041//1082 1042//1083 1082//1125 1081//1124
f 1042//1083 1003//1045 1043//1126 1082//1127
f 1043//1085 1044//1084 1084//1128 1083//1129
f 1044//1084 1045//1086 1085//1130 1084//1128
f 1045//1086 1046//1087 1086//1131 1085//1130
f 1046//1087 1047//1088 1087//1132 1086//1131
f 1047//1088 1048//1089 1088//1133 1087//1132
f 1048//1089 1049//1090 1089//1134 1088//1133
f 1049//1090 1050//1091 1090//1135 1089//1134
f 1050//1091 1051//1092 1091//1136 1090//1135
f 1051//1094 1052//1093 1092//1137 1091//1138
f 1052//1096 1053//1095 1093//1139 1092//1140
f 1053//1095 1054//1097 1094//1141 1093//1139
f 1054//1097 1055//1098 1095//1142 1094//1141
f 1055//1098 1056//1099 1096//1143 1095//1142
f 1056//1099 1057//1100 1097//1144 1096//1143
f 1057//1100 1058//1101 1098//1145 1097//1144
f 1058//1101 1059//1102 1099//1146 1098//1145
f 1059//1102 1060//1103 1100//1147 1099//1146
f 1060//1103 1061//1104 1101//1148 1100//1147
f 1061//1104 1062//1105 1102//1149 1101//1148
f 1062//1105 1063//1106 1103//1150 1102//1149
f 1063//1106 1064//1107 1104//1151 1103//1150
f 1064//1107 1065//1108 1105//1152 1104//1151
f 1065//1108 1066//1109 1106//1153 1105//1152
f 1066//1109 1067//1110 1107//1154 1106//1153
f 1067//1110 1068//1111 1108//1155 1107//1154
f 1068//1111 1069//1112 1109//1156 1108//1155
f 1069//1112 1070//1113 1110//1157 1109//1156
f 1070//1113 1071//1114 1111//1158 1110//1157
f 1071//1114 1072//1115 1112//1159 1111//1158
f 1072//1115 1073//1116 1113//1160 1112//1159
f 1073//1116 1074//1117 1114//1161 1113//1160
f 1074//1117 1075//1118 1115//1162 1114//1161
f 1075//1118 1076//1119 1116//1163 1115//1162
f 1076//1119 1077//1120 1117//1164 1116//1163
f 1077//1120 1078//1121 1118//1165 1117//1164
f 1078//1121 1079//1122 1119//1166 1118//1165
f 1079//1122 1080//1123 1120//1167 1119//1166
f 1080//1123 1081//1124 1121//1168 1120//1167
f 1081//1124 1082//1125 1122//1169 1121//1168
f 1082//1127 1043//1126 1083//1170 1122//1171
f 1083//1129 1084//1128 1124//1172 1123//1173
f 1084//1128 1085//1130 1125//1174 1124//1172
f 1085//1130 1086//1131 1126//1175 1125//1174
f 1086//1131 1087//1132 1127//1176 1126//1175
f 1087//1132 1088//1133 1128//1177 1127//1176
f 1088//1133 1089//1134 1129//1178 1128//1177
f 1089//1134 1090//1135 1130//1179 1129//1178
f 1090//1135 1091//1136 1131//1180 1130//1179
f 1091//1138 1092//1137 1132//1181 1131//1182
f 1092//1140 1093//1139 1133//1183 1132//1184
f 1093//1139 1094//1141 1134//1185 1133//1183
f 1094//1141 1095//1142 1135//1186 1134//1185
f 1095//1142 1096//1143 1136//1187 1135//1186
f 1096//1143 1097//1144 1137//1188 1136//1187
f 1097//1144 1098//1145 1138//1189 1137//1188
f 1098//1145 1099//1146 1139//1190 1138//1189
f 1099//1146 1100//1147 1140//1191 1139//1190
f 1100//1147 1101//1148 1141//1192 1140//1191
f 1101//1148 1102//1149 1142//1193 1141//1192
f 1102//1149 1103//1150 1143//1194 1142//1193
f 1103//1150 1104//1151 1144//1195 1143//1194
f 1104//1151 1105//1152 1145//1196 1144//1195
f 1105//1152 1106//1153 1146//1197 1145//1196
f 1106//1153 1107//1154 1147//1198 1146//1197
f 1107//1154 1108//1155 1148//1199 1147//1198
f 1108//1155 1109//1156 1149//1200 1148//1199
f 1109//1156 1110//1157 1150//1201 1149//1200
f 1110//1157 1111//1158 1151//1202 1150//1201
f 1111//1158 1112//1159 1152//1203 1151//1202
f 1112//1159 1113//1160 1153//1204 1152//1203
f 1113//1160 1114//1161 1154//1205 1153//1204
f 1114//1161 1115//1162 1155//1206 1154//1205
f 1115//1162 1116//1163 1156//1207 1155//1206
f 1116//1163 1117//1164 1157//1208 1156//1207
f 1117//1164 1118//1165 1158//1209 1157//1208
f 1118//1165 1119//1166 1159//1210 1158//1209
f 1119//1166 1120//1167 1160//1211 1159//1210
f 1120//1167 1121//1168 1161//1212 1160//1211
f 1121//1168 1122//1169 1162//1213 1161//1212
f 1122//1171 1083//1170 1123//1214 1162//1215
f 1123//1173 1124//1172 1164//1216 1163//1217
f 1124//1172 1125//1174 1165//1218 1164//1216
f 1125//1174 1126//1175 1166//1219 1165//1218
f 1126//1175 1127//1176 1167//1220 1166//1219
f 1127//1176 1128//1177 1168//1221 1167//1220
f 1128//1177 1129//1178 1169//1222 1168//1221
f 1129//1178 1130//1179 1170//1223 1169//1222
f 1130//1179 1131//1180 1171//1224 1170//1223
f 1131//1182 1132//1181 1172//1225 1171//1226
f 1132//1184 1133//1183 1173//1227 1172//1228
f 1133//1183 1134//1185 1174//1229 1173//1227
f 1134//1185 1135//1186 1175//1230 1174//1229
f 1135//1186 1136//1187 1176//1231 1175//1230
f 1136//1187 1137//1188 1177//1232 1176//1231
f 1137//1188 1138//1189 1178//1233 1177//1232
f 1138//1189 1139//1190 1179//1234 1178//1233
f 1139//1190 1140//1191 1180//1235 1179//1234
f 1140//1191 1141//1192 1181//1236 1180//1235
f 1141//1192 1142//1193 1182//1237 1181//1236
f 1142//1193 1143//1194 1183//1238 1182//1237
f 1143//1194 1144//1195 1184//1239 1183//1238
f 1144//1195 1145//1196 1185//1240 1184//1239
f 1145//1196 1146//1197 1186//1241 1185//1240
f 1146//1197 1147//1198 1187//1242 1186//1241
f 1147//1198 1148//1199 1188//1243 1187//1242
f 1148//1199 1149//1200 1189//1244 1188//1243
f 1149//1200 1150//1201 1190//1245 1189//1244
f 1150//1201 1151//1202 1191//1246 1190//1245
f 1151//1202 1152//1203 1192//1247 1191//1246
f 1152//1203 1153//1204 1193//1248 1192//1247
f 1153//1204 1154//1205 1194//1249 1193//1248
f 1154//1205 1155//1206 1195//1250 1194//1249
f 1155//1206 1156//1207 1196//1251 1195//1250
f 1156//1207 1157//1208 1197//1252 1196//1251
f 1157//1208 1158//1209 1198//1253 1197//1252
f 1158//1209 1159//1210 1199//1254 1198//1253
f 1159//1210 1160//1211 1200//1255 1199//1254
f 1160//1211 1161//1212 1201//1256 1200//1255
f 1161//1212 1162//1213 1202//1257 1201//1256
f 1162//1215 1123//1214 1163//1258 1202//1259
f 1163//1217 1164//1216 1204//1260 1203//1261
f 1164//1216 1165//1218 1205//1262 1204//1260
f 1165//1218 1166//1219 1206//1263 1205//1262
f 1166//1219 1167//1220 1207//1264 1206//1263
f 1167//1220 1168//1221 1208//1265 1207//1264
f 1168//1221 1169//1222 1209//1266 1208//1265
f 1169//1222 1170//1223 1210//1267 1209//1266
f 1170//1223 1171//1224 1211//1268 1210//1267
f 1171//1226 1172//1225 1212//1269 1211//1270
f 1172//1228 1173//1227 1213//1271 1212//1272
f 1173//1227 1174//1229 1214//1273 1213//1271
f 1174//1229 1175//1230 1215//1274 1214//1273
f 1175//1230 1176//1231 1216//1275 1215//1274
f 1176//1231 1177//1232 1217//1276 1216//1275
f 1177//1232 1178//1233 1218//1277 1217//1276
f 1178//1233 1179//1234 1219//1278 1218//1277
f 1179//1234 1180//1235 1220//1279 1219//1278
f 1180//1235 1181//1236 1221//1280 1220//1279
f 1181//1236 1182//1237 1222//1281 1221//1280
f 1182//1237 1183//1238 1223//1282 1222//1281
f 1183//1238 1184//1239 1224//1283 1223//1282
f 1184//1239 1185//1240 1225//1284 1224//1283
f 1185//1240 1186//1241 1226//1285 1225//1284
f 1186//1241 1187//1242 1227//1286 1226//1285
f 1187//1242 1188//1243 1228//1287 1227//1286
f 1188//1243 1189//1244 1229//1288 1228//1287
f 1189//1244 1190//1245 1230//1289 1229//1288
f 1190//1245 1191//1246 1231//1290 1230//1289
f 1191//1246 1192//1247 1232//1291 1231//1290
f 1192//1247 1193//1248 1233//1292 1232//1291
f 1193//1248 1194//1249 1234//1293 1233//1292
f 1194//1249 1195//1250 1235//1294 1234//1293
f 1195//1250 1196//1251 1236//1295 1235//1294
f 1196//1251 1197//1252 1237//1296 1236//1295
f 1197//1252 1198//1253 1238//1297 1237//1296
f 1198//1253 1199//1254 1239//1298 1238//1297
f 1199//1254 1200//1255 1240//1299 1239//1298
f 1200//1255 1201//1256 1241//1300 1240//1299
f 1201//1256 1202//1257 1242//1301 1241//1300
f 1202//1259 1163//1258 1203//1302 1242//1303
f 1203//1261 1204//1260 1244//1304 1243//1305
f 1204//1260 1205//1262 1245//1306 1244//1304
f 1205//1262 1206//1263 1246//1307 1245//1306
f 1206//1263 1207//1264 1247//1308 1246//1307
f 1207//1264 1208//1265 1248//1309 1247//1308
f 1208//1265 1209//1266 1249//1310 1248//1309
f 1209//1266 1210//1267 1250//1311 1249//1310
f 1210//1267 1211//1268 1251//1312 1250//1311
f 1211//1270 1212//1269 1252//1313 1251//1314
f 1212//1272 1213//1271 1253//1315 1252//1316
f 1213//1271 1214//1273 1254//1317 1253//1315
f 1214//1273 1215//1274 1255//1318 1254//1317
f 1215//1274 1216//1275 1256//1319 1255//1318
f 1216//1275 1217//1276 1257//1320 1256//1319
f 1217//1276 1218//1277 1258//1321 1257//1320
f 1218//1277 1219//1278 1259//1322 1258//1321
f 1219//1278 1220//1279 1260//1323 1259//1322
f 1220//1279 1221//1280 1261//1324 1260//1323
f 1221//1280 1222//1281 1262//1325 1261//1324
f 1222//1281 1223//1282 1263//1326 1262//1325
f 1223//1282 1224//1283 1264//1327 1263//1326
f 1224//1283 1225//1284 1265//1328 1264//1327
f 1225//1284 1226//1285 1266//1329 1265//1328
f 1226//1285 1227//1286 1267//1330 1266//1329
f 1227//1286 1228//1287 1268//1331 1267//1330
f 1228//1287 1229//1288 1269//1332 1268//1331
f 1229//1288 1230//1289 1270//1333 1269//1332
f 1230//1289 1231//1290 1271//1334 1270//1333
f 1231//1290 1232//1291 1272//1335 1271//1334
f 1232//1291 1233//1292 1273//1336 1272//1335
f 1233//1292 1234//1293 1274//1337 1273//1336
f 1234//1293 1235//1294 1275//1338 1274//1337
f 1235//1294 1236//1295 1276//1339 1275//1338
f 1236//1295 1237//1296 1277//1340 1276//1339
f 1237//1296 1238//1297 1278//1341 1277//1340
f 1238//1297 1239//1298 1279//1342 1278//1341
f 1239//1298 1240//1299 1280//1343 1279//1342
f 1240//1299 1241//1300 1281//1344 1280//1343
f 1241//1300 1242//1301 1282//1345 1281//1344
f 1242//1303 1203//1302 1243//1346 1282//1347
f 1243//1305 1244//1304 1284//1348 1283//1349
f 1244//1304 1245//1306 1285//1350 1284//1348
f 1245//1306 1246//1307 1286//1351 1285//1350
f 1246//1307 1247//1308 1287//1352 1286//1351
f 1247//1308 1248//1309 1288//1353 1287//1352
f 1248//1309 1249//1310 1289//1354 1288//1353
f 1249//1310 1250//1311 1290//1355 1289//1354
f 1250//1311 1251//1312 1291//1356 1290//1355
f 1251//1314 1252//1313 1292//1357 1291//1358
f 1252//1316 1253//1315 1293//1359 1292//1360
f 1253//1315 1254//1317 1294//1361 1293//1359
f 1254//1317 1255//1318 1295//1362 1294//1361
f 1255//1318 1256//1319 1296//1363 1295//1362
f 1256//1319 1257//1320 1297//1364 1296//1363
f 1257//1320 1258//1321 1298//1365 1297//1364
f 1258//1321 1259//1322 1299//1366 1298//1365
f 1259//1322 1260//1323 1300//1367 1299//1366
f 1260//1323 1261//1324 1301//1368 1300//1367
f 1261//1324 1262//1325 1302//1369 1301//1368
f 1262//1325 1263//1326 1303//1370 1302//1369
f 1263//1326 1264//1327 1304//1371 1303//1370
f 1264//1327 1265//1328 1305//1372 1304//1371
f 1265//1328 1266//1329 1306//1373 1305//1372
f 1266//1329 1267//1330 1307//1374 1306//1373
f 1267//1330 1268//1331 1308//1375 1307//1374
f 1268//1331 1269//1332 1309//1376 1308//1375
f 1269//1332 1270//1333 1310//1377 1309//1376
f 1270//1333 1271//1334 1311//1378 1310//1377
f 1271//1334 1272//1335 1312//1379 1311//1378
f 1272//1335 1273//1336 1313//1380 1312//1379
f 1273//1336 1274//1337 1314//1381 1313//1380
f 1274//1337 1275//1338 1315//1382 1314//1381
f 1275//1338 1276//1339 1316//1383 1315//1382
f 1276//1339 1277//1340 1317//1384 1316//1383
f 1277//1340 1278//1341 1318//1385 1317//1384
f 1278//1341 1279//1342 1319//1386 1318//1385
f 1279//1342 1280//1343 1320//1387 1319//1386
f 1280//1343 1281//1344 1321//1388 1320//1387
f 1281//1344 1282//1345 1322//1389 1321//1388
f 1282//1347 1243//1346 1283//1390 1322//1391
f 1283//1349 1284//1348 1324//1392 1323//1393
f 1284//1348 1285//1350 1325//1394 1324//1392
f 1285//1350 1286//1351 1326//1395 1325//1394
f 1286//1351 1287//1352 1327//1396 1326//1395
f 1287//1352 1288//1353 1328//1397 1327//1396
f 1288//1353 1289//1354 1329//1398 1328//1397
f 1289//1354 1290//1355 1330//1399 1329//1398
f 1290//1355 1291//1356 1331//1400 1330//1399
f 1291//1358 1292//1357 1332//1401 1331//1402
f 1292//1360 1293//1359 1333//1403 1332//1404
f 1293//1359 1294//1361 1334//1405 1333//1403
f 1294//1361 1295//1362 1335//1406 1334//1405
f 1295//1362 1296//1363 1336//1407 1335//1406
f 1296//1363 1297//1364 1337//1408 1336//1407
f 1297//1364 1298//1365 1338//1409 1337//1408
f 1298//1365 1299//1366 1339//1410 1338//1409
f 1299//1366 1300//1367 1340//1411 1339//1410
f 1300//1367 1301//1368 1341//1412 1340//1411
f 1301//1368 1302//1369 1342//1413 1341//1412
f 1302//1369 1303//1370 1343//1414 1342//1413
f 1303//1370 1304//1371 1344//1415 1343//1414
f 1304//1371 1305//1372 1345//1416 1344//1415
f 1305//1372 1306//1373 1346//1417 1345//1416
f 1306//1373 1307//1374 1347//1418 1346//1417
f 1307//1374 1308//1375 1348//1419 1347//1418
f 1308//1375 1309//1376 1349//1420 1348//1419
f 1309//1376 1310//1377 1350//1421 1349//1420
f 1310//1377 1311//1378 1351//1422 1350//1421
f 1311//1378 1312//1379 1352//1423 1351//1422
f 1312//1379 1313//1380 1353//1424 1352//1423
f 1313//1380 1314//1381 1354//1425 1353//1424
f 1314//1381 1315//1382 1355//1426 1354//1425
f 1315//1382 1316//1383 1356//1427 1355//1426
f 1316//1383 1317//1384 1357//1428 1356//1427
f 1317//1384 1318//1385 1358//1429 1357//1428
f 1318//1385 1319//1386 1359//1430 1358//1429
f 1319//1386 1320//1387 1360//1431 1359//1430
f 1320//1387 1321//1388 1361//1432 1360//1431
f 1321//1388 1322//1389 1362//1433 1361//1432
f 1322//1391 1283//1390 1323//1434 1362//1435
f 1323//1436 1324//1437 1364//1438 1363//1436
f 1324//1437 1325//1439 1365//1440 1364//1438
f 1325//1439 1326//1441 1366//1442 1365//1440
f 1326//1441 1327//1443 1367//1443 1366//1442
f 1327//1443 1328//1444 1368//1445 1367//1443
f 1328//1444 1329//1446 1369//1447 1368//1445
f 1329//1446 1330//1448 1370//1449 1369//1447
f 1330//1448 1331//1450 1371//1450 1370//1449
f 1331//1402 1332//1401 1372//1451 1371//1451
f 1332//1404 1333//1403 1373//1452 1372//1452
f 1333//1403 1334//1405 1374//1453 1373//1454
f 1334//1405 1335//1406 1375//1455 1374//1453
f 1335//1406 1336//1407 1376//1456 1375//1455
f 1336//1407 1337//1408 1377//1457 1376//1456
f 1337//1408 1338//1409 1378//1458 1377//1457
f 1338//1409 1339//1410 1379//1459 1378//1458
f 1339//1410 1340//1411 1380//1460 1379//1459
f 1340//1411 1341//1412 1381//1461 1380//1460
f 1341//1412 1342//1413 1382//1462 1381//1461
f 1342//1413 1343//1414 1383//1463 1382//1462
f 1343//1414 1344//1415 1384//1464 1383//1463
f 1344//1415 1345//1416 1385//1465 1384//1464
f 1345//1416 1346//1417 1386//1466 1385//1465
f 1346//1417 1347//1418 1387//1467 1386//1466
f 1347//1418 1348//1419 1388//1468 1387//1467
f 1348//1419 1349//1420 1389//1469 1388//1468
f 1349//1420 1350//1421 1390//1470 1389//1469
f 1350//1421 1351//1422 1391//1471 1390//1470
f 1351//1422 1352//1423 1392//1472 1391//1471
f 1352//1423 1353//1424 1393//1473 1392//1472
f 1353//1424 1354//1425 1394//1474 1393//1473
f 1354//1425 1355//1426 1395//1475 1394//1474
f 1355//1426 1356//1427 1396//1476 1395//1475
f 1356//1427 1357//1428 1397//1477 1396//1476
f 1357//1428 1358//1429 1398//1478 1397//1477
f 1358//1429 1359//1430 1399//1479 1398//1478
f 1359//1430 1360//1431 1400//1480 1399//1479
f 1360//1431 1361//1432 1401//1481 1400//1480
f 1361//1432 1362//1433 1402//1482 1401//1482
f 1362//1435 1323//1434 1363//1483 1402//1483
f 1363//1484 1364//1485 1404//1486 1403//1487
f 1364//1485 1365//1488 1405//1489 1404//1486
f 1365//1488 1366//1490 1406//1491 1405//1489
f 1366//1490 1367//1492 1407//1492 1406//1491
f 1367//1492 1368//1493 1408//1494 1407//1492
f 1368//1493 1369//1495 1409//1496 1408//1494
f 1369//1495 1370//1497 1410//1498 1409//1496
f 1370//1497 1371//1499 1411//1500 1410//1498
f 1371//1499 1372//1501 1412//1501 1411//1500
f 1372//1502 1373//1502 1413//1502 1412//1502
f 1373//1454 1374//1453 1414//1503 1413//1504
f 1374//1453 1375//1455 1415//1505 1414//1503
f 1375//1455 1376//1456 1416//1506 1415//1505
f 1376//1456 1377//1457 1417//1507 1416//1506
f 1377//1457 1378//1458 1418//1508 1417//1507
f 1378//1458 1379//1459 1419//1509 1418//1508
f 1379//1459 1380//1460 1420//1510 1419//1509
f 1380//1460 1381//1461 1421//1511 1420//1510
f 1381//1461 1382//1462 1422//1512 1421//1511
f 1382//1462 1383//1463 1423//1513 1422//1512
f 1383//1463 1384//1464 1424//1514 1423//1513
f 1384//1464 1385//1465 1425//1515 1424//1514
f 1385//1465 1386//1466 1426//1516 1425//1515
f 1386//1466 1387//1467 1427//1517 1426//1516
f 1387//1467 1388//1468 1428//1518 1427//1517
f 1388//1468 1389//1469 1429//1519 1428//1518
f 1389//1469 1390//1470 1430//1520 1429//1519
f 1390//1470 1391//1471 1431//1521 1430//1520
f 1391//1471 1392//1472 1432//1522 1431//1521
f 1392//1472 1393//1473 1433//1523 1432//1522
f 1393//1473 1394//1474 1434//1524 1433//1523
f 1394//1474 1395//1475 1435//1525 1434//1524
f 1395//1475 1396//1476 1436//1526 1435//1525
f 1396//1476 1397//1477 1437//1527 1436//1526
f 1397//1477 1398//1478 1438//1528 1437//1527
f 1398//1478 1399//1479 1439//1529 1438//1528
f 1399//1479 1400//1480 1440//1530 1439//1529
f 1400//1480 1401//1481 1441//1531 1440//1530
f 1401//1532 1402//1532 1442//1532 1441//1532
f 1402//1533 1363//1484 1403//1487 1442//1533
f 683//1534 682//1535 1403//1535 1404//1536
f 684//1537 683//1534 1404//1536 1405//1538
f 685//1539 684//1537 1405//1538 1406//1540
f 686//1541 685//1539 1406//1540 1407//1541
f 687//1542 686//1541 1407//1541 1408//1543
f 688//1544 687//1542 1408//1543 1409//1545
f 689//1546 688//1544 1409//1545 1410//1547
f 690//1548 689//1546 1410//1547 1411//1548
f 691//725 690//724 1411//1549 1412//1549
f 692//1550 691//1551 1412//1551 1413//1552
f 693//1553 692//1550 1413//1552 1414//1554
f 694//1555 693//1553 1414//1554 1415//1556
f 695//1557 694//1555 1415//1556 1416//1558
f 696//1559 695//1557 1416//1558 1417//1560
f 697//1561 696//1559 1417//1560 1418//1562
f 698//1563 697//1561 1418//1562 1419//1564
f 699//1565 698//1563 1419//1564 1420//1566
f 700//1567 699//1565 1420//1566 1421//1568
f 701//1569 700//1567 1421//1568 1422//1570
f 702//1571 701//1569 1422//1570 1423//1572
f 703//1573 702//1571 1423//1572 1424//1574
f 704//1575 703//1573 1424//1574 1425//1576
f 705//1577 704//1575 1425//1576 1426//1578
f 706//1579 705//1577 1426//1578 1427//1579
f 707//1580 706//1579 1427//1579 1428//1581
f 708//1582 707//1580 1428//1581 1429//1583
f 709//1584 708//1582 1429//1583 1430//1585
f 710//1586 709//1584 1430//1585 1431//1587
f 711//1588 710//1586 1431//1587 1432//1589
f 712//1590 711//1588 1432//1589 1433//1591
f 713//1592 712//1590 1433//1591 1434//1593
f 714//1594 713//1592 1434//1593 1435//1595
f 715//1596 714//1594 1435//1595 1436//1597
f 716//1598 715//1596 1436//1597 1437//1599
f 717//1600 716//1598 1437//1599 1438//1601
f 718//1602 717//1600 1438//1601 1439//1603
f 719//1604 718//1602 1439//1603 1440//1605
f 720//1606 719//1604 1440//1605 1441//1607
f 721//1608 720//1606 1441//1607 1442//1608
f 682//759 721//758 1442//1609 1403//1609
