# Blender 4.2.3 LTS
# www.blender.org
mtllib Hair_03_SleekBob_Handmade.mtl
o Hair_03_SleekBob_Handmade
v 0.209335 0.377939 0.348157
v 0.209335 0.377939 0.348157
v 0.209335 0.377939 0.348157
v 0.209335 0.377939 0.348157
v 0.209335 0.377939 0.348157
v 0.209335 0.377939 0.348157
v 0.209335 0.377939 0.348157
v 0.209335 0.377939 0.348157
v 0.209335 0.377939 0.348157
v 0.209335 0.377939 0.348157
v 0.209335 0.377939 0.348157
v 0.209335 0.377939 0.348157
v 0.219643 0.312996 0.333745
v 0.277172 0.198721 0.337452
v 0.317076 0.145039 0.351907
v 0.353704 0.098587 0.360775
v 0.421559 0.017040 0.350932
v 0.421559 0.017040 0.350932
v 0.421559 0.017040 0.350932
v 0.421559 0.017040 0.350932
v 0.421559 0.017040 0.350932
v 0.421559 0.017040 0.350932
v 0.421559 0.017040 0.350932
v 0.421559 0.017040 0.350932
v 0.421559 0.017040 0.350932
v 0.421559 0.017040 0.350932
v 0.421559 0.017040 0.350932
v 0.421559 0.017040 0.350932
v 0.224255 0.360729 0.323540
v 0.247299 0.326534 0.303547
v 0.277261 0.276832 0.302978
v 0.311768 0.224571 0.319916
v 0.348075 0.166714 0.340153
v 0.377251 0.113551 0.351536
v 0.386761 0.076959 0.355531
v 0.237311 0.367432 0.315077
v 0.260559 0.338066 0.304604
v 0.298406 0.322398 0.304734
v 0.323168 0.240731 0.320958
v 0.361496 0.182314 0.341375
v 0.385253 0.125173 0.353808
v 0.397549 0.086393 0.360755
v 0.241225 0.366430 0.320423
v 0.276462 0.344359 0.308568
v 0.312772 0.313124 0.310750
v 0.329523 0.284235 0.315366
v 0.368169 0.189326 0.345136
v 0.390230 0.133927 0.357492
v 0.399286 0.092185 0.363546
v 0.243266 0.367392 0.328038
v 0.281041 0.348271 0.321278
v 0.316038 0.317387 0.324535
v 0.346879 0.260429 0.331932
v 0.374289 0.190329 0.350659
v 0.394304 0.137235 0.361953
v 0.400866 0.095855 0.367283
v 0.239957 0.368175 0.340759
v 0.275083 0.342638 0.339852
v 0.316026 0.301695 0.342529
v 0.351176 0.247808 0.349922
v 0.381582 0.188758 0.362223
v 0.399388 0.136404 0.371472
v 0.401758 0.095785 0.375894
v 0.229006 0.363537 0.356782
v 0.257756 0.336101 0.368324
v 0.295375 0.294275 0.383653
v 0.335003 0.241164 0.395253
v 0.369403 0.182576 0.401066
v 0.390921 0.129523 0.398615
v 0.396262 0.093196 0.388076
v 0.214807 0.355692 0.370949
v 0.230946 0.320989 0.393940
v 0.260330 0.275413 0.416942
v 0.296767 0.221425 0.434244
v 0.332629 0.165903 0.434833
v 0.363931 0.121722 0.419147
v 0.384136 0.091878 0.397256
v 0.201664 0.349479 0.380769
v 0.206319 0.308704 0.410477
v 0.227359 0.257203 0.434857
v 0.261171 0.202221 0.448866
v 0.302166 0.156681 0.441316
v 0.326668 0.095112 0.427125
v 0.363909 0.066863 0.407938
v 0.193618 0.347491 0.384640
v 0.193618 0.347491 0.384640
v 0.191236 0.303557 0.417381
v 0.191236 0.303557 0.417381
v 0.206562 0.247958 0.443028
v 0.206562 0.247958 0.443028
v 0.235826 0.188337 0.455296
v 0.235826 0.188337 0.455296
v 0.273389 0.131009 0.449342
v 0.273389 0.131009 0.449342
v 0.317791 0.088397 0.434712
v 0.317791 0.088397 0.434712
v 0.360723 0.065013 0.411777
v 0.360723 0.065013 0.411777
v 0.192057 0.347129 0.376875
v 0.187805 0.301405 0.402098
v 0.201883 0.243534 0.422199
v 0.232146 0.182328 0.434118
v 0.273989 0.127105 0.436041
v 0.321041 0.086271 0.427675
v 0.364377 0.065083 0.408434
v 0.197503 0.348425 0.359405
v 0.197867 0.303798 0.369817
v 0.215029 0.246661 0.380022
v 0.246376 0.185713 0.388466
v 0.287136 0.130232 0.393863
v 0.331103 0.088665 0.395393
v 0.371584 0.067340 0.392823
v 0.209288 0.353403 0.339883
v 0.243481 0.258679 0.332891
v 0.383369 0.072317 0.373300
v 0.005171 0.547702 -0.035874
v 0.005171 0.547702 -0.035874
v 0.005171 0.547702 -0.035874
v 0.005171 0.547702 -0.035874
v 0.005171 0.547702 -0.035874
v 0.005171 0.547702 -0.035874
v 0.005171 0.547702 -0.035874
v 0.005171 0.547702 -0.035874
v 0.005171 0.547702 -0.035874
v 0.005171 0.547702 -0.035874
v 0.005171 0.547702 -0.035874
v 0.005171 0.547702 -0.035874
v 0.005171 0.547702 -0.035874
v 0.005171 0.547702 -0.035874
v 0.005171 0.547702 -0.035874
v 0.005171 0.547702 -0.035874
v 0.005171 0.547702 -0.035874
v 0.005171 0.547702 -0.035874
v 0.005171 0.547702 -0.035874
v 0.005171 0.547702 -0.035874
v 0.005171 0.547702 -0.035874
v 0.005171 0.547702 -0.035874
v 0.005171 0.547702 -0.035874
v 0.005171 0.547702 -0.035874
v 0.005171 0.547702 -0.035874
v 0.005171 0.547702 -0.035874
v 0.005171 0.547702 -0.035874
v 0.005171 0.547702 -0.035874
v 0.005171 0.547702 -0.035874
v 0.005171 0.547702 -0.035874
v 0.005171 0.547702 -0.035874
v 0.005171 0.547702 -0.035874
v 0.295294 0.456502 -0.035700
v 0.431796 0.308778 -0.035109
v 0.517821 0.116323 -0.036405
v 0.542256 0.015138 -0.038050
v 0.550553 -0.091192 -0.040299
v 0.516225 -0.311048 -0.045565
v 0.105965 0.538755 -0.016861
v 0.203942 0.510056 0.002985
v 0.293615 0.461991 0.020823
v 0.369742 0.395845 0.036408
v 0.431620 0.313630 0.048490
v 0.479980 0.220981 0.059052
v 0.517998 0.120206 0.065083
v 0.542805 0.016944 0.068226
v 0.551171 -0.090718 0.067451
v 0.545865 -0.200699 0.063658
v 0.518349 -0.312655 0.054384
v 0.450414 -0.421903 0.045310
v 0.372438 -0.473847 0.036946
v 0.100457 0.540832 0.002604
v 0.193965 0.514289 0.040774
v 0.280365 0.467582 0.076792
v 0.354721 0.402151 0.107576
v 0.415074 0.319227 0.131707
v 0.462290 0.225359 0.152100
v 0.498603 0.125140 0.165871
v 0.521876 0.019196 0.173743
v 0.530237 -0.090387 0.175126
v 0.525744 -0.201896 0.170554
v 0.499147 -0.316388 0.159617
v 0.437787 -0.421814 0.142999
v 0.363697 -0.475359 0.130664
v 0.090621 0.543076 0.020859
v 0.176477 0.518321 0.076620
v 0.256388 0.472927 0.129623
v 0.325419 0.407960 0.175262
v 0.381022 0.324571 0.212567
v 0.424840 0.229827 0.240732
v 0.456363 0.127720 0.260483
v 0.475988 0.020264 0.272794
v 0.482977 -0.090165 0.277333
v 0.479469 -0.202626 0.273685
v 0.442987 -0.311789 0.258509
v 0.405630 -0.402860 0.251489
v 0.322818 -0.463105 0.257357
v 0.078205 0.545205 0.036797
v 0.152140 0.522052 0.108842
v 0.221232 0.478229 0.176921
v 0.281952 0.413652 0.237832
v 0.321285 0.327820 0.293889
v 0.356553 0.244491 0.318863
v 0.356553 0.244491 0.318863
v 0.392002 0.131313 0.335881
v 0.412338 0.025227 0.339690
v 0.419924 -0.090446 0.341924
v 0.418683 -0.200120 0.340725
v 0.393963 -0.294738 0.336255
v 0.343385 -0.387649 0.347926
v 0.262407 -0.465518 0.378015
v 0.063459 0.546846 0.049185
v 0.120932 0.525815 0.135467
v 0.176629 0.482595 0.216937
v 0.226233 0.419449 0.290372
v 0.266205 0.335350 0.349752
v 0.045043 0.548259 0.059388
v 0.085700 0.528688 0.155632
v 0.124164 0.486633 0.246900
v 0.159093 0.422661 0.329366
v 0.187585 0.339376 0.398023
v 0.025350 0.549359 0.065361
v 0.046495 0.530493 0.167970
v 0.066418 0.489466 0.266304
v 0.084272 0.425363 0.354687
v 0.100349 0.344878 0.431625
v 0.005111 0.550004 0.067057
v 0.004581 0.530925 0.172732
v 0.005486 0.490625 0.272712
v 0.005558 0.426892 0.363816
v 0.005569 0.349476 0.445618
v -0.014783 0.549932 0.065019
v -0.035716 0.531301 0.168326
v -0.055631 0.490564 0.266671
v -0.073524 0.426747 0.355896
v -0.088036 0.344791 0.427864
v -0.034446 0.549253 0.059434
v -0.075535 0.530134 0.155919
v -0.113735 0.488616 0.247990
v -0.148811 0.424771 0.331157
v -0.177491 0.341130 0.400245
v -0.081537 0.196564 -0.460734
v -0.081537 0.196564 -0.460734
v -0.052548 0.548135 0.049528
v -0.110979 0.528160 0.135846
v -0.166783 0.485768 0.217898
v -0.217357 0.422750 0.292711
v -0.258270 0.338704 0.353473
v -0.068448 0.546526 0.036855
v -0.142035 0.525137 0.109298
v -0.212350 0.481922 0.178261
v -0.263124 0.414701 0.249367
v -0.311550 0.333890 0.296607
v -0.381924 0.143546 0.337426
v -0.411917 0.024213 0.340214
v -0.420440 -0.091317 0.341720
v -0.420842 -0.200153 0.339108
v -0.390326 -0.296214 0.334661
v -0.335741 -0.401830 0.348048
v -0.256302 -0.471952 0.379816
v -0.081242 0.544671 0.021040
v -0.166578 0.521675 0.077327
v -0.247925 0.476987 0.130596
v -0.319307 0.412539 0.177617
v -0.376509 0.329405 0.215791
v -0.421192 0.233290 0.244592
v -0.453160 0.130213 0.265178
v -0.472322 0.021576 0.277635
v -0.479209 -0.090128 0.283036
v -0.475607 -0.203387 0.279419
v -0.456976 -0.308355 0.271569
v -0.392973 -0.409222 0.262816
v -0.310231 -0.468543 0.255464
v -0.090786 0.542682 0.002283
v -0.185087 0.517447 0.041248
v -0.273172 0.471878 0.077367
v -0.349719 0.406774 0.108606
v -0.411279 0.323931 0.134264
v -0.459927 0.229187 0.154673
v -0.497443 0.127671 0.168544
v -0.520872 0.020864 0.176661
v -0.529414 -0.090202 0.178426
v -0.524491 -0.203696 0.174226
v -0.499825 -0.310656 0.166950
v -0.443425 -0.413032 0.155919
v -0.353153 -0.478481 0.142989
v -0.095455 0.540760 -0.016616
v -0.194725 0.513303 0.002793
v -0.286298 0.466527 0.020693
v -0.365449 0.400671 0.035960
v -0.428475 0.318598 0.049161
v -0.478765 0.224354 0.059234
v -0.517347 0.123833 0.065908
v -0.542458 0.018979 0.068978
v -0.551171 -0.090296 0.068526
v -0.545883 -0.202348 0.064243
v -0.521340 -0.304772 0.060941
v -0.464633 -0.406149 0.059311
v -0.361410 -0.477227 0.061416
v -0.097702 0.538422 -0.036407
v -0.196749 0.509225 -0.036726
v -0.288223 0.460849 -0.036128
v -0.365857 0.395320 -0.036365
v -0.429010 0.313193 -0.036308
v -0.478439 0.220027 -0.036176
v -0.516557 0.120606 -0.037492
v -0.541897 0.017006 -0.039346
v -0.550598 -0.090711 -0.041192
v -0.544467 -0.200623 -0.043637
v -0.515017 -0.314932 -0.046683
v -0.455842 -0.412726 -0.046223
v -0.356125 -0.476647 -0.030629
v -0.095013 0.536291 -0.056473
v -0.191375 0.504947 -0.074923
v -0.279067 0.454886 -0.091848
v -0.353320 0.388881 -0.107197
v -0.413699 0.307886 -0.117885
v -0.460819 0.215254 -0.126988
v -0.496889 0.117164 -0.136204
v -0.521383 0.014672 -0.141734
v -0.529718 -0.091134 -0.146093
v -0.522777 -0.199099 -0.147931
v -0.494626 -0.310668 -0.145439
v -0.440850 -0.408410 -0.128486
v -0.342008 -0.475611 -0.097376
v -0.088818 0.534261 -0.075138
v -0.088818 0.534261 -0.075138
v -0.178014 0.501368 -0.110722
v -0.259046 0.449561 -0.144087
v -0.327584 0.384020 -0.171051
v -0.382569 0.303176 -0.193801
v -0.425653 0.212094 -0.212398
v -0.459084 0.113293 -0.226379
v -0.481132 0.012326 -0.236405
v -0.487879 -0.091449 -0.242317
v -0.481476 -0.197694 -0.243071
v -0.455843 -0.306300 -0.235945
v -0.395623 -0.414826 -0.212522
v -0.307578 -0.475804 -0.164105
v -0.079784 0.532370 -0.092203
v -0.079784 0.532370 -0.092203
v -0.157577 0.497765 -0.143941
v -0.229445 0.445169 -0.190915
v -0.290598 0.378367 -0.229921
v -0.337616 0.298729 -0.262315
v -0.376230 0.208418 -0.287566
v -0.405185 0.110668 -0.307304
v -0.423774 0.010635 -0.321485
v -0.430092 -0.091879 -0.327268
v -0.402308 -0.302550 -0.316046
v -0.352173 -0.407145 -0.285125
v -0.269568 -0.475776 -0.216529
v -0.132646 0.494712 -0.172125
v -0.192222 0.441307 -0.230931
v -0.242984 0.374525 -0.279119
v -0.283231 0.294450 -0.319038
v -0.315034 0.206172 -0.349625
v -0.337630 0.107638 -0.376241
v -0.353660 0.009235 -0.392389
v -0.358555 -0.092555 -0.399878
v -0.335277 -0.299286 -0.383242
v -0.295051 -0.401865 -0.345686
v -0.222923 -0.473264 -0.271322
v -0.102069 0.492003 -0.195418
v -0.148531 0.438438 -0.262144
v -0.187275 0.370192 -0.319500
v -0.218841 0.291907 -0.364155
v -0.243609 0.201573 -0.401366
v -0.262116 0.104375 -0.430463
v -0.273940 0.008117 -0.449273
v -0.277086 -0.092814 -0.457327
v -0.258776 -0.296762 -0.437124
v -0.228178 -0.397777 -0.393967
v -0.174065 -0.470721 -0.311462
v -0.068801 0.490119 -0.212168
v -0.100202 0.435572 -0.286396
v -0.126709 0.367953 -0.347898
v -0.146868 0.289883 -0.397474
v -0.146868 0.289883 -0.397474
v -0.164455 0.200757 -0.437513
v -0.164455 0.200757 -0.437513
v -0.176584 0.102427 -0.471009
v -0.184605 0.006830 -0.491520
v -0.186928 -0.093744 -0.499916
v -0.174708 -0.295006 -0.475997
v -0.154343 -0.394119 -0.429613
v -0.118048 -0.468405 -0.341287
v -0.033671 0.488652 -0.222353
v -0.049049 0.434380 -0.299935
v -0.061665 0.366641 -0.364768
v -0.061665 0.366641 -0.364768
v -0.073294 0.287128 -0.417267
v -0.073294 0.287128 -0.417267
v -0.086433 0.100765 -0.495624
v -0.091433 0.006054 -0.517353
v -0.092364 -0.093461 -0.525728
v -0.085815 -0.293766 -0.499959
v -0.075435 -0.392312 -0.450330
v -0.057323 -0.466578 -0.359144
v 0.005175 0.527136 -0.135492
v 0.005175 0.527136 -0.135492
v 0.005522 0.487759 -0.226041
v 0.005522 0.487759 -0.226041
v 0.005732 0.433338 -0.304514
v 0.005732 0.433338 -0.304514
v 0.004744 0.287166 -0.423227
v 0.004744 0.287166 -0.423227
v 0.004752 0.196769 -0.467294
v 0.004752 0.196769 -0.467294
v 0.004203 0.099253 -0.502966
v 0.004203 0.099253 -0.502966
v 0.004246 0.005072 -0.525249
v 0.004246 0.005072 -0.525249
v 0.004779 -0.092767 -0.532917
v 0.004779 -0.092767 -0.532917
v 0.005444 -0.293106 -0.506974
v 0.005444 -0.293106 -0.506974
v 0.005777 -0.391199 -0.456726
v 0.005777 -0.391199 -0.456726
v 0.005641 -0.465515 -0.364809
v 0.005641 -0.465515 -0.364809
v 0.024061 0.527027 -0.134111
v 0.042511 0.488452 -0.222060
v 0.058409 0.433502 -0.299887
v 0.070754 0.365204 -0.364641
v 0.070754 0.365204 -0.364641
v 0.081084 0.287180 -0.416164
v 0.091154 0.195539 -0.459558
v 0.096929 0.099487 -0.494193
v 0.100305 0.006571 -0.515800
v 0.101820 -0.093446 -0.523959
v 0.096454 -0.293105 -0.498194
v 0.086528 -0.391418 -0.449034
v 0.068410 -0.465799 -0.358733
v 0.043664 0.527356 -0.128798
v 0.078502 0.489283 -0.210915
v 0.109314 0.434138 -0.285438
v 0.136017 0.366140 -0.346281
v 0.136017 0.366140 -0.346281
v 0.155034 0.288089 -0.395963
v 0.173556 0.198686 -0.435320
v 0.186040 0.101655 -0.467528
v 0.192433 0.005959 -0.488614
v 0.196153 -0.093798 -0.496422
v 0.193919 -0.192730 -0.492370
v 0.193919 -0.192730 -0.492370
v 0.184525 -0.293788 -0.472847
v 0.164815 -0.392560 -0.427407
v 0.129099 -0.466936 -0.340751
v 0.060655 0.528260 -0.119521
v 0.112475 0.490253 -0.194651
v 0.157529 0.435555 -0.261946
v 0.226218 0.290637 -0.361022
v 0.251425 0.200069 -0.397487
v 0.268749 0.103432 -0.426932
v 0.280501 0.006619 -0.445549
v 0.284051 -0.092377 -0.453457
v 0.280746 -0.194024 -0.450128
v 0.267405 -0.295012 -0.432898
v 0.238032 -0.395079 -0.391097
v 0.185097 -0.468729 -0.311377
v 0.076483 0.529576 -0.106519
v 0.141797 0.492243 -0.171984
v 0.201501 0.438445 -0.228260
v 0.289729 0.291931 -0.315755
v 0.320370 0.202815 -0.346937
v 0.344034 0.105866 -0.371588
v 0.359760 0.007519 -0.387566
v 0.364588 -0.092804 -0.394953
v 0.360402 -0.194806 -0.392236
v 0.342342 -0.296991 -0.378426
v 0.304020 -0.398326 -0.342170
v 0.233970 -0.471195 -0.271305
v 0.166346 0.495342 -0.142413
v 0.237437 0.441918 -0.189220
v 0.296548 0.375043 -0.227136
v 0.343747 0.295314 -0.258300
v 0.380750 0.205616 -0.283509
v 0.409299 0.108326 -0.303800
v 0.428335 0.009782 -0.316124
v 0.434362 -0.092454 -0.322384
v 0.428708 -0.195544 -0.321783
v 0.407410 -0.299780 -0.311037
v 0.359802 -0.402815 -0.281866
v 0.274477 -0.473948 -0.222308
v 0.099322 0.532604 -0.074653
v 0.099322 0.532604 -0.074653
v 0.099322 0.532604 -0.074653
v 0.287231 0.450375 -0.090077
v 0.287231 0.450375 -0.090077
v 0.332829 0.380289 -0.168797
v 0.386726 0.299733 -0.191084
v 0.429540 0.208324 -0.209088
v 0.461750 0.111147 -0.223341
v 0.483636 0.010810 -0.232834
v 0.490641 -0.091688 -0.238317
v 0.484383 -0.196543 -0.238865
v 0.459614 -0.303232 -0.231796
v 0.403706 -0.408674 -0.210440
v 0.310836 -0.475056 -0.167036
v 0.105296 0.534440 -0.056203
v 0.105296 0.534440 -0.056203
v 0.199726 0.501816 -0.073892
v 0.199726 0.501816 -0.073892
v 0.357713 0.385280 -0.104904
v 0.416723 0.303703 -0.116271
v 0.463096 0.211906 -0.125380
v 0.498813 0.113505 -0.133877
v 0.522082 0.012896 -0.139838
v 0.530497 -0.091416 -0.143237
v 0.524117 -0.197913 -0.144719
v 0.497035 -0.306919 -0.142769
v 0.431612 -0.416719 -0.130155
v 0.338490 -0.475332 -0.109848
v 0.107535 0.536631 -0.036098
v 0.205401 0.505886 -0.036176
v 0.370987 0.390106 -0.035427
v 0.480093 0.216095 -0.035620
v 0.544857 -0.199155 -0.042653
v 0.447978 -0.421315 -0.039649
v 0.366753 -0.473385 -0.039662
v 0.005127 0.364929 -0.370680
v 0.005127 0.364929 -0.370680
v 0.005127 0.364929 -0.370680
v 0.005127 0.364929 -0.370680
v 0.099887 -0.193946 -0.519670
v 0.099887 -0.193946 -0.519670
v 0.196435 0.368829 -0.316180
v 0.196435 0.368829 -0.316180
v 0.250073 0.370950 -0.277644
v 0.250073 0.370950 -0.277644
v 0.186560 0.497837 -0.110540
v 0.186560 0.497837 -0.110540
v 0.003908 -0.193888 -0.528591
v 0.003908 -0.193888 -0.528591
v 0.003908 -0.193888 -0.528591
v 0.003908 -0.193888 -0.528591
v -0.091417 -0.193192 -0.521296
v -0.091417 -0.193192 -0.521296
v 0.089391 0.530899 -0.092117
v 0.089391 0.530899 -0.092117
v -0.184726 -0.193234 -0.495818
v -0.184726 -0.193234 -0.495818
v -0.014286 0.527278 -0.134553
v -0.014286 0.527278 -0.134553
v -0.050967 0.529420 -0.118919
v -0.050967 0.529420 -0.118919
v -0.033045 0.528159 -0.128718
v -0.033045 0.528159 -0.128718
v -0.066151 0.530787 -0.107037
v -0.066151 0.530787 -0.107037
v -0.272218 -0.194119 -0.455125
v -0.272218 -0.194119 -0.455125
v -0.353759 -0.194214 -0.398418
v -0.353759 -0.194214 -0.398418
v -0.421725 -0.210938 -0.327079
v -0.421725 -0.210938 -0.327079
v 0.286473 0.290401 0.366285
v 0.189460 0.297868 0.411131
v 0.100276 0.301773 0.443055
v 0.006489 0.303881 0.458847
v -0.087315 0.298340 0.438514
v -0.186635 0.292819 0.411292
v -0.268591 0.290142 0.366384
v -0.351588 0.237618 0.319646
v -0.351588 0.237618 0.319646
v -0.112379 0.359172 0.410039
v -0.112379 0.359172 0.410039
v -0.112379 0.359172 0.410039
v -0.112379 0.359172 0.410039
v -0.112379 0.359172 0.410039
v -0.112379 0.359172 0.410039
v -0.112379 0.359172 0.410039
v -0.112379 0.359172 0.410039
v -0.112379 0.359172 0.410039
v -0.112379 0.359172 0.410039
v -0.112379 0.359172 0.410039
v -0.112379 0.359172 0.410039
v -0.140742 0.303414 0.379550
v -0.224692 0.202445 0.363242
v -0.277883 0.156066 0.368220
v -0.321480 0.112572 0.373821
v -0.378177 0.018616 0.383262
v -0.378177 0.018616 0.383262
v -0.378177 0.018616 0.383262
v -0.378177 0.018616 0.383262
v -0.378177 0.018616 0.383262
v -0.378177 0.018616 0.383262
v -0.378177 0.018616 0.383262
v -0.378177 0.018616 0.383262
v -0.378177 0.018616 0.383262
v -0.378177 0.018616 0.383262
v -0.378177 0.018616 0.383262
v -0.378177 0.018616 0.383262
v -0.106079 0.325082 0.409517
v -0.115474 0.278730 0.406755
v -0.151493 0.230853 0.403564
v -0.204484 0.189771 0.405109
v -0.263868 0.146210 0.405412
v -0.311447 0.103936 0.401168
v -0.338297 0.078057 0.388757
v -0.098705 0.317211 0.423316
v -0.113150 0.279719 0.424779
v -0.132172 0.249793 0.447926
v -0.198992 0.194683 0.424210
v -0.259375 0.149808 0.425931
v -0.308691 0.108517 0.414943
v -0.339943 0.081594 0.404036
v -0.104674 0.317810 0.426781
v -0.116912 0.277769 0.442427
v -0.146188 0.240005 0.455602
v -0.170993 0.215588 0.453847
v -0.260146 0.153074 0.436128
v -0.307953 0.113741 0.424691
v -0.339337 0.086093 0.409212
v -0.110876 0.322054 0.430087
v -0.126239 0.285703 0.450266
v -0.155848 0.249522 0.462672
v -0.202793 0.201483 0.457128
v -0.265680 0.153893 0.442642
v -0.310754 0.116454 0.430649
v -0.340687 0.089909 0.413163
v -0.119958 0.332174 0.429434
v -0.143113 0.296756 0.444464
v -0.179602 0.250660 0.456062
v -0.225896 0.202295 0.455939
v -0.277941 0.156187 0.449482
v -0.320342 0.119124 0.435764
v -0.347999 0.094719 0.415035
v -0.132869 0.344924 0.419623
v -0.165631 0.319370 0.429818
v -0.212101 0.282296 0.439784
v -0.262556 0.234661 0.444473
v -0.310074 0.182721 0.440802
v -0.344284 0.136010 0.428265
v -0.358013 0.103512 0.410517
v -0.145266 0.356199 0.404962
v -0.188283 0.339768 0.401812
v -0.241037 0.309408 0.403662
v -0.295825 0.266430 0.405904
v -0.337688 0.212438 0.404533
v -0.358518 0.158018 0.403624
v -0.363111 0.114767 0.400696
v -0.153444 0.365268 0.391552
v -0.202454 0.355197 0.376066
v -0.257573 0.326327 0.367614
v -0.309557 0.282067 0.366614
v -0.340352 0.226686 0.374244
v -0.370656 0.165706 0.357773
v -0.380987 0.116132 0.370587
v -0.155653 0.370652 0.384099
v -0.155653 0.370652 0.384099
v -0.207127 0.364167 0.361231
v -0.207127 0.364167 0.361231
v -0.264154 0.336492 0.345744
v -0.264154 0.336492 0.345744
v -0.316203 0.290604 0.337984
v -0.316203 0.290604 0.337984
v -0.354204 0.230513 0.336143
v -0.354204 0.230513 0.336143
v -0.378411 0.170817 0.347397
v -0.378411 0.170817 0.347397
v -0.384360 0.119014 0.367335
v -0.384360 0.119014 0.367335
v -0.149108 0.366443 0.381525
v -0.194982 0.355155 0.355032
v -0.248459 0.323262 0.336435
v -0.301399 0.275619 0.328567
v -0.345740 0.219479 0.332625
v -0.374734 0.163389 0.347991
v -0.382540 0.115058 0.370029
v -0.135504 0.353580 0.384548
v -0.169844 0.331388 0.360618
v -0.215615 0.292208 0.343735
v -0.265848 0.242006 0.336468
v -0.312896 0.188424 0.339924
v -0.349596 0.139621 0.353577
v -0.370361 0.103025 0.375349
v -0.119754 0.338441 0.394794
v -0.177592 0.255658 0.368470
v -0.354612 0.087886 0.385595
v 0.087497 0.371467 0.411069
v 0.087497 0.371467 0.411069
v 0.087497 0.371467 0.411069
v 0.087497 0.371467 0.411069
v 0.087497 0.371467 0.411069
v 0.087497 0.371467 0.411069
v 0.087497 0.371467 0.411069
v 0.087497 0.371467 0.411069
v 0.087497 0.371467 0.411069
v 0.087497 0.371467 0.411069
v 0.087497 0.371467 0.411069
v 0.087497 0.371467 0.411069
v 0.036580 0.353525 0.444584
v -0.076874 0.290566 0.504855
v -0.134539 0.235446 0.515620
v -0.160729 0.187421 0.505772
v -0.239791 0.123337 0.500885
v -0.239791 0.123337 0.500885
v -0.239791 0.123337 0.500885
v -0.239791 0.123337 0.500885
v -0.239791 0.123337 0.500885
v -0.239791 0.123337 0.500885
v -0.239791 0.123337 0.500885
v -0.239791 0.123337 0.500885
v -0.239791 0.123337 0.500885
v -0.239791 0.123337 0.500885
v -0.239791 0.123337 0.500885
v -0.239791 0.123337 0.500885
v 0.059714 0.380538 0.406412
v 0.012704 0.381804 0.417841
v -0.038441 0.358017 0.438908
v -0.095286 0.311520 0.458519
v -0.159517 0.224185 0.414043
v -0.182311 0.174786 0.441340
v -0.204867 0.153674 0.464896
v 0.052021 0.390697 0.397658
v 0.005785 0.388906 0.409920
v -0.020577 0.378417 0.414534
v -0.123154 0.261982 0.366475
v -0.141085 0.214985 0.396310
v -0.171548 0.174716 0.433137
v -0.194519 0.150073 0.458363
v 0.049249 0.387179 0.394422
v 0.018305 0.393799 0.394540
v -0.035160 0.321024 0.341142
v -0.076938 0.265658 0.326576
v -0.132240 0.211768 0.390849
v -0.163136 0.174617 0.427624
v -0.188969 0.150417 0.454878
v 0.051919 0.382052 0.393430
v 0.028201 0.386398 0.386278
v -0.025809 0.290591 0.317843
v -0.087781 0.250248 0.342690
v -0.127660 0.206120 0.390415
v -0.158351 0.172316 0.426079
v -0.184607 0.149379 0.452978
v 0.058021 0.373975 0.396012
v 0.045679 0.351175 0.377392
v -0.026305 0.265250 0.329821
v -0.082002 0.229145 0.352690
v -0.120900 0.194815 0.392987
v -0.153970 0.165378 0.428221
v -0.179952 0.143882 0.454579
v 0.076991 0.361224 0.402693
v 0.050658 0.318965 0.380780
v 0.000227 0.228196 0.365579
v -0.040366 0.188593 0.375431
v -0.093184 0.163256 0.410202
v -0.139027 0.145564 0.440861
v -0.172696 0.135411 0.460052
v 0.093048 0.347847 0.413072
v 0.088985 0.291510 0.423577
v 0.033104 0.191572 0.392502
v -0.004008 0.150623 0.423510
v -0.063030 0.133826 0.449802
v -0.118810 0.129198 0.461813
v -0.162527 0.128635 0.466858
v 0.100123 0.329722 0.421725
v 0.103411 0.281142 0.462954
v 0.085477 0.229713 0.506372
v 0.035073 0.166346 0.502703
v -0.046050 0.125197 0.487581
v -0.100056 0.116771 0.489526
v -0.162001 0.117517 0.499163
v 0.104609 0.332123 0.428755
v 0.104609 0.332123 0.428755
v 0.099529 0.288100 0.473575
v 0.099529 0.288100 0.473575
v 0.078897 0.246470 0.505933
v 0.078897 0.246470 0.505933
v 0.019630 0.179566 0.527749
v 0.019630 0.179566 0.527749
v -0.045226 0.146203 0.528546
v -0.045226 0.146203 0.528546
v -0.109209 0.127676 0.507302
v -0.109209 0.127676 0.507302
v -0.159429 0.125322 0.503422
v -0.159429 0.125322 0.503422
v 0.097627 0.337484 0.436141
v 0.096248 0.299262 0.473151
v 0.057580 0.260627 0.507714
v 0.003352 0.199807 0.533144
v -0.055967 0.154147 0.534142
v -0.116929 0.141069 0.519944
v -0.154717 0.130185 0.510028
v 0.081831 0.337667 0.443100
v 0.063177 0.323489 0.465842
v 0.023747 0.287565 0.502618
v -0.030265 0.239688 0.529503
v -0.088911 0.189971 0.536578
v -0.139579 0.147766 0.528054
v -0.179916 0.138599 0.514118
v 0.072679 0.354687 0.434786
v -0.012374 0.331297 0.476395
v -0.182823 0.154829 0.500377
v 0.164020 0.367249 0.365046
v 0.164020 0.367249 0.365046
v 0.164020 0.367249 0.365046
v 0.164020 0.367249 0.365046
v 0.164020 0.367249 0.365046
v 0.164020 0.367249 0.365046
v 0.164020 0.367249 0.365046
v 0.164020 0.367249 0.365046
v 0.164020 0.367249 0.365046
v 0.164020 0.367249 0.365046
v 0.164020 0.367249 0.365046
v 0.164020 0.367249 0.365046
v 0.123363 0.340555 0.387386
v 0.091239 0.277496 0.432268
v 0.093083 0.240185 0.457438
v 0.093489 0.208960 0.481128
v 0.078889 0.163730 0.530144
v 0.078889 0.163730 0.530144
v 0.078889 0.163730 0.530144
v 0.078889 0.163730 0.530144
v 0.078889 0.163730 0.530144
v 0.078889 0.163730 0.530144
v 0.078889 0.163730 0.530144
v 0.078889 0.163730 0.530144
v 0.078889 0.163730 0.530144
v 0.078889 0.163730 0.530144
v 0.078889 0.163730 0.530144
v 0.078889 0.163730 0.530144
v 0.144983 0.367404 0.382285
v 0.127247 0.358472 0.405971
v 0.114814 0.333147 0.427970
v 0.117083 0.289129 0.451095
v 0.118050 0.248352 0.473642
v 0.111306 0.214630 0.493702
v 0.097324 0.195059 0.502719
v 0.155496 0.368545 0.393680
v 0.144699 0.355296 0.412208
v 0.139878 0.339988 0.430751
v 0.132719 0.305255 0.455122
v 0.137088 0.252064 0.478463
v 0.125168 0.217238 0.495935
v 0.113627 0.194961 0.506080
v 0.161045 0.365168 0.394731
v 0.161413 0.353319 0.418980
v 0.165800 0.336056 0.440070
v 0.156969 0.300930 0.459547
v 0.148270 0.252306 0.480272
v 0.136308 0.218611 0.496628
v 0.120257 0.196033 0.505633
v 0.168196 0.362106 0.394032
v 0.175527 0.348989 0.418133
v 0.180707 0.327197 0.440125
v 0.169902 0.293092 0.462440
v 0.156584 0.249304 0.482194
v 0.144026 0.217455 0.497389
v 0.126123 0.195821 0.505176
v 0.175382 0.357952 0.389396
v 0.181092 0.340170 0.411659
v 0.183377 0.313020 0.438268
v 0.177204 0.279416 0.462474
v 0.168211 0.242493 0.483765
v 0.153304 0.212233 0.498131
v 0.132595 0.192128 0.503785
v 0.176645 0.351588 0.380689
v 0.185743 0.329189 0.397096
v 0.194120 0.297184 0.419297
v 0.194171 0.261335 0.444867
v 0.183508 0.226454 0.469637
v 0.162428 0.199891 0.488620
v 0.135927 0.187143 0.498547
v 0.172574 0.345207 0.371079
v 0.177088 0.317468 0.379238
v 0.183226 0.282334 0.395878
v 0.184654 0.244420 0.418623
v 0.173213 0.212712 0.444905
v 0.154693 0.193475 0.470809
v 0.133781 0.185240 0.490267
v 0.167182 0.341094 0.362763
v 0.165298 0.310233 0.364146
v 0.163424 0.273584 0.376826
v 0.160297 0.237085 0.399022
v 0.152687 0.212045 0.428493
v 0.120083 0.185905 0.452744
v 0.114235 0.180012 0.481792
v 0.163532 0.340241 0.357899
v 0.163532 0.340241 0.357899
v 0.157327 0.308152 0.355292
v 0.157327 0.308152 0.355292
v 0.150166 0.270316 0.365195
v 0.150166 0.270316 0.365195
v 0.140073 0.233381 0.385960
v 0.140073 0.233381 0.385960
v 0.124062 0.203193 0.414811
v 0.124062 0.203193 0.414811
v 0.112180 0.184301 0.450033
v 0.112180 0.184301 0.450033
v 0.107614 0.177112 0.479906
v 0.107614 0.177112 0.479906
v 0.156953 0.343533 0.358807
v 0.143255 0.314070 0.357078
v 0.130057 0.277728 0.367824
v 0.119370 0.240041 0.389407
v 0.112820 0.206744 0.418542
v 0.111404 0.182908 0.450794
v 0.111028 0.178351 0.471618
v 0.149129 0.350101 0.365340
v 0.128798 0.326206 0.369150
v 0.111168 0.293585 0.383596
v 0.098925 0.257203 0.406478
v 0.093931 0.222600 0.434314
v 0.096947 0.195044 0.462866
v 0.107514 0.178729 0.487786
v 0.146188 0.357867 0.375209
v 0.104068 0.312333 0.407422
v 0.104572 0.186495 0.497655
v 0.344479 -0.440391 -0.041181
v 0.350632 -0.440501 0.034274
v 0.426861 -0.389687 0.044244
v 0.423811 -0.389704 -0.039142
v 0.458553 0.215560 -0.020103
v 0.457528 0.222300 0.072067
v 0.414715 0.304212 0.063496
v 0.415223 0.299058 -0.018124
v 0.493321 0.123067 -0.022713
v 0.492505 0.129946 0.075764
v 0.515855 0.028703 -0.026652
v 0.515836 0.033778 0.076342
v 0.119055 0.502329 -0.025398
v 0.117954 0.504316 -0.006716
v 0.020121 0.512790 -0.027230
v 0.020121 0.512790 -0.027230
v 0.020121 0.512790 -0.027230
v 0.020121 0.512790 -0.027230
v 0.020121 0.512790 -0.027230
v 0.020121 0.512790 -0.027230
v 0.020121 0.512790 -0.027230
v 0.020121 0.512790 -0.027230
v 0.020121 0.512790 -0.027230
v 0.020121 0.512790 -0.027230
v 0.020121 0.512790 -0.027230
v 0.020121 0.512790 -0.027230
v 0.020121 0.512790 -0.027230
v 0.020121 0.512790 -0.027230
v 0.020121 0.512790 -0.027230
v 0.020121 0.512790 -0.027230
v 0.020121 0.512790 -0.027230
v 0.020121 0.512790 -0.027230
v 0.020121 0.512790 -0.027230
v 0.020121 0.512790 -0.027230
v 0.020121 0.512790 -0.027230
v 0.020121 0.512790 -0.027230
v 0.020121 0.512790 -0.027230
v 0.020121 0.512790 -0.027230
v 0.020121 0.512790 -0.027230
v 0.020121 0.512790 -0.027230
v 0.020121 0.512790 -0.027230
v 0.020121 0.512790 -0.027230
v 0.020121 0.512790 -0.027230
v 0.020121 0.512790 -0.027230
v 0.020121 0.512790 -0.027230
v 0.020121 0.512790 -0.027230
v 0.523518 -0.072358 -0.031215
v 0.524067 -0.068895 0.073253
v 0.212398 0.473291 -0.023222
v 0.211886 0.476963 0.014891
v 0.517817 -0.176041 -0.035790
v 0.519133 -0.175177 0.067527
v 0.295670 0.427912 -0.020302
v 0.295185 0.432405 0.034808
v 0.489966 -0.283519 -0.041514
v 0.492698 -0.283588 0.056021
v 0.362496 0.369607 -0.018252
v 0.361983 0.374306 0.051960
v 0.348986 0.378665 0.120684
v 0.283925 0.436742 0.088861
v 0.415349 -0.388770 0.139507
v 0.474799 -0.285537 0.157878
v 0.399093 0.308930 0.143690
v 0.342777 -0.441530 0.126199
v 0.439640 0.228382 0.161192
v 0.472821 0.138317 0.171942
v 0.495220 0.039605 0.177135
v 0.112957 0.506281 0.012160
v 0.503934 -0.065506 0.176531
v 0.203174 0.480687 0.051419
v 0.500268 -0.173287 0.169948
v 0.452349 0.044621 0.268119
v 0.432930 0.144831 0.258148
v 0.103717 0.508414 0.029827
v 0.459898 -0.062297 0.271586
v 0.187180 0.484273 0.085869
v 0.456918 -0.172403 0.267664
v 0.262783 0.440780 0.139244
v 0.421183 -0.279921 0.252667
v 0.323386 0.382093 0.184381
v 0.384516 -0.369777 0.245613
v 0.368233 0.312678 0.218753
v 0.302655 -0.429308 0.251279
v 0.404436 0.234320 0.242246
v 0.322779 -0.354673 0.341215
v 0.373388 -0.262834 0.328821
v 0.314803 0.312635 0.294518
v 0.285467 0.385250 0.242597
v 0.242219 -0.431941 0.371618
v 0.341226 0.247988 0.314447
v 0.341226 0.247988 0.314447
v 0.372606 0.149037 0.328521
v 0.393066 0.049675 0.330260
v 0.092037 0.510426 0.045120
v 0.400822 -0.062845 0.332011
v 0.164580 0.487639 0.116569
v 0.398724 -0.169671 0.331850
v 0.230988 0.445060 0.183812
v 0.135163 0.491188 0.141709
v 0.078092 0.511977 0.056807
v 0.189938 0.448925 0.220979
v 0.236009 0.389464 0.290606
v 0.268544 0.319219 0.340779
v 0.060472 0.513331 0.066368
v 0.101598 0.494010 0.160557
v 0.140479 0.453000 0.248684
v 0.174746 0.392224 0.326451
v 0.199555 0.324490 0.381800
v 0.063876 0.495902 0.171808
v 0.041497 0.514396 0.071837
v 0.084975 0.456187 0.266468
v 0.103089 0.395101 0.350398
v 0.117808 0.329339 0.412908
v 0.021795 0.515036 0.073229
v 0.023072 0.496497 0.175821
v 0.025677 0.457771 0.271898
v 0.026977 0.397168 0.358525
v 0.027724 0.331759 0.428331
v -0.034333 0.458013 0.265454
v -0.016397 0.497015 0.170988
v -0.050655 0.397424 0.350333
v -0.063831 0.325226 0.413177
v 0.002444 0.514991 0.070861
v -0.016846 0.514337 0.065135
v -0.055602 0.495974 0.158395
v -0.091727 0.456246 0.246757
v -0.125149 0.395635 0.325645
v -0.152557 0.321248 0.386288
v -0.144277 0.453452 0.216918
v -0.090688 0.494061 0.138389
v -0.193128 0.393322 0.287968
v -0.232546 0.315708 0.342615
v -0.034725 0.513239 0.055231
v -0.082894 0.075032 -0.475977
v -0.076197 0.168744 -0.442210
v -0.076197 0.168744 -0.442210
v -0.154922 0.170672 -0.421065
v -0.154922 0.170672 -0.421065
v -0.168208 0.073847 -0.453539
v -0.050489 0.511647 0.042631
v -0.121568 0.491044 0.112105
v -0.189691 0.449430 0.177904
v -0.238693 0.384898 0.245555
v -0.285778 0.308671 0.288373
v -0.372628 -0.292795 0.314119
v -0.437308 -0.305298 0.252313
v -0.452511 -0.208823 0.261842
v -0.399680 -0.202790 0.320299
v -0.294830 0.382167 0.174793
v -0.225182 0.444367 0.130767
v -0.323687 -0.386874 0.326631
v -0.383742 -0.389652 0.242782
v -0.350762 0.302255 0.209684
v -0.244664 -0.456405 0.357984
v -0.307947 -0.442765 0.237978
v -0.325867 0.216591 0.308570
v -0.325867 0.216591 0.308570
v -0.394956 0.209188 0.236083
v -0.356412 0.125376 0.324759
v -0.426851 0.109790 0.254141
v -0.387332 0.010950 0.325115
v -0.446490 0.005533 0.264203
v -0.063252 0.509802 0.026963
v -0.397091 -0.100170 0.324924
v -0.454257 -0.102006 0.267865
v -0.146127 0.487526 0.080584
v -0.494013 0.000357 0.166987
v -0.470744 0.103749 0.160999
v -0.072866 0.507814 0.008451
v -0.502904 -0.106622 0.166693
v -0.164787 0.483214 0.045075
v -0.498943 -0.214768 0.160351
v -0.250823 0.438822 0.078811
v -0.478353 -0.309452 0.149326
v -0.325573 0.375552 0.107509
v -0.434136 -0.392084 0.136897
v -0.385866 0.294988 0.130798
v -0.353802 -0.450032 0.127422
v -0.433736 0.202586 0.149160
v -0.454814 -0.384830 0.041557
v -0.497980 -0.306907 0.045996
v -0.403545 0.288442 0.047744
v -0.341800 0.368740 0.036453
v -0.363535 -0.447620 0.047599
v -0.452992 0.195955 0.056245
v -0.490897 0.097437 0.061330
v -0.515469 -0.004599 0.062506
v -0.077735 0.505885 -0.010076
v -0.524073 -0.110182 0.060032
v -0.174752 0.478962 0.007341
v -0.519268 -0.216616 0.053233
v -0.264387 0.433134 0.023276
v -0.080167 0.503558 -0.029522
v -0.523563 -0.113506 -0.046353
v -0.515325 -0.009016 -0.042710
v -0.177266 0.474766 -0.031329
v -0.517427 -0.217993 -0.051273
v -0.266977 0.427116 -0.032251
v -0.490768 -0.318857 -0.058867
v -0.342990 0.362692 -0.034105
v -0.446753 -0.389952 -0.062128
v -0.404851 0.281956 -0.035584
v -0.360234 -0.445752 -0.042766
v -0.453383 0.190177 -0.036718
v -0.490757 0.092275 -0.039252
v -0.390688 0.275706 -0.114827
v -0.331525 0.355667 -0.103037
v -0.348411 -0.443620 -0.107396
v -0.432890 -0.384740 -0.141065
v -0.436936 0.184122 -0.124827
v -0.472254 0.087185 -0.134896
v -0.495882 -0.013499 -0.141581
v -0.077850 0.501434 -0.049111
v -0.503505 -0.116576 -0.147338
v -0.172514 0.470402 -0.068604
v -0.496128 -0.219503 -0.151301
v -0.258708 0.420870 -0.086560
v -0.470328 -0.316287 -0.153287
v -0.463702 -0.118929 -0.238952
v -0.457615 -0.017449 -0.232317
v -0.159939 0.466768 -0.103410
v -0.072048 0.499426 -0.067288
v -0.072048 0.499426 -0.067288
v -0.456747 -0.220586 -0.241105
v -0.239805 0.415347 -0.137307
v -0.433335 -0.313414 -0.237776
v -0.307194 0.350385 -0.164868
v -0.391533 -0.389088 -0.220190
v -0.361165 0.270295 -0.188230
v -0.316786 -0.442844 -0.171647
v -0.403523 0.179989 -0.207280
v -0.436297 0.082101 -0.221724
v -0.281271 -0.442572 -0.221486
v -0.352485 -0.381714 -0.286094
v -0.356435 0.175843 -0.279406
v -0.318325 0.265498 -0.254109
v -0.384989 0.078864 -0.299155
v -0.403159 -0.019925 -0.313341
v -0.063541 0.497570 -0.083789
v -0.063541 0.497570 -0.083789
v -0.409171 -0.120346 -0.319177
v -0.400934 -0.234691 -0.319095
v -0.400934 -0.234691 -0.319095
v -0.211532 0.410894 -0.182600
v -0.140445 0.463170 -0.135583
v -0.384989 -0.309966 -0.309862
v -0.271938 0.344551 -0.221660
v -0.339007 -0.217420 -0.384495
v -0.339007 -0.217420 -0.384495
v -0.342286 -0.120581 -0.387037
v -0.175910 0.407129 -0.221015
v -0.116609 0.460198 -0.162680
v -0.226435 0.340819 -0.268740
v -0.302375 -0.376390 -0.340205
v -0.326979 -0.305382 -0.368976
v -0.266505 0.261343 -0.308227
v -0.236690 -0.440294 -0.273822
v -0.298186 0.173732 -0.338458
v -0.320776 0.076024 -0.364671
v -0.336940 -0.021042 -0.380254
v -0.050518 0.496043 -0.098026
v -0.050518 0.496043 -0.098026
v -0.230235 0.169964 -0.387372
v -0.205065 0.259444 -0.350896
v -0.249237 0.073810 -0.415723
v -0.261980 -0.020707 -0.433485
v -0.035977 0.494747 -0.109352
v -0.035977 0.494747 -0.109352
v -0.266731 -0.118731 -0.440261
v -0.265019 -0.214136 -0.436440
v -0.265019 -0.214136 -0.436440
v -0.133961 0.404551 -0.250722
v -0.087229 0.457655 -0.184922
v -0.173088 0.336952 -0.307111
v -0.241833 -0.372676 -0.384382
v -0.259658 -0.300150 -0.417892
v -0.190164 -0.438414 -0.311297
v -0.185089 -0.208510 -0.474313
v -0.185089 -0.208510 -0.474313
v -0.183007 -0.115954 -0.479735
v -0.087528 0.402156 -0.273540
v -0.055219 0.456006 -0.200695
v -0.115100 0.335491 -0.333665
v -0.172419 -0.369416 -0.418311
v -0.183491 -0.294326 -0.455028
v -0.136377 0.258594 -0.381996
v -0.136377 0.258594 -0.381996
v -0.136320 -0.436970 -0.338920
v -0.178030 -0.019291 -0.472728
v -0.018745 0.493581 -0.118588
v -0.018745 0.493581 -0.118588
v -0.090655 -0.016201 -0.496331
v -0.000689 0.492811 -0.123904
v -0.000689 0.492811 -0.123904
v -0.094964 -0.110807 -0.503660
v -0.098723 -0.202844 -0.498698
v -0.098723 -0.202844 -0.498698
v -0.038447 0.401641 -0.285745
v -0.021475 0.454881 -0.209923
v -0.052840 0.335326 -0.348890
v -0.052840 0.335326 -0.348890
v -0.096271 -0.367797 -0.438717
v -0.100301 -0.289074 -0.479204
v -0.066304 0.257546 -0.399898
v -0.066304 0.257546 -0.399898
v -0.077352 -0.435930 -0.355332
v 0.011143 0.335045 -0.353438
v 0.011143 0.335045 -0.353438
v 0.011143 0.335045 -0.353438
v 0.011143 0.335045 -0.353438
v 0.014341 0.401406 -0.289235
v 0.014341 0.401406 -0.289235
v -0.016780 -0.366542 -0.445509
v -0.016780 -0.366542 -0.445509
v -0.012996 -0.284722 -0.487464
v -0.012996 -0.284722 -0.487464
v -0.015652 -0.435375 -0.360283
v -0.015652 -0.435375 -0.360283
v 0.005968 0.171699 -0.447282
v 0.005968 0.171699 -0.447282
v 0.008199 0.259687 -0.404370
v 0.008199 0.259687 -0.404370
v 0.002987 0.077028 -0.481901
v 0.002987 0.077028 -0.481901
v -0.000381 -0.012694 -0.503110
v -0.000381 -0.012694 -0.503110
v 0.018276 0.492738 -0.124559
v 0.018276 0.492738 -0.124559
v -0.003586 -0.104775 -0.510336
v -0.003586 -0.104775 -0.510336
v 0.016465 0.454360 -0.212855
v 0.016465 0.454360 -0.212855
v -0.008894 -0.198089 -0.506344
v -0.008894 -0.198089 -0.506344
v -0.008894 -0.198089 -0.506344
v -0.008894 -0.198089 -0.506344
v 0.090883 -0.006568 -0.493390
v 0.091055 0.081312 -0.472344
v 0.036522 0.492751 -0.122787
v 0.088652 -0.100280 -0.501741
v 0.052238 0.455423 -0.208251
v 0.083034 -0.193483 -0.498448
v 0.083034 -0.193483 -0.498448
v 0.065030 0.402455 -0.283701
v 0.074061 0.336870 -0.346367
v 0.074061 0.336870 -0.346367
v 0.062831 -0.366399 -0.438474
v 0.075398 -0.281823 -0.480120
v 0.046225 -0.435850 -0.354054
v 0.088165 0.173789 -0.438528
v 0.081069 0.262100 -0.396241
v 0.136561 0.339609 -0.327228
v 0.136561 0.339609 -0.327228
v 0.114004 0.404070 -0.268567
v 0.140297 -0.366919 -0.417767
v 0.161540 -0.279797 -0.456420
v 0.106281 -0.436896 -0.336357
v 0.166764 0.180351 -0.413863
v 0.151644 0.265643 -0.375376
v 0.176046 0.087655 -0.445612
v 0.178933 -0.002560 -0.466687
v 0.055623 0.493164 -0.117247
v 0.179269 -0.095999 -0.475229
v 0.087055 0.456666 -0.196621
v 0.173988 -0.188052 -0.472670
v 0.173988 -0.188052 -0.472670
v 0.263708 0.002281 -0.424512
v 0.255240 0.093426 -0.405443
v 0.072236 0.494127 -0.107854
v 0.264359 -0.090625 -0.433549
v 0.120024 0.457997 -0.180036
v 0.258563 -0.185784 -0.432048
v 0.160629 0.406312 -0.244692
v 0.243041 -0.278650 -0.418103
v 0.194576 0.343960 -0.296706
v 0.194576 0.343960 -0.296706
v 0.212975 -0.368558 -0.382632
v 0.161913 -0.438340 -0.307639
v 0.241143 0.185246 -0.376074
v 0.219752 0.270844 -0.340180
v 0.278687 -0.370719 -0.335112
v 0.316953 -0.278247 -0.365450
v 0.210687 -0.440258 -0.268519
v 0.307138 0.191223 -0.325976
v 0.280466 0.274740 -0.295012
v 0.327536 0.099611 -0.350944
v 0.340209 0.007129 -0.367787
v 0.087785 0.495475 -0.094836
v 0.342600 -0.087310 -0.376635
v 0.148652 0.460209 -0.157300
v 0.336478 -0.183306 -0.375952
v 0.203193 0.409945 -0.210834
v 0.246050 0.347656 -0.258027
v 0.246050 0.347656 -0.258027
v 0.100507 0.496806 -0.080511
v 0.100507 0.496806 -0.080511
v 0.410540 -0.083482 -0.305876
v 0.406545 0.012972 -0.297862
v 0.172498 0.463511 -0.127767
v 0.403441 -0.180957 -0.307466
v 0.238246 0.413789 -0.172022
v 0.381306 -0.278689 -0.300024
v 0.290892 0.352842 -0.207756
v 0.334426 -0.374136 -0.276292
v 0.332064 0.280513 -0.237995
v 0.251314 -0.442405 -0.220599
v 0.364858 0.197190 -0.263365
v 0.390288 0.105509 -0.284313
v 0.372974 0.287041 -0.171527
v 0.325709 0.359115 -0.149787
v 0.287914 -0.442958 -0.166393
v 0.378529 -0.378946 -0.206469
v 0.411402 0.202756 -0.190090
v 0.440554 0.111643 -0.205373
v 0.459926 0.017519 -0.216438
v 0.110442 0.498466 -0.063254
v 0.110442 0.498466 -0.063254
v 0.110442 0.498466 -0.063254
v 0.465327 -0.079322 -0.223916
v 0.458131 -0.179008 -0.226730
v 0.287192 0.422401 -0.073543
v 0.287192 0.422401 -0.073543
v 0.192684 0.465886 -0.096247
v 0.192684 0.465886 -0.096247
v 0.433102 -0.279778 -0.222981
v 0.504072 -0.075711 -0.131328
v 0.496795 0.023084 -0.125717
v 0.497236 -0.177420 -0.135132
v 0.470464 -0.281284 -0.136296
v 0.349483 0.364913 -0.086610
v 0.406839 -0.386048 -0.127843
v 0.401270 0.292814 -0.097813
v 0.315844 -0.442782 -0.110212
v 0.443027 0.209041 -0.107924
v 0.475745 0.117232 -0.117835
v 0.116504 0.500247 -0.045071
v 0.116504 0.500247 -0.045071
v 0.206173 0.469599 -0.060160
v 0.206173 0.469599 -0.060160
v 0.282682 0.286243 0.354625
v 0.193647 0.300070 0.391891
v 0.108754 0.304962 0.421859
v 0.022842 0.300171 0.438258
v -0.067103 0.290327 0.419863
v -0.164111 0.280801 0.394366
v -0.243601 0.271752 0.353187
vn -0.8455 -0.4881 -0.2165
vn -0.3911 -0.5374 -0.7471
vn -0.1156 -0.2764 -0.9541
vn 0.1323 -0.2297 -0.9642
vn -0.4093 -0.4672 -0.7837
vn -0.4527 -0.4687 -0.7585
vn -0.0028 -0.2679 -0.9634
vn 0.0603 -0.2350 -0.9701
vn -0.5752 -0.4012 -0.7129
vn -0.7181 -0.2308 -0.6565
vn -0.3906 -0.0377 -0.9198
vn -0.1822 -0.1887 -0.9650
vn -0.8069 0.0352 -0.5896
vn -0.2285 0.7878 -0.5720
vn -0.6672 0.2293 -0.7087
vn -0.9995 0.0038 -0.0323
vn -0.2284 0.7878 -0.5720
vn -0.0540 0.6348 -0.7708
vn -0.9995 0.0037 -0.0323
vn 0.4400 0.1518 -0.8851
vn 0.3774 -0.0788 -0.9227
vn 0.4607 -0.0114 -0.8875
vn 0.3821 0.2779 -0.8813
vn 0.2770 -0.1343 -0.9514
vn -0.0493 0.2954 -0.9541
vn 0.5855 0.0167 -0.8105
vn 0.6565 0.0527 -0.7525
vn 0.6246 0.3116 -0.7161
vn 0.6106 0.1707 -0.7733
vn 0.4517 0.8588 -0.2417
vn 0.3585 0.6171 -0.7005
vn 0.7160 0.2045 -0.6675
vn 0.8316 0.1231 -0.5416
vn 0.9184 0.1961 -0.3436
vn 0.8962 0.3568 -0.2638
vn 0.7923 0.1768 -0.5840
vn 0.5742 0.8184 -0.0227
vn 0.7590 0.6511 0.0041
vn 0.3304 0.9391 -0.0948
vn -0.9995 0.0039 -0.0324
vn 0.8464 0.4902 0.2081
vn 0.9376 0.3443 -0.0476
vn 0.5570 0.7178 0.4179
vn 0.6736 0.6323 0.3827
vn -0.2286 0.7878 -0.5720
vn 0.4365 0.8496 0.2960
vn 0.9847 0.1258 0.1206
vn 0.9810 0.1896 -0.0422
vn 0.7939 -0.0457 0.6063
vn 0.7329 0.3518 0.5823
vn 0.7954 0.1198 0.5942
vn 0.5438 0.5976 0.5892
vn 0.6529 0.4853 0.5815
vn 0.3691 0.7229 0.5841
vn 0.4540 0.6567 0.6022
vn 0.3053 0.4918 0.8154
vn 0.3749 0.3394 0.8627
vn 0.2422 0.6865 0.6856
vn 0.2866 0.5743 0.7669
vn 0.4756 -0.0630 0.8774
vn 0.5595 -0.1615 0.8130
vn 0.4169 0.1255 0.9002
vn -0.9995 0.0039 -0.0322
vn 0.4512 0.0207 0.8922
vn 0.6891 0.0720 0.7211
vn 0.2115 0.2260 0.9509
vn 0.2685 0.0141 0.9632
vn 0.2024 0.5451 0.8136
vn 0.1880 0.4194 0.8881
vn -0.2284 0.7878 -0.5721
vn 0.1861 0.6664 0.7220
vn -0.9995 0.0038 -0.0322
vn -0.3500 0.0126 0.9367
vn -0.1863 0.3471 0.9191
vn -0.2099 0.8264 0.5225
vn -0.5408 0.1681 0.8242
vn 0.0316 -0.7441 0.6673
vn 0.5693 -0.4195 0.7071
vn -0.0816 0.0071 0.9966
vn -0.7531 -0.4785 -0.4515
vn -0.7354 -0.6766 -0.0363
vn -0.5629 -0.8161 -0.1310
vn -0.0817 0.0072 0.9966
vn -0.9392 -0.3434 -0.0064
vn -0.8539 -0.5204 0.0033
vn -0.3500 0.0127 0.9367
vn -0.9648 0.2561 -0.0599
vn -0.9954 -0.0902 -0.0330
vn -0.9147 0.0559 -0.4002
vn -0.8789 -0.2195 -0.4234
vn -0.5558 -0.7322 -0.3937
vn -0.6335 -0.6007 -0.4877
vn -0.7269 -0.5280 -0.4392
vn -0.6633 -0.6178 -0.4224
vn -0.8150 -0.3962 -0.4228
vn -0.2285 0.7878 -0.5719
vn -0.9995 0.0039 -0.0323
vn -0.1323 -0.9903 0.0422
vn 0.7117 -0.6955 -0.0991
vn 0.7238 -0.6894 0.0304
vn -0.1661 -0.9861 -0.0041
vn 0.9081 0.4055 -0.1042
vn 0.8423 0.5281 -0.1077
vn 0.8432 0.5353 0.0505
vn 0.9091 0.4111 0.0670
vn 0.9509 0.2924 -0.1018
vn 0.9533 0.2913 0.0793
vn 0.9823 0.1575 -0.1009
vn 0.9838 0.1547 0.0903
vn 0.2091 0.9716 -0.1112
vn 0.0680 0.9926 -0.1004
vn 0.2064 0.9760 -0.0700
vn 0.9947 0.0148 -0.1022
vn 0.9956 0.0144 0.0924
vn 0.3950 0.9110 -0.1190
vn 0.3906 0.9197 -0.0405
vn 0.9837 -0.1465 -0.1045
vn 0.9855 -0.1469 0.0853
vn 0.5739 0.8104 -0.1179
vn 0.5725 0.8199 -0.0047
vn 0.9160 -0.3860 -0.1093
vn 0.9204 -0.3857 0.0634
vn 0.7322 0.6718 -0.1120
vn 0.7314 0.6814 0.0267
vn 0.5458 0.8316 0.1027
vn 0.7017 0.6931 0.1653
vn 0.8804 -0.3811 0.2821
vn 0.7120 -0.6681 0.2160
vn 0.8119 0.5431 0.2141
vn -0.1436 -0.9893 0.0269
vn 0.8776 0.4083 0.2511
vn 0.9168 0.2847 0.2800
vn 0.9415 0.1519 0.3009
vn 0.1960 0.9800 -0.0339
vn 0.9518 0.0140 0.3065
vn 0.3707 0.9281 0.0338
vn 0.9382 -0.1670 0.3031
vn 0.8162 0.2713 0.5101
vn 0.8251 0.1389 0.5476
vn 0.1791 0.9838 -0.0090
vn 0.8272 0.0182 0.5616
vn 0.3387 0.9356 0.0996
vn 0.8204 -0.1670 0.5469
vn 0.4987 0.8425 0.2039
vn 0.7976 -0.3452 0.4946
vn 0.6418 0.7013 0.3103
vn 0.7096 -0.5727 0.4105
vn 0.7406 0.5429 0.3959
vn -0.1221 -0.9905 0.0636
vn 0.7920 0.4025 0.4591
vn 0.3998 -0.1326 0.9069
vn 0.4878 -0.2298 0.8422
vn 0.5684 0.7097 0.4163
vn 0.6508 0.5462 0.5274
vn -0.2871 -0.7254 0.6256
vn 0.5068 0.3919 0.7679
vn 0.2338 0.1563 0.9596
vn 0.1994 0.0775 0.9769
vn 0.1569 0.9874 0.0216
vn 0.1842 0.0095 0.9828
vn 0.2944 0.9424 0.1590
vn 0.2796 -0.0818 0.9566
vn 0.4324 0.8531 0.2920
vn 0.1246 0.9909 0.0500
vn 0.2371 0.9487 0.2090
vn 0.3428 0.8633 0.3704
vn 0.4523 0.7284 0.5147
vn 0.5547 0.4898 0.6726
vn 0.0930 0.9936 0.0647
vn 0.1695 0.9538 0.2480
vn 0.2423 0.8686 0.4322
vn 0.3157 0.7445 0.5883
vn 0.3462 0.5773 0.7395
vn 0.0604 0.9954 0.0745
vn 0.0876 0.9581 0.2726
vn 0.1302 0.8731 0.4699
vn 0.1746 0.7585 0.6278
vn 0.2303 0.5076 0.8302
vn 0.0122 0.9964 0.0838
vn 0.0100 0.9588 0.2839
vn 0.0100 0.8753 0.4834
vn 0.0071 0.7601 0.6498
vn -0.0185 0.4813 0.8764
vn -0.0687 0.9592 0.2742
vn -0.1118 0.8753 0.4705
vn -0.1556 0.7547 0.6373
vn -0.2266 0.4823 0.8462
vn -0.0327 0.9964 0.0785
vn -0.0740 0.9951 0.0662
vn -0.1494 0.9565 0.2507
vn -0.2260 0.8722 0.4337
vn -0.2878 0.7429 0.6044
vn -0.3583 0.4608 0.8120
vn -0.2189 0.9527 0.2110
vn -0.3254 0.8679 0.3753
vn -0.4434 0.7342 0.5141
vn -0.5401 0.5002 0.6768
vn -0.1088 0.9931 0.0443
vn -0.1614 0.2841 -0.9451
vn -0.3278 0.2822 -0.9016
vn -0.2578 0.3251 -0.9099
vn -0.1558 0.2973 -0.9420
vn -0.1395 0.9900 0.0204
vn -0.2774 0.9474 0.1595
vn -0.4259 0.8536 0.2999
vn -0.5531 0.7143 0.4288
vn -0.6423 0.5551 0.5284
vn -0.0542 0.0353 0.9979
vn -0.0996 -0.0591 0.9933
vn -0.8211 -0.1330 0.5551
vn -0.7841 -0.3096 0.5379
vn -0.4833 0.8485 0.2156
vn -0.6162 0.7165 0.3268
vn -0.5406 -0.4602 0.7042
vn -0.6869 -0.5999 0.4104
vn -0.7264 0.5506 0.4113
vn 0.5353 -0.6134 0.5807
vn 0.1853 -0.9814 -0.0503
vn -0.7575 0.1809 0.6273
vn -0.7728 0.4141 0.4809
vn -0.1727 0.1613 0.9717
vn -0.8033 0.2752 0.5282
vn -0.1802 0.0465 0.9825
vn -0.8145 0.1411 0.5628
vn -0.1602 0.9871 -0.0058
vn -0.0978 -0.0043 0.9952
vn -0.8174 0.0212 0.5757
vn -0.3230 0.9413 0.0986
vn -0.9126 0.2921 0.2861
vn -0.9380 0.1527 0.3111
vn 0.0679 0.9926 -0.1004
vn -0.1770 0.9835 -0.0371
vn -0.9489 0.0143 0.3153
vn -0.3577 0.9333 0.0311
vn -0.9438 -0.1342 0.3020
vn -0.5299 0.8417 0.1038
vn -0.8884 -0.3736 0.2666
vn -0.6914 0.7031 0.1664
vn -0.7121 -0.6660 0.2221
vn -0.8055 0.5517 0.2165
vn 0.3155 -0.9465 -0.0678
vn -0.8710 0.4206 0.2540
vn -0.9291 -0.3634 0.0681
vn -0.7410 -0.6701 0.0434
vn -0.7220 0.6915 0.0251
vn -0.8375 0.5439 0.0524
vn 0.4525 -0.8912 -0.0330
vn -0.9062 0.4174 0.0679
vn -0.9518 0.2962 0.0797
vn -0.9833 0.1571 0.0920
vn -0.1856 0.9798 -0.0746
vn -0.9954 0.0148 0.0950
vn -0.3751 0.9261 -0.0410
vn -0.9858 -0.1444 0.0855
vn -0.5565 0.8308 -0.0070
vn -0.1927 0.9749 -0.1113
vn -0.9818 0.1599 -0.1028
vn -0.9947 0.0158 -0.1016
vn -0.3794 0.9180 -0.1157
vn -0.9831 -0.1470 -0.1095
vn -0.5605 0.8194 -0.1198
vn -0.9204 -0.3751 -0.1104
vn -0.7210 0.6832 -0.1161
vn -0.7219 -0.6856 -0.0938
vn -0.8370 0.5360 -0.1098
vn 0.5096 -0.8596 0.0376
vn -0.9053 0.4109 -0.1078
vn -0.9491 0.2967 -0.1059
vn -0.6936 0.6738 -0.2548
vn -0.8052 0.5275 -0.2710
vn -0.6894 -0.6806 -0.2482
vn 0.5222 -0.8380 0.1581
vn -0.8702 0.4056 -0.2796
vn -0.9111 0.2942 -0.2888
vn -0.9422 0.1613 -0.2938
vn -0.1865 0.9712 -0.1482
vn -0.9543 0.0158 -0.2985
vn -0.3719 0.9084 -0.1912
vn -0.9423 -0.1468 -0.3008
vn -0.5429 0.8079 -0.2291
vn -0.8765 -0.3785 -0.2974
vn -0.8664 0.1584 -0.4735
vn -0.8753 0.0166 -0.4832
vn -0.2088 0.9606 -0.1836
vn -0.3478 0.8997 -0.2639
vn -0.8664 -0.1389 -0.4796
vn -0.5032 0.7988 -0.3297
vn -0.8142 -0.3639 -0.4525
vn -0.6402 0.6661 -0.3826
vn -0.6222 -0.6944 -0.3616
vn -0.7421 0.5212 -0.4215
vn 0.5040 -0.8089 0.3028
vn -0.8020 0.4003 -0.4433
vn -0.8399 0.2870 -0.4607
vn -0.5550 -0.6775 -0.4827
vn 0.5039 -0.7932 0.3421
vn -0.6525 0.5158 -0.5552
vn -0.7067 0.3935 -0.5880
vn -0.7400 0.2819 -0.6106
vn -0.7629 0.1555 -0.6275
vn -0.1784 0.9659 -0.1877
vn -0.7729 0.0165 -0.6343
vn -0.8357 -0.1336 -0.5327
vn -0.3108 0.8928 -0.3260
vn -0.4472 0.7901 -0.4193
vn -0.7171 -0.3655 -0.5934
vn -0.5664 0.6550 -0.5002
vn -0.6468 0.0194 -0.7624
vn -0.7482 -0.1527 -0.6457
vn -0.2621 0.8860 -0.3826
vn -0.3749 0.7800 -0.5010
vn -0.4715 0.6475 -0.5987
vn -0.5966 -0.3462 -0.7240
vn -0.4720 -0.6614 -0.5829
vn -0.5429 0.5094 -0.6677
vn 0.4328 -0.8202 0.3741
vn -0.5891 0.3898 -0.7079
vn -0.6177 0.2792 -0.7352
vn -0.6388 0.1548 -0.7536
vn -0.1532 0.9619 -0.2264
vn -0.4188 0.5053 -0.7545
vn -0.4552 0.3880 -0.8014
vn -0.4804 0.2795 -0.8313
vn -0.4979 0.1544 -0.8534
vn -0.1302 0.9590 -0.2519
vn -0.5021 0.0204 -0.8646
vn -0.6397 -0.1291 -0.7577
vn -0.2041 0.8801 -0.4287
vn -0.2918 0.7723 -0.5642
vn -0.3651 0.6392 -0.6769
vn -0.4652 -0.3373 -0.8184
vn -0.3727 -0.6441 -0.6680
vn 0.3007 -0.8562 0.4200
vn -0.3460 0.0201 -0.9380
vn -0.5159 -0.1307 -0.8466
vn -0.1390 0.8760 -0.4617
vn -0.1999 0.7653 -0.6119
vn -0.2472 0.6332 -0.7335
vn -0.3151 -0.3354 -0.8878
vn -0.2522 -0.6328 -0.7321
vn -0.3504 0.5052 -0.7887
vn 0.1605 -0.8939 0.4185
vn -0.3418 0.1543 -0.9270
vn -0.1051 0.9564 -0.2725
vn -0.1697 0.1522 -0.9737
vn -0.0691 0.9533 -0.2942
vn -0.1712 0.0210 -0.9850
vn -0.3630 -0.1289 -0.9228
vn -0.0644 0.8728 -0.4839
vn -0.0947 0.7619 -0.6407
vn -0.1948 0.6323 -0.7498
vn -0.1558 -0.3338 -0.9297
vn -0.1229 -0.6254 -0.7706
vn -0.2217 0.5023 -0.8358
vn 0.0495 -0.9267 0.3726
vn -0.0340 0.7218 -0.6912
vn -0.0702 0.6296 -0.7737
vn -0.0705 -0.4390 -0.8957
vn -0.0406 -0.6262 -0.7786
vn -0.0134 -0.9754 0.2201
vn -0.0582 0.4322 -0.8999
vn -0.0953 0.3913 -0.9153
vn -0.1105 0.2886 -0.9511
vn -0.1396 0.1560 -0.9778
vn -0.0691 0.9532 -0.2942
vn -0.0315 0.9522 -0.3040
vn -0.1306 0.0171 -0.9913
vn -0.0459 0.8724 -0.4867
vn -0.1579 -0.1272 -0.9792
vn 0.1803 0.2833 -0.9419
vn 0.1868 0.1566 -0.9698
vn 0.0458 0.9522 -0.3022
vn 0.1881 0.0177 -0.9820
vn 0.0812 0.8723 -0.4821
vn 0.0135 -0.1292 -0.9915
vn 0.1124 0.7600 -0.6402
vn 0.0311 0.6275 -0.7780
vn -0.0717 -0.4390 -0.8956
vn 0.1729 -0.3319 -0.9273
vn 0.1387 -0.6234 -0.7695
vn -0.0134 -0.9754 0.2202
vn -0.0872 -0.9694 0.2294
vn 0.1536 0.4964 -0.8544
vn 0.1686 0.3857 -0.9071
vn 0.2166 0.7620 -0.6103
vn 0.1539 0.6293 -0.7618
vn 0.3335 -0.3294 -0.8833
vn 0.2675 -0.6263 -0.7322
vn -0.1177 -0.9798 0.1616
vn 0.2976 0.4983 -0.8143
vn 0.3244 0.3872 -0.8630
vn 0.3444 0.2819 -0.8955
vn 0.3566 0.1553 -0.9213
vn 0.0858 0.9523 -0.2929
vn 0.3612 0.0195 -0.9323
vn 0.1572 0.8742 -0.4594
vn 0.3715 -0.1447 -0.9171
vn 0.4926 0.2768 -0.8251
vn 0.5094 0.1548 -0.8465
vn 0.1205 0.9542 -0.2737
vn 0.5151 0.0212 -0.8569
vn 0.2228 0.8761 -0.4275
vn 0.5093 -0.1275 -0.8511
vn 0.3094 0.7677 -0.5611
vn 0.4800 -0.3323 -0.8119
vn 0.2673 0.6313 -0.7280
vn 0.3873 -0.6323 -0.6710
vn -0.1361 -0.9852 0.1041
vn 0.4342 0.5016 -0.7483
vn 0.4690 0.3850 -0.7949
vn 0.6127 -0.3376 -0.7145
vn 0.4902 -0.6444 -0.5869
vn -0.1503 -0.9865 0.0647
vn 0.5570 0.5042 -0.6600
vn 0.5992 0.3885 -0.7001
vn 0.6280 0.2771 -0.7272
vn 0.6489 0.1533 -0.7452
vn 0.1498 0.9570 -0.2484
vn 0.6566 0.0203 -0.7540
vn 0.2816 0.8813 -0.3794
vn 0.6498 -0.1289 -0.7491
vn 0.3928 0.7742 -0.4963
vn 0.5099 0.6277 -0.5882
vn 0.1425 0.9555 -0.2581
vn 0.7692 0.1558 -0.6197
vn 0.7788 0.0195 -0.6269
vn 0.3285 0.8907 -0.3141
vn 0.7700 -0.1344 -0.6237
vn 0.4690 0.7891 -0.3967
vn 0.7255 -0.3484 -0.5936
vn 0.5770 0.6565 -0.4859
vn 0.5751 -0.6588 -0.4850
vn 0.6634 0.5095 -0.5481
vn -0.1650 -0.9837 0.0720
vn 0.7142 0.3893 -0.5817
vn 0.7463 0.2801 -0.6038
vn 0.6119 0.6877 -0.3907
vn 0.7494 0.5156 -0.4155
vn 0.6402 -0.6747 -0.3673
vn -0.1670 -0.9833 0.0720
vn 0.8073 0.3966 -0.4370
vn 0.8443 0.2853 -0.4536
vn 0.8710 0.1564 -0.4657
vn 0.1425 0.9556 -0.2581
vn 0.1500 0.9530 -0.2633
vn 0.8809 0.0178 -0.4730
vn 0.8711 -0.1387 -0.4711
vn 0.3942 0.8676 -0.3030
vn 0.5291 0.7962 -0.2935
vn 0.8173 -0.3625 -0.4479
vn 0.9444 0.1579 -0.2883
vn 0.9566 0.0169 -0.2910
vn 0.9453 -0.1440 -0.2927
vn 0.8826 -0.3766 -0.2815
vn 0.7053 0.6633 -0.2503
vn 0.6847 -0.6895 -0.2362
vn 0.8114 0.5209 -0.2650
vn -0.1791 -0.9792 0.0954
vn 0.8745 0.4004 -0.2737
vn 0.9147 0.2888 -0.2828
vn 0.1867 0.9603 -0.2075
vn 0.3427 0.9208 -0.1864
vn -0.0701 0.6296 -0.7737
vn 0.2674 0.6313 -0.7280
vn 0.5099 0.6276 -0.5883
vn 0.1500 0.9530 -0.2634
vn 0.1867 0.9602 -0.2075
vn -0.8357 -0.1336 -0.5328
vn -0.7482 -0.1527 -0.6456
vn 0.4641 -0.3691 0.8052
vn 0.5068 0.3919 0.7678
vn 0.2912 -0.6168 0.7313
vn 0.2155 -0.6027 0.7683
vn 0.0091 -0.4840 0.8750
vn -0.1799 -0.4372 0.8812
vn -0.3457 -0.3550 0.8686
vn -0.4648 -0.1178 0.8775
vn 0.2738 -0.1911 -0.9426
vn 0.4278 -0.5326 -0.7303
vn 0.6368 -0.7495 -0.1810
vn 0.3025 -0.6997 -0.6472
vn 0.4386 -0.5572 -0.7051
vn 0.4545 -0.5023 -0.7356
vn 0.6096 -0.7417 -0.2797
vn 0.6205 -0.7568 -0.2054
vn 0.5222 -0.3363 -0.7837
vn 0.5644 -0.1560 -0.8106
vn 0.8057 -0.3736 -0.4597
vn 0.6920 -0.6239 -0.3631
vn 0.6896 0.0817 -0.7196
vn 0.7850 -0.6102 0.1065
vn 0.8622 0.0669 -0.5022
vn 0.3146 0.6430 -0.6982
vn 0.7850 -0.6103 0.1065
vn 0.9813 -0.0841 0.1730
vn 0.3145 0.6430 -0.6983
vn 0.6728 -0.6619 0.3306
vn 0.5891 -0.7932 0.1544
vn 0.5784 -0.7733 0.2597
vn 0.8232 -0.5396 0.1768
vn 0.5904 -0.8063 0.0362
vn 0.9196 -0.3909 0.0391
vn 0.5135 -0.7730 0.3725
vn 0.4560 -0.7553 0.4708
vn 0.6168 -0.5537 0.5594
vn 0.5470 -0.6756 0.4942
vn 0.3687 0.1583 0.9160
vn 0.7635 -0.2721 0.5857
vn 0.4804 -0.6295 0.6107
vn 0.3145 0.6431 -0.6982
vn 0.3083 -0.6757 0.6696
vn 0.2190 -0.5265 0.8215
vn 0.1325 -0.3670 0.9207
vn 0.2797 -0.6185 0.7343
vn 0.3357 0.1937 0.9218
vn 0.1437 0.0385 0.9889
vn 0.7851 -0.6102 0.1065
vn 0.5261 0.3404 0.7793
vn 0.3146 0.6430 -0.6983
vn -0.0288 -0.0777 0.9966
vn -0.0024 -0.2309 0.9730
vn -0.1227 0.4149 0.9016
vn -0.1912 0.1965 0.9617
vn 0.1892 0.5180 0.8342
vn 0.3146 0.6429 -0.6983
vn -0.2713 -0.3464 0.8980
vn -0.1237 -0.3694 0.9210
vn -0.7216 -0.0644 0.6893
vn -0.4339 0.1963 0.8793
vn -0.6082 0.0254 0.7934
vn -0.2568 0.4437 0.8586
vn -0.3196 0.3282 0.8889
vn -0.1627 0.6050 0.7795
vn -0.2178 0.5249 0.8228
vn -0.4180 0.6323 0.6523
vn -0.5565 0.5481 0.6244
vn -0.2283 0.7063 0.6701
vn -0.3370 0.6643 0.6672
vn -0.8649 0.2188 0.4518
vn -0.8732 0.0952 0.4779
vn -0.7574 0.3892 0.5243
vn 0.7849 -0.6103 0.1065
vn -0.8129 0.3394 0.4733
vn -0.7322 0.1537 0.6636
vn -0.6948 0.5930 0.4070
vn -0.8444 0.4238 0.3276
vn -0.3926 0.7157 0.5776
vn -0.5147 0.6913 0.5071
vn 0.7850 -0.6103 0.1064
vn -0.2421 0.7473 0.6188
vn -0.8307 0.5430 -0.1226
vn -0.4451 0.8024 0.3975
vn 0.1800 0.7623 0.6216
vn -0.8025 0.5145 -0.3021
vn -0.8938 -0.4287 -0.1318
vn -0.6249 -0.3180 0.7130
vn -0.7357 0.5926 0.3280
vn 0.2893 -0.2773 -0.9162
vn -0.8938 -0.4286 -0.1318
vn -0.1379 -0.0845 -0.9868
vn -0.0854 -0.3276 -0.9410
vn -0.7356 0.5927 0.3281
vn -0.4451 0.8024 0.3976
vn 0.0518 0.2623 -0.9636
vn -0.0604 0.1074 -0.9924
vn 0.1801 0.7623 0.6216
vn 0.4339 0.6153 -0.6581
vn 0.2266 0.4347 -0.8716
vn 0.5786 0.2631 -0.7720
vn 0.4342 0.0610 -0.8987
vn 0.0465 -0.4069 -0.9123
vn 0.2224 -0.2989 -0.9280
vn 0.2351 -0.2096 -0.9491
vn 0.1563 -0.2866 -0.9452
vn 0.3191 -0.0802 -0.9443
vn -0.6618 0.6076 0.4391
vn -0.7452 0.3860 0.5437
vn -0.8931 0.1710 -0.4161
vn -0.8122 0.4551 -0.3649
vn -0.6189 0.4435 0.6483
vn -0.2609 0.5974 0.7583
vn -0.6768 0.7096 0.1958
vn -0.9158 0.3117 -0.2533
vn -0.0002 0.6685 0.7437
vn 0.1511 0.7054 0.6925
vn 0.0601 0.7561 0.6516
vn -0.3488 0.8376 0.4204
vn 0.2639 0.6797 0.6844
vn -0.4676 0.8455 -0.2579
vn 0.1480 0.7307 0.6665
vn 0.5740 0.7063 0.4143
vn -0.4677 0.8455 -0.2578
vn 0.2958 0.9421 -0.1581
vn -0.5273 -0.3404 -0.7785
vn -0.6962 -0.0899 -0.7122
vn -0.6130 -0.1839 -0.7684
vn -0.4797 0.8759 0.0523
vn -0.7825 0.3068 -0.5419
vn -0.1476 0.9532 0.2639
vn -0.5215 -0.3566 -0.7751
vn -0.5251 -0.3083 -0.7932
vn -0.3646 0.6085 -0.7049
vn -0.3934 0.4919 -0.7767
vn -0.0015 0.3609 -0.9326
vn -0.0587 0.9363 -0.3463
vn -0.4801 -0.3609 -0.7996
vn -0.4675 0.8455 -0.2579
vn 0.5741 0.7063 0.4143
vn -0.4674 -0.3990 -0.7889
vn -0.4073 -0.4666 -0.7851
vn -0.4385 -0.2187 -0.8717
vn -0.3886 -0.5167 -0.7629
vn 0.2796 0.5828 -0.7630
vn 0.1123 0.1072 -0.9879
vn 0.0880 0.1275 -0.9879
vn -0.1896 -0.5129 -0.8372
vn -0.3075 -0.5701 -0.7619
vn 0.6032 0.0842 -0.7931
vn 0.2124 -0.2994 -0.9302
vn -0.4676 0.8455 -0.2578
vn 0.4977 0.2903 -0.8173
vn -0.3176 -0.5915 -0.7411
vn -0.3170 -0.5568 -0.7678
vn -0.1955 -0.7405 -0.6430
vn -0.1331 -0.7320 -0.6682
vn -0.1447 -0.7292 -0.6688
vn 0.4024 -0.3851 -0.8305
vn 0.0058 -0.6762 -0.7367
vn 0.5070 0.2743 -0.8171
vn 0.6350 -0.1147 -0.7639
vn 0.5987 -0.5579 -0.5747
vn 0.4061 -0.8127 -0.4179
vn 0.7704 0.1312 -0.6239
vn 0.7792 -0.2752 -0.5631
vn -0.0312 -0.8861 -0.4625
vn -0.1210 -0.8681 -0.4814
vn 0.1183 -0.8997 -0.4202
vn -0.4676 0.8455 -0.2580
vn 0.5741 0.7063 0.4142
vn 0.0562 -0.9917 0.1153
vn -0.0259 -0.9311 0.3639
vn 0.6164 -0.7342 0.2847
vn 0.2236 -0.9695 0.1006
vn 0.9837 -0.1795 -0.0099
vn 0.9522 -0.2027 0.2287
vn -0.4675 0.8455 -0.2578
vn 0.8137 -0.1189 -0.5689
vn 0.5741 0.7062 0.4143
vn 0.7940 -0.1836 0.5795
vn 0.6617 -0.0940 0.7439
vn 0.8504 0.0261 -0.5254
vn 0.1280 -0.6578 0.7422
vn 0.0038 -0.8163 0.5776
vn 0.0635 -0.8193 0.5698
vn 0.6245 -0.5851 0.5173
vn -0.0021 -0.7241 0.6897
vn 0.0635 -0.8193 0.5699
vn 0.0090 -0.3231 0.9463
vn -0.1046 -0.5642 0.8190
vn 0.6246 -0.5851 0.5173
vn 0.3289 0.3040 0.8941
vn 0.1324 0.0645 0.9891
vn 0.8504 0.0262 -0.5254
vn 0.5683 0.5701 0.5932
vn 0.4886 0.5302 0.6929
vn 0.4483 0.6017 0.6611
vn 0.2424 0.6092 0.7550
vn -0.2071 -0.2478 0.9464
vn -0.3028 -0.0081 0.9530
vn 0.0282 0.2828 0.9588
vn -0.1059 0.0440 0.9934
vn 0.1508 0.4644 0.8727
vn -0.4677 0.8455 -0.2579
vn 0.9152 0.0043 0.4029
vn 0.9269 -0.0975 -0.3623
vn 0.4330 -0.4845 -0.7601
vn 0.9638 -0.2413 0.1133
vn 0.9104 -0.2137 -0.3544
vn 0.9577 -0.2217 -0.1833
vn 0.6136 -0.4093 -0.6753
vn 0.4566 -0.4518 -0.7664
vn 0.9406 -0.3132 0.1312
vn 0.8172 -0.4157 0.3993
vn 0.5919 -0.7835 -0.1889
vn 0.6705 -0.5891 -0.4510
vn 0.6556 -0.4860 0.5779
vn -0.4898 -0.4940 0.7183
vn 0.4529 -0.8399 0.2989
vn 0.5033 0.4853 -0.7150
vn -0.4899 -0.4940 0.7183
vn -0.0539 -0.9588 -0.2788
vn 0.5032 0.4853 -0.7150
vn 0.1148 -0.5867 -0.8016
vn 0.2313 -0.4480 -0.8636
vn 0.1631 -0.4749 -0.8648
vn 0.1904 -0.6670 -0.7204
vn 0.3462 -0.4778 -0.8074
vn 0.1088 -0.8232 -0.5573
vn 0.0678 -0.4261 -0.9021
vn 0.0524 -0.4017 -0.9143
vn -0.0583 -0.6683 -0.7416
vn 0.0038 -0.4897 -0.8719
vn -0.3571 -0.8481 -0.3915
vn -0.1108 -0.8359 -0.5376
vn -0.0285 -0.5156 -0.8564
vn -0.1037 -0.3005 -0.9481
vn -0.1895 -0.3666 -0.9109
vn -0.3749 -0.3325 -0.8654
vn -0.0857 -0.3583 -0.9297
vn -0.6671 -0.6470 -0.3692
vn -0.6085 -0.5849 -0.5362
vn -0.4793 -0.8730 -0.0905
vn 0.5033 0.4852 -0.7150
vn -0.6434 -0.3095 -0.7002
vn -0.4817 -0.1042 -0.8701
vn -0.8483 -0.5007 -0.1723
vn -0.8679 -0.3285 -0.3726
vn -0.7981 -0.6023 0.0136
vn 0.5033 0.4852 -0.7151
vn -0.3758 0.0526 -0.9252
vn -0.4037 -0.0594 -0.9130
vn -0.5229 0.7230 -0.4514
vn -0.9039 0.2548 -0.3436
vn -0.7054 0.5418 -0.4570
vn -0.9982 -0.0566 0.0201
vn -0.9798 0.0658 -0.1887
vn -0.9189 -0.2718 0.2860
vn -0.9754 -0.1442 0.1666
vn -0.8430 0.2139 0.4935
vn -0.8200 0.4206 0.3881
vn -0.8544 -0.0910 0.5115
vn -0.8589 0.0709 0.5071
vn -0.4911 0.8618 0.1271
vn -0.3665 0.9304 0.0093
vn -0.6691 0.6907 0.2743
vn 0.5033 0.4854 -0.7149
vn -0.3333 0.9064 0.2595
vn -0.3535 0.9303 0.0983
vn -0.5637 0.5863 0.5818
vn -0.4326 0.7794 0.4533
vn -0.7740 0.1523 0.6146
vn -0.6899 0.3414 0.6383
vn -0.8067 -0.0403 0.5896
vn -0.3373 0.5674 0.7512
vn -0.5643 0.4423 0.6971
vn -0.7786 -0.1350 0.6128
vn -0.5524 0.8333 0.0225
vn 0.0728 0.9335 0.3512
vn -0.6432 0.7344 0.2165
vn -0.4067 0.6792 0.6110
vn 0.5031 0.4852 -0.7151
vn 0.7302 -0.5250 -0.4371
vn -0.6432 0.7344 0.2166
vn 0.5465 0.5776 0.6064
vn 0.4461 0.8853 0.1313
vn -0.4068 0.6792 0.6110
vn -0.5643 0.4422 0.6971
vn 0.4785 0.2145 0.8515
vn 0.5495 0.3882 0.7398
vn 0.2413 -0.2433 0.9395
vn 0.3694 -0.0312 0.9288
vn 0.5529 -0.4063 0.7275
vn 0.6874 -0.2513 0.6815
vn 0.8933 0.4267 0.1415
vn 0.9632 -0.2057 0.1729
vn 0.8823 0.1342 0.4511
vn 0.9234 0.2609 0.2815
vn 0.8122 -0.0406 0.5820
vn 0.5031 0.4853 -0.7151
vn -0.4899 -0.4941 0.7183
vn -0.9439 0.2382 0.2287
vn -0.9783 0.2065 -0.0143
vn -0.7234 0.6898 -0.0309
vn -0.7091 0.6978 0.1013
vn -0.9080 -0.4059 0.1042
vn -0.9089 -0.4116 -0.0670
vn -0.8433 -0.5349 -0.0521
vn -0.8423 -0.5281 0.1076
vn -0.9508 -0.2925 0.1019
vn -0.9528 -0.2926 -0.0807
vn -0.9825 -0.1571 0.1005
vn -0.9838 -0.1548 -0.0903
vn -0.2083 -0.9718 0.1107
vn -0.2044 -0.9763 0.0712
vn 0.0430 -0.9929 0.1112
vn -0.9948 -0.0160 0.1004
vn -0.9957 -0.0136 -0.0918
vn -0.3942 -0.9113 0.1189
vn -0.3910 -0.9195 0.0407
vn -0.9836 0.1467 0.1046
vn -0.9854 0.1477 -0.0848
vn -0.5739 -0.8105 0.1170
vn -0.5719 -0.8203 0.0046
vn -0.9157 0.3866 0.1096
vn -0.9202 0.3863 -0.0636
vn -0.7325 -0.6716 0.1110
vn -0.7317 -0.6811 -0.0279
vn -0.7016 -0.6931 -0.1656
vn -0.5454 -0.8319 -0.1022
vn -0.7118 0.6687 -0.2150
vn -0.8791 0.3822 -0.2849
vn -0.8120 -0.5427 -0.2146
vn -0.9614 0.1682 -0.2176
vn -0.8774 -0.4083 -0.2519
vn -0.9156 -0.2866 -0.2821
vn -0.9418 -0.1513 -0.3002
vn -0.1943 -0.9803 0.0349
vn 0.0429 -0.9929 0.1112
vn -0.9520 -0.0134 -0.3059
vn -0.3705 -0.9282 -0.0332
vn -0.9368 0.1559 -0.3132
vn -0.8250 -0.1384 -0.5478
vn -0.8157 -0.2702 -0.5116
vn -0.1787 -0.9839 0.0084
vn -0.8281 -0.0169 -0.5604
vn -0.3381 -0.9358 -0.0998
vn -0.8210 0.1692 -0.5453
vn -0.4982 -0.8427 -0.2042
vn -0.7975 0.3514 -0.4904
vn -0.6475 -0.6964 -0.3093
vn -0.7112 0.5682 -0.4140
vn -0.7441 -0.5378 -0.3962
vn -0.8921 0.1378 -0.4302
vn -0.7927 -0.3991 -0.4608
vn -0.6083 0.6487 0.4573
vn -0.8747 0.3539 0.3312
vn -0.6605 -0.5259 -0.5358
vn -0.5688 -0.7093 -0.4164
vn -0.8920 0.1610 0.4225
vn -0.6857 -0.6750 0.2723
vn -0.9276 -0.2124 0.3073
vn -0.9737 -0.1630 0.1591
vn -0.1573 -0.9873 -0.0213
vn -0.9845 -0.0271 0.1735
vn -0.2943 -0.9422 -0.1598
vn -0.9538 0.1448 0.2633
vn -0.4308 -0.8537 -0.2925
vn -0.2373 -0.9487 -0.2091
vn -0.1240 -0.9910 -0.0506
vn -0.3425 -0.8632 -0.3709
vn -0.4523 -0.7290 -0.5137
vn -0.5867 -0.4589 -0.6672
vn -0.0927 -0.9935 -0.0656
vn -0.1701 -0.9536 -0.2485
vn -0.2418 -0.8690 -0.4317
vn -0.3177 -0.7435 -0.5884
vn -0.3252 -0.6600 -0.6773
vn -0.0888 -0.9577 -0.2738
vn -0.0590 -0.9954 -0.0752
vn -0.1304 -0.8731 -0.4698
vn -0.1766 -0.7575 -0.6285
vn -0.2454 -0.5186 -0.8190
vn -0.0136 -0.9965 -0.0829
vn -0.0104 -0.9589 -0.2837
vn -0.0101 -0.8756 -0.4829
vn -0.0025 -0.7632 -0.6462
vn 0.0077 -0.4992 -0.8664
vn 0.1118 -0.8751 -0.4708
vn 0.0686 -0.9592 -0.2742
vn 0.1546 -0.7541 -0.6383
vn 0.2286 -0.4948 -0.8384
vn 0.0319 -0.9965 -0.0778
vn 0.0735 -0.9951 -0.0658
vn 0.1492 -0.9565 -0.2506
vn 0.2256 -0.8721 -0.4343
vn 0.2872 -0.7428 -0.6048
vn 0.3476 -0.4655 -0.8139
vn 0.3248 -0.8681 -0.3753
vn 0.2185 -0.9528 -0.2110
vn 0.4423 -0.7346 -0.5145
vn 0.5368 -0.5036 -0.6769
vn 0.1087 -0.9931 -0.0443
vn 0.1634 -0.2852 0.9444
vn 0.2352 -0.4174 0.8778
vn 0.2801 -0.3174 0.9060
vn 0.3275 -0.2821 0.9018
vn 0.1392 -0.9901 -0.0204
vn 0.2770 -0.9475 -0.1595
vn 0.4267 -0.8537 -0.2985
vn 0.5537 -0.7148 -0.4272
vn 0.6639 -0.5393 -0.5180
vn 0.8928 0.4415 -0.0896
vn 0.7958 0.3149 -0.5173
vn 0.8213 0.1338 -0.5546
vn 0.9855 0.1626 0.0491
vn 0.6155 -0.7167 -0.3278
vn 0.4828 -0.8487 -0.2158
vn 0.5778 0.4609 -0.6736
vn 0.7011 0.6002 -0.3851
vn 0.7254 -0.5505 -0.4132
vn 0.9902 0.1264 -0.0597
vn 0.8663 0.2469 -0.4343
vn 0.6119 -0.7695 -0.1830
vn 0.7724 -0.4145 -0.4812
vn 0.9304 -0.2628 0.2555
vn 0.8036 -0.2754 -0.5276
vn 0.9732 -0.1651 0.1604
vn 0.8146 -0.1411 -0.5626
vn 0.1601 -0.9871 0.0058
vn 0.9935 -0.0472 0.1034
vn 0.8175 -0.0215 -0.5755
vn 0.3226 -0.9414 -0.0987
vn 0.9380 -0.1529 -0.3112
vn 0.9125 -0.2922 -0.2863
vn 0.1772 -0.9835 0.0369
vn 0.9492 -0.0149 -0.3145
vn 0.3574 -0.9334 -0.0309
vn 0.9457 0.1328 -0.2968
vn 0.5296 -0.8418 -0.1041
vn 0.8861 0.3763 -0.2707
vn 0.6913 -0.7032 -0.1665
vn 0.7100 0.6678 -0.2234
vn 0.8054 -0.5516 -0.2167
vn 0.8853 0.4117 -0.2163
vn 0.8709 -0.4202 -0.2548
vn 0.7368 0.6744 -0.0481
vn 0.9288 0.3647 -0.0654
vn 0.8375 -0.5439 -0.0525
vn 0.7219 -0.6916 -0.0253
vn 0.8622 0.5063 -0.0158
vn 0.9062 -0.4173 -0.0680
vn 0.9518 -0.2960 -0.0797
vn 0.9833 -0.1570 -0.0920
vn 0.1854 -0.9799 0.0741
vn 0.9954 -0.0146 -0.0950
vn 0.3749 -0.9262 0.0406
vn 0.9858 0.1441 -0.0864
vn 0.5563 -0.8309 0.0067
vn 0.1925 -0.9750 0.1111
vn 0.9947 -0.0155 0.1019
vn 0.9818 -0.1597 0.1028
vn 0.3796 -0.9179 0.1156
vn 0.9830 0.1464 0.1109
vn 0.5605 -0.8195 0.1195
vn 0.9205 0.3715 0.1211
vn 0.7208 -0.6834 0.1159
vn 0.7240 0.6820 0.1034
vn 0.8371 -0.5360 0.1097
vn 0.8200 0.5620 0.1086
vn 0.9053 -0.4108 0.1078
vn 0.9491 -0.2965 0.1059
vn 0.8053 -0.5274 0.2710
vn 0.6937 -0.6738 0.2546
vn 0.7368 0.6172 0.2761
vn 0.6840 0.6844 0.2527
vn 0.8705 -0.4050 0.2795
vn 0.9111 -0.2940 0.2889
vn 0.9423 -0.1607 0.2938
vn 0.1871 -0.9710 0.1487
vn 0.9543 -0.0156 0.2985
vn 0.3719 -0.9084 0.1909
vn 0.9422 0.1464 0.3015
vn 0.5425 -0.8083 0.2289
vn 0.8751 0.3838 0.2947
vn 0.8754 -0.0157 0.4831
vn 0.8665 -0.1581 0.4736
vn 0.3476 -0.9002 0.2625
vn 0.2046 -0.9640 0.1698
vn 0.8666 0.1387 0.4793
vn 0.5032 -0.7987 0.3300
vn 0.8147 0.3573 0.4567
vn 0.6403 -0.6660 0.3826
vn 0.6245 0.6935 0.3592
vn 0.7420 -0.5212 0.4216
vn 0.6621 0.6362 0.3962
vn 0.8023 -0.3996 0.4435
vn 0.8399 -0.2867 0.4608
vn 0.5955 0.6269 0.5023
vn 0.5522 0.6819 0.4796
vn 0.7065 -0.3931 0.5885
vn 0.6525 -0.5156 0.5553
vn 0.7401 -0.2817 0.6107
vn 0.7628 -0.1552 0.6277
vn 0.1296 -0.9666 0.2211
vn 0.7730 -0.0166 0.6342
vn 0.7839 0.0324 0.6200
vn 0.4472 -0.7899 0.4197
vn 0.3108 -0.8928 0.3259
vn 0.7207 0.3502 0.5983
vn 0.5667 -0.6549 0.5000
vn 0.6919 -0.0225 0.7217
vn 0.6476 -0.0198 0.7617
vn 0.3750 -0.7798 0.5012
vn 0.2624 -0.8861 0.3821
vn 0.4716 -0.6473 0.5988
vn 0.4679 0.6666 0.5803
vn 0.5989 0.3443 0.7230
vn 0.5431 -0.5092 0.6676
vn 0.5254 0.6130 0.5900
vn 0.5890 -0.3896 0.7080
vn 0.6181 -0.2791 0.7349
vn 0.6392 -0.1548 0.7533
vn 0.1117 -0.9668 0.2298
vn 0.4558 -0.3873 0.8014
vn 0.4188 -0.5052 0.7545
vn 0.4807 -0.2792 0.8312
vn 0.4982 -0.1544 0.8532
vn 0.0869 -0.9502 0.2992
vn 0.5031 -0.0209 0.8640
vn 0.5676 -0.0342 0.8226
vn 0.2920 -0.7724 0.5640
vn 0.2043 -0.8801 0.4285
vn 0.3651 -0.6388 0.6773
vn 0.3723 0.6480 0.6645
vn 0.4701 0.3354 0.8164
vn 0.4318 0.5759 0.6942
vn 0.4124 -0.0558 0.9093
vn 0.3479 -0.0211 0.9373
vn 0.1996 -0.7650 0.6124
vn 0.1391 -0.8759 0.4620
vn 0.2476 -0.6332 0.7334
vn 0.2512 0.6356 0.7300
vn 0.3187 0.3367 0.8860
vn 0.2781 -0.5615 0.7793
vn 0.3132 0.5223 0.7932
vn 0.3422 -0.1549 0.9268
vn 0.0357 -0.9486 0.3145
vn 0.1681 -0.1551 0.9735
vn 0.0271 -0.9379 0.3458
vn 0.1746 -0.0193 0.9845
vn 0.2411 -0.0622 0.9685
vn 0.0944 -0.7617 0.6411
vn 0.0639 -0.8725 0.4844
vn 0.1068 -0.6851 0.7206
vn 0.1252 0.6276 0.7684
vn 0.1601 0.3353 0.9284
vn 0.0648 -0.5332 0.8435
vn 0.1699 0.4565 0.8733
vn -0.0116 -0.5706 0.8211
vn 0.0569 -0.7460 0.6635
vn -0.0580 0.6037 0.7951
vn 0.1450 0.3170 0.9373
vn -0.0653 0.4333 0.8989
vn -0.0436 -0.4754 0.8787
vn 0.0772 -0.4598 0.8847
vn -0.0531 -0.3862 0.9209
vn -0.0764 -0.2807 0.9568
vn -0.0474 -0.9563 0.2885
vn -0.0717 -0.1454 0.9868
vn -0.0442 -0.8862 0.4612
vn 0.0021 0.2708 0.9626
vn -0.1855 -0.1556 0.9702
vn -0.1797 -0.2836 0.9420
vn -0.0468 -0.9518 0.3032
vn -0.0717 -0.1453 0.9868
vn -0.1890 -0.0181 0.9818
vn -0.0814 -0.8721 0.4826
vn -0.1377 -0.0316 0.9900
vn -0.1116 -0.7595 0.6409
vn -0.0937 -0.6975 0.7105
vn -0.1385 0.6238 0.7692
vn -0.1702 0.3333 0.9273
vn -0.1557 0.3230 0.9335
vn -0.1696 -0.3872 0.9063
vn -0.1521 -0.4965 0.8546
vn -0.2105 -0.7073 0.6749
vn -0.2166 -0.7620 0.6102
vn -0.2699 0.6250 0.7325
vn -0.3341 0.3312 0.8824
vn -0.3338 0.2692 0.9034
vn -0.3236 -0.3864 0.8637
vn -0.2966 -0.4984 0.8146
vn -0.3424 -0.2800 0.8969
vn -0.3558 -0.1544 0.9217
vn -0.0859 -0.9523 0.2929
vn -0.3614 -0.0192 0.9322
vn -0.1568 -0.8742 0.4595
vn -0.3766 0.1191 0.9187
vn -0.5089 -0.1539 0.8470
vn -0.4923 -0.2769 0.8252
vn -0.1204 -0.9543 0.2735
vn -0.5156 -0.0209 0.8566
vn -0.2232 -0.8761 0.4273
vn -0.5095 0.1280 0.8509
vn -0.3085 -0.7669 0.5628
vn -0.4807 0.3322 0.8115
vn -0.3124 -0.7194 0.6204
vn -0.3885 0.6316 0.6710
vn -0.5075 0.2321 0.8298
vn -0.4692 -0.3849 0.7948
vn -0.4331 -0.5016 0.7489
vn -0.4931 0.6424 0.5867
vn -0.6125 0.3384 0.7144
vn -0.6623 0.2127 0.7184
vn -0.5980 -0.3867 0.7021
vn -0.5594 -0.5016 0.6599
vn -0.6280 -0.2769 0.7273
vn -0.6490 -0.1532 0.7452
vn -0.1501 -0.9570 0.2482
vn -0.6566 -0.0196 0.7540
vn -0.2815 -0.8809 0.3804
vn -0.6493 0.1296 0.7494
vn -0.3930 -0.7745 0.4957
vn -0.4966 -0.6512 0.5738
vn -0.1384 -0.9714 0.1929
vn -0.7785 -0.0189 0.6273
vn -0.7693 -0.1556 0.6197
vn -0.3353 -0.8863 0.3195
vn -0.7712 0.1333 0.6225
vn -0.4671 -0.7881 0.4008
vn -0.7270 0.3471 0.5924
vn -0.5765 -0.6558 0.4874
vn -0.5761 0.6580 0.4850
vn -0.6633 -0.5098 0.5478
vn -0.7706 0.2041 0.6037
vn -0.7144 -0.3902 0.5808
vn -0.7464 -0.2799 0.6038
vn -0.7494 -0.5162 0.4147
vn -0.6071 -0.6920 0.3905
vn -0.8379 0.2177 0.5005
vn -0.6400 0.6747 0.3677
vn -0.8069 -0.3958 0.4384
vn -0.8441 -0.2852 0.4541
vn -0.8713 -0.1565 0.4651
vn -0.2211 -0.9700 0.1009
vn -0.8809 -0.0178 0.4730
vn -0.8710 0.1391 0.4711
vn -0.5335 -0.8198 0.2083
vn -0.4140 -0.8785 0.2385
vn -0.8191 0.3606 0.4461
vn -0.9564 -0.0161 0.2915
vn -0.9446 -0.1578 0.2878
vn -0.9453 0.1441 0.2925
vn -0.8835 0.3753 0.2803
vn -0.7052 -0.6634 0.2501
vn -0.6776 0.6951 0.2403
vn -0.8111 -0.5214 0.2649
vn -0.8924 0.2151 0.3967
vn -0.8744 -0.4006 0.2738
vn -0.9147 -0.2892 0.2822
vn -0.1455 -0.9801 0.1352
vn -0.3433 -0.9223 0.1775
vn 0.2781 -0.5615 0.7794
vn -0.0116 -0.5706 0.8212
vn -0.0937 -0.6974 0.7105
vn -0.2105 -0.7072 0.6749
vn -0.4966 -0.6512 0.5739
vn -0.2211 -0.9700 0.1010
vn 0.2411 -0.0621 0.9685
vn -0.5155 -0.8223 -0.2411
vn -0.3073 -0.7585 -0.5747
vn -0.1818 -0.7569 -0.6278
vn 0.0363 -0.8685 -0.4943
vn 0.1683 -0.8973 -0.4081
vn 0.2104 -0.9420 -0.2615
vn 0.3599 -0.9295 -0.0808
vt 0.750000 0.125000
vt 0.750000 0.250000
vt 0.666667 0.125000
vt 0.666667 0.250000
vt 0.750000 0.375000
vt 0.750000 0.500000
vt 0.666667 0.500000
vt 0.666667 0.375000
vt 0.750000 0.625000
vt 0.750000 0.750000
vt 0.666667 0.750000
vt 0.666667 0.625000
vt 0.750000 0.875000
vt 0.708333 1.000000
vt 0.666667 0.875000
vt 0.708333 0.000000
vt 0.625000 1.000000
vt 0.583333 0.875000
vt 0.625000 0.000000
vt 0.583333 0.125000
vt 0.583333 0.375000
vt 0.583333 0.250000
vt 0.583333 0.625000
vt 0.583333 0.500000
vt 0.583333 0.750000
vt 0.500000 0.375000
vt 0.500000 0.250000
vt 0.500000 0.625000
vt 0.500000 0.500000
vt 0.500000 0.875000
vt 0.500000 0.750000
vt 0.500000 0.125000
vt 0.541667 1.000000
vt 0.541667 0.000000
vt 0.416667 0.250000
vt 0.416667 0.125000
vt 0.416667 0.500000
vt 0.416667 0.375000
vt 0.416667 0.750000
vt 0.416667 0.625000
vt 0.458333 1.000000
vt 0.416667 0.875000
vt 0.458333 0.000000
vt 0.333333 0.500000
vt 0.333333 0.375000
vt 0.333333 0.750000
vt 0.333333 0.625000
vt 0.375000 1.000000
vt 0.333333 0.875000
vt 0.375000 0.000000
vt 0.333333 0.125000
vt 0.333333 0.250000
vt 0.291667 0.000000
vt 0.250000 0.125000
vt 0.250000 0.375000
vt 0.250000 0.250000
vt 0.250000 0.625000
vt 0.250000 0.500000
vt 0.250000 0.875000
vt 0.250000 0.750000
vt 0.291667 1.000000
vt 0.166667 0.625000
vt 0.166667 0.500000
vt 0.166667 0.875000
vt 0.166667 0.750000
vt 0.166667 0.250000
vt 0.166667 0.125000
vt 0.166667 0.375000
vt 0.208333 1.000000
vt 0.208333 0.000000
vt 0.083333 0.250000
vt 0.083333 0.125000
vt 0.083333 0.500000
vt 0.083333 0.375000
vt 0.083333 0.750000
vt 0.083333 0.625000
vt 0.125000 1.000000
vt 0.083333 0.875000
vt 0.125000 0.000000
vt 0.000000 0.750000
vt 0.000000 0.625000
vt 0.041667 1.000000
vt 0.000000 0.875000
vt 0.041667 0.000000
vt 0.000000 0.125000
vt 0.000000 0.375000
vt 0.000000 0.250000
vt 0.000000 0.500000
vt 0.958333 0.000000
vt 1.000000 0.125000
vt 0.916667 0.125000
vt 1.000000 0.250000
vt 1.000000 0.375000
vt 0.916667 0.375000
vt 0.916667 0.250000
vt 1.000000 0.500000
vt 1.000000 0.625000
vt 0.916667 0.625000
vt 0.916667 0.500000
vt 1.000000 0.750000
vt 1.000000 0.875000
vt 0.916667 0.875000
vt 0.916667 0.750000
vt 0.958333 1.000000
vt 0.833333 0.875000
vt 0.833333 0.750000
vt 0.833333 0.250000
vt 0.833333 0.125000
vt 0.833333 0.500000
vt 0.833333 0.375000
vt 0.833333 0.625000
vt 0.875000 1.000000
vt 0.875000 0.000000
vt 0.791667 1.000000
vt 0.791667 0.000000
vt 0.750000 0.187500
vt 0.750000 0.250000
vt 0.718750 0.250000
vt 0.718750 0.187500
vt 0.750000 0.625000
vt 0.750000 0.687500
vt 0.718750 0.687500
vt 0.718750 0.625000
vt 0.750000 0.562500
vt 0.718750 0.562500
vt 0.718750 0.500000
vt 0.750000 0.937500
vt 0.734375 1.000000
vt 0.718750 0.937500
vt 0.750000 0.437500
vt 0.718750 0.437500
vt 0.750000 0.875000
vt 0.718750 0.875000
vt 0.750000 0.375000
vt 0.718750 0.375000
vt 0.750000 0.812500
vt 0.718750 0.812500
vt 0.750000 0.312500
vt 0.718750 0.312500
vt 0.750000 0.750000
vt 0.718750 0.750000
vt 0.687500 0.812500
vt 0.687500 0.750000
vt 0.687500 0.312500
vt 0.687500 0.250000
vt 0.687500 0.687500
vt 0.687500 0.187500
vt 0.687500 0.625000
vt 0.687500 0.562500
vt 0.687500 0.500000
vt 0.703125 1.000000
vt 0.687500 0.937500
vt 0.687500 0.437500
vt 0.687500 0.875000
vt 0.687500 0.375000
vt 0.656250 0.562500
vt 0.656250 0.500000
vt 0.671875 1.000000
vt 0.656250 0.937500
vt 0.656250 0.437500
vt 0.656250 0.875000
vt 0.656250 0.375000
vt 0.656250 0.812500
vt 0.656250 0.312500
vt 0.656250 0.750000
vt 0.656250 0.250000
vt 0.656250 0.687500
vt 0.656250 0.187500
vt 0.656250 0.625000
vt 0.625000 0.312500
vt 0.625000 0.250000
vt 0.625000 0.750000
vt 0.625000 0.687500
vt 0.625000 0.187500
vt 0.625000 0.625000
vt 0.625000 0.562500
vt 0.625000 0.500000
vt 0.640625 1.000000
vt 0.625000 0.937500
vt 0.625000 0.437500
vt 0.625000 0.875000
vt 0.625000 0.375000
vt 0.625000 0.812500
vt 0.593750 0.937500
vt 0.593750 0.875000
vt 0.593750 0.812500
vt 0.593750 0.750000
vt 0.593750 0.687500
vt 0.609375 1.000000
vt 0.578125 1.000000
vt 0.562500 0.937500
vt 0.562500 0.875000
vt 0.562500 0.812500
vt 0.562500 0.750000
vt 0.562500 0.687500
vt 0.531250 0.937500
vt 0.531250 0.875000
vt 0.531250 0.812500
vt 0.531250 0.750000
vt 0.531250 0.687500
vt 0.546875 1.000000
vt 0.515625 1.000000
vt 0.500000 0.937500
vt 0.500000 0.812500
vt 0.500000 0.750000
vt 0.500000 0.687500
vt 0.468750 0.875000
vt 0.468750 0.812500
vt 0.468750 0.750000
vt 0.468750 0.687500
vt 0.484375 1.000000
vt 0.468750 0.937500
vt 0.453125 1.000000
vt 0.437500 0.937500
vt 0.437500 0.875000
vt 0.437500 0.812500
vt 0.437500 0.750000
vt 0.437500 0.687500
vt 0.406250 0.875000
vt 0.406250 0.812500
vt 0.406250 0.750000
vt 0.406250 0.687500
vt 0.421875 1.000000
vt 0.406250 0.937500
vt 0.031250 0.562500
vt 0.062500 0.562500
vt 0.390625 1.000000
vt 0.375000 0.937500
vt 0.375000 0.875000
vt 0.375000 0.812500
vt 0.375000 0.750000
vt 0.375000 0.687500
vt 0.375000 0.312500
vt 0.375000 0.375000
vt 0.343750 0.375000
vt 0.343750 0.312500
vt 0.343750 0.812500
vt 0.343750 0.750000
vt 0.375000 0.250000
vt 0.343750 0.250000
vt 0.343750 0.687500
vt 0.375000 0.187500
vt 0.343750 0.187500
vt 0.375000 0.625000
vt 0.343750 0.625000
vt 0.375000 0.562500
vt 0.343750 0.562500
vt 0.375000 0.500000
vt 0.343750 0.500000
vt 0.359375 1.000000
vt 0.343750 0.937500
vt 0.375000 0.437500
vt 0.343750 0.437500
vt 0.343750 0.875000
vt 0.312500 0.562500
vt 0.312500 0.500000
vt 0.328125 1.000000
vt 0.312500 0.937500
vt 0.312500 0.437500
vt 0.312500 0.875000
vt 0.312500 0.375000
vt 0.312500 0.812500
vt 0.312500 0.312500
vt 0.312500 0.750000
vt 0.312500 0.250000
vt 0.312500 0.687500
vt 0.312500 0.187500
vt 0.312500 0.625000
vt 0.281250 0.312500
vt 0.281250 0.250000
vt 0.281250 0.750000
vt 0.281250 0.687500
vt 0.281250 0.187500
vt 0.281250 0.625000
vt 0.281250 0.562500
vt 0.281250 0.500000
vt 0.296875 1.000000
vt 0.281250 0.937500
vt 0.281250 0.437500
vt 0.281250 0.875000
vt 0.281250 0.375000
vt 0.281250 0.812500
vt 0.265625 1.000000
vt 0.250000 0.937500
vt 0.250000 0.500000
vt 0.250000 0.437500
vt 0.250000 0.812500
vt 0.250000 0.312500
vt 0.250000 0.750000
vt 0.250000 0.687500
vt 0.250000 0.187500
vt 0.250000 0.562500
vt 0.218750 0.750000
vt 0.218750 0.687500
vt 0.218750 0.250000
vt 0.218750 0.187500
vt 0.218750 0.625000
vt 0.218750 0.562500
vt 0.218750 0.500000
vt 0.234375 1.000000
vt 0.218750 0.937500
vt 0.218750 0.437500
vt 0.218750 0.875000
vt 0.218750 0.375000
vt 0.218750 0.812500
vt 0.218750 0.312500
vt 0.187500 0.500000
vt 0.187500 0.437500
vt 0.187500 0.937500
vt 0.187500 0.875000
vt 0.187500 0.375000
vt 0.187500 0.812500
vt 0.187500 0.312500
vt 0.187500 0.750000
vt 0.187500 0.250000
vt 0.187500 0.687500
vt 0.187500 0.187500
vt 0.187500 0.625000
vt 0.187500 0.562500
vt 0.203125 1.000000
vt 0.156250 0.250000
vt 0.156250 0.187500
vt 0.156250 0.687500
vt 0.156250 0.625000
vt 0.156250 0.562500
vt 0.156250 0.500000
vt 0.171875 1.000000
vt 0.156250 0.937500
vt 0.156250 0.437500
vt 0.156250 0.375000
vt 0.156250 0.875000
vt 0.156250 0.812500
vt 0.156250 0.312500
vt 0.156250 0.750000
vt 0.125000 0.437500
vt 0.125000 0.375000
vt 0.125000 0.875000
vt 0.125000 0.812500
vt 0.125000 0.750000
vt 0.125000 0.312500
vt 0.125000 0.250000
vt 0.125000 0.687500
vt 0.125000 0.187500
vt 0.125000 0.625000
vt 0.125000 0.562500
vt 0.125000 0.500000
vt 0.140625 1.000000
vt 0.125000 0.937500
vt 0.093750 0.687500
vt 0.093750 0.625000
vt 0.093750 0.562500
vt 0.093750 0.500000
vt 0.109375 1.000000
vt 0.093750 0.937500
vt 0.093750 0.437500
vt 0.093750 0.375000
vt 0.093750 0.875000
vt 0.093750 0.812500
vt 0.093750 0.750000
vt 0.093750 0.312500
vt 0.093750 0.250000
vt 0.093750 0.187500
vt 0.062500 0.437500
vt 0.062500 0.375000
vt 0.062500 0.875000
vt 0.062500 0.812500
vt 0.062500 0.750000
vt 0.062500 0.312500
vt 0.062500 0.250000
vt 0.062500 0.687500
vt 0.062500 0.187500
vt 0.062500 0.625000
vt 0.062500 0.500000
vt 0.078125 1.000000
vt 0.062500 0.937500
vt 0.031250 0.500000
vt 0.046875 1.000000
vt 0.031250 0.937500
vt 0.031250 0.437500
vt 0.031250 0.375000
vt 0.031250 0.875000
vt 0.031250 0.812500
vt 0.031250 0.750000
vt 0.031250 0.312500
vt 0.031250 0.250000
vt 0.031250 0.687500
vt 0.031250 0.187500
vt 0.000000 0.812500
vt 0.000000 0.750000
vt 0.000000 0.312500
vt 0.000000 0.250000
vt 0.000000 0.187500
vt 0.031250 0.625000
vt 0.000000 0.687500
vt 0.000000 0.625000
vt 0.000000 0.562500
vt 0.015625 1.000000
vt 0.000000 0.937500
vt 0.000000 0.437500
vt 0.000000 0.875000
vt 0.000000 0.375000
vt 1.000000 0.562500
vt 0.968750 0.562500
vt 0.968750 0.500000
vt 1.000000 0.937500
vt 0.984375 1.000000
vt 0.968750 0.937500
vt 1.000000 0.437500
vt 0.968750 0.437500
vt 1.000000 0.875000
vt 0.968750 0.875000
vt 1.000000 0.375000
vt 0.968750 0.375000
vt 1.000000 0.812500
vt 0.968750 0.812500
vt 1.000000 0.750000
vt 0.968750 0.750000
vt 1.000000 0.250000
vt 1.000000 0.312500
vt 0.968750 0.312500
vt 0.968750 0.250000
vt 1.000000 0.187500
vt 0.968750 0.187500
vt 1.000000 0.625000
vt 1.000000 0.687500
vt 0.968750 0.687500
vt 0.968750 0.625000
vt 0.937500 0.812500
vt 0.937500 0.750000
vt 0.937500 0.312500
vt 0.937500 0.250000
vt 0.937500 0.187500
vt 0.937500 0.687500
vt 0.937500 0.625000
vt 0.937500 0.562500
vt 0.937500 0.500000
vt 0.953125 1.000000
vt 0.937500 0.937500
vt 0.937500 0.437500
vt 0.937500 0.875000
vt 0.937500 0.375000
vt 0.906250 0.562500
vt 0.906250 0.500000
vt 0.921875 1.000000
vt 0.906250 0.937500
vt 0.906250 0.437500
vt 0.906250 0.875000
vt 0.906250 0.375000
vt 0.906250 0.812500
vt 0.906250 0.312500
vt 0.906250 0.750000
vt 0.906250 0.250000
vt 0.906250 0.187500
vt 0.906250 0.687500
vt 0.906250 0.625000
vt 0.875000 0.312500
vt 0.875000 0.250000
vt 0.875000 0.187500
vt 0.875000 0.687500
vt 0.875000 0.625000
vt 0.875000 0.562500
vt 0.875000 0.500000
vt 0.890625 1.000000
vt 0.875000 0.937500
vt 0.875000 0.437500
vt 0.875000 0.875000
vt 0.875000 0.375000
vt 0.875000 0.812500
vt 0.875000 0.750000
vt 0.859375 1.000000
vt 0.843750 0.937500
vt 0.843750 0.500000
vt 0.843750 0.437500
vt 0.843750 0.875000
vt 0.843750 0.375000
vt 0.843750 0.812500
vt 0.843750 0.312500
vt 0.843750 0.750000
vt 0.843750 0.250000
vt 0.843750 0.687500
vt 0.843750 0.187500
vt 0.843750 0.625000
vt 0.843750 0.562500
vt 0.812500 0.750000
vt 0.812500 0.687500
vt 0.812500 0.250000
vt 0.812500 0.187500
vt 0.812500 0.625000
vt 0.812500 0.562500
vt 0.812500 0.500000
vt 0.828125 1.000000
vt 0.812500 0.937500
vt 0.812500 0.437500
vt 0.812500 0.375000
vt 0.812500 0.875000
vt 0.812500 0.812500
vt 0.812500 0.312500
vt 0.781250 0.500000
vt 0.781250 0.437500
vt 0.781250 0.375000
vt 0.781250 0.312500
vt 0.781250 0.812500
vt 0.781250 0.750000
vt 0.781250 0.250000
vt 0.781250 0.687500
vt 0.781250 0.187500
vt 0.781250 0.625000
vt 0.781250 0.562500
vt 0.796875 1.000000
vt 0.781250 0.937500
vt 0.765625 1.000000
vt 0.781250 0.875000
s 1
usemtl Material.001
f 115/1/1 16/2/2 35/3/3
f 16/2/2 34/4/4 35/3/3
f 15/5/5 14/6/6 32/7/7
f 15/5/5 32/7/7 33/8/8
f 114/9/9 13/10/10 30/11/11
f 114/9/9 30/11/11 31/12/12
f 113/13/13 9/14/14 29/15/15
f 25/16/16 115/1/1 35/3/3
f 16/2/2 15/5/5 33/8/8
f 16/2/2 33/8/8 34/4/4
f 14/6/6 114/9/9 31/12/12
f 14/6/6 31/12/12 32/7/7
f 13/10/10 113/13/13 29/15/15
f 13/10/10 29/15/15 30/11/11
f 29/15/15 8/17/17 36/18/18
f 24/19/19 35/3/3 42/20/20
f 34/4/4 33/8/8 40/21/21
f 34/4/4 40/21/21 41/22/22
f 32/7/7 31/12/12 38/23/23
f 32/7/7 38/23/23 39/24/24
f 30/11/11 29/15/15 36/18/18
f 30/11/11 36/18/18 37/25/25
f 35/3/3 34/4/4 41/22/22
f 35/3/3 41/22/22 42/20/20
f 33/8/8 32/7/7 39/24/24
f 33/8/8 39/24/24 40/21/21
f 31/12/12 30/11/11 37/25/25
f 31/12/12 37/25/25 38/23/23
f 41/22/22 40/21/21 47/26/26
f 41/22/22 47/26/26 48/27/27
f 39/24/24 38/23/23 45/28/28
f 39/24/24 45/28/28 46/29/29
f 37/25/25 36/18/18 43/30/30
f 37/25/25 43/30/30 44/31/31
f 42/20/20 41/22/22 48/27/27
f 42/20/20 48/27/27 49/32/32
f 40/21/21 39/24/24 46/29/29
f 40/21/21 46/29/29 47/26/26
f 38/23/23 37/25/25 44/31/31
f 38/23/23 44/31/31 45/28/28
f 36/18/18 7/33/14 43/30/30
f 23/34/16 42/20/20 49/32/32
f 49/32/32 48/27/27 55/35/33
f 49/32/32 55/35/33 56/36/34
f 47/26/26 46/29/29 53/37/35
f 47/26/26 53/37/35 54/38/36
f 45/28/28 44/31/31 51/39/37
f 45/28/28 51/39/37 52/40/38
f 43/30/30 6/41/14 50/42/39
f 22/43/40 49/32/32 56/36/34
f 48/27/27 47/26/26 54/38/36
f 48/27/27 54/38/36 55/35/33
f 46/29/29 45/28/28 52/40/38
f 46/29/29 52/40/38 53/37/35
f 44/31/31 43/30/30 50/42/39
f 44/31/31 50/42/39 51/39/37
f 54/38/36 53/37/35 60/44/41
f 54/38/36 60/44/41 61/45/42
f 52/40/38 51/39/37 58/46/43
f 52/40/38 58/46/43 59/47/44
f 50/42/39 5/48/45 57/49/46
f 21/50/16 56/36/34 63/51/47
f 55/35/33 54/38/36 61/45/42
f 55/35/33 61/45/42 62/52/48
f 53/37/35 52/40/38 59/47/44
f 53/37/35 59/47/44 60/44/41
f 51/39/37 50/42/39 57/49/46
f 51/39/37 57/49/46 58/46/43
f 56/36/34 55/35/33 62/52/48
f 56/36/34 62/52/48 63/51/47
f 20/53/16 63/51/47 70/54/49
f 62/52/48 61/45/42 68/55/50
f 62/52/48 68/55/50 69/56/51
f 60/44/41 59/47/44 66/57/52
f 60/44/41 66/57/52 67/58/53
f 58/46/43 57/49/46 64/59/54
f 58/46/43 64/59/54 65/60/55
f 63/51/47 62/52/48 69/56/51
f 63/51/47 69/56/51 70/54/49
f 61/45/42 60/44/41 67/58/53
f 61/45/42 67/58/53 68/55/50
f 59/47/44 58/46/43 65/60/55
f 59/47/44 65/60/55 66/57/52
f 57/49/46 4/61/14 64/59/54
f 67/58/53 66/57/52 73/62/56
f 67/58/53 73/62/56 74/63/57
f 65/60/55 64/59/54 71/64/58
f 65/60/55 71/64/58 72/65/59
f 70/54/49 69/56/51 76/66/60
f 70/54/49 76/66/60 77/67/61
f 68/55/50 67/58/53 74/63/57
f 68/55/50 74/63/57 75/68/62
f 66/57/52 65/60/55 72/65/59
f 66/57/52 72/65/59 73/62/56
f 64/59/54 3/69/17 71/64/58
f 19/70/63 70/54/49 77/67/61
f 69/56/51 68/55/50 75/68/62
f 69/56/51 75/68/62 76/66/60
f 77/67/61 76/66/60 83/71/64
f 77/67/61 83/71/64 84/72/65
f 75/68/62 74/63/57 81/73/66
f 75/68/62 81/73/66 82/74/67
f 73/62/56 72/65/59 79/75/68
f 73/62/56 79/75/68 80/76/69
f 71/64/58 2/77/70 78/78/71
f 18/79/72 77/67/61 84/72/65
f 76/66/60 75/68/62 82/74/67
f 76/66/60 82/74/67 83/71/64
f 74/63/57 73/62/56 80/76/69
f 74/63/57 80/76/69 81/73/66
f 72/65/59 71/64/58 78/78/71
f 72/65/59 78/78/71 79/75/68
f 80/76/69 79/75/68 87/80/73
f 80/76/69 87/80/73 89/81/74
f 78/78/71 1/82/17 85/83/75
f 17/84/72 84/72/65 97/85/76
f 83/71/64 82/74/67 93/86/77
f 83/71/64 93/86/77 95/87/78
f 81/73/66 80/76/69 89/81/74
f 81/73/66 89/81/74 91/88/79
f 79/75/68 78/78/71 85/83/75
f 79/75/68 85/83/75 87/80/73
f 84/72/65 83/71/64 95/87/78
f 84/72/65 95/87/78 97/85/76
f 82/74/67 81/73/66 91/88/79
f 82/74/67 91/88/79 93/86/77
f 28/89/19 98/90/76 105/91/80
f 96/92/78 94/93/77 103/94/81
f 96/92/78 103/94/81 104/95/82
f 92/96/83 90/97/74 101/98/84
f 92/96/83 101/98/84 102/99/85
f 88/100/86 86/101/75 99/102/87
f 88/100/86 99/102/87 100/103/88
f 98/90/76 96/92/78 104/95/82
f 98/90/76 104/95/82 105/91/80
f 94/93/77 92/96/83 102/99/85
f 94/93/77 102/99/85 103/94/81
f 90/97/74 88/100/86 100/103/88
f 90/97/74 100/103/88 101/98/84
f 86/101/75 12/104/14 99/102/87
f 100/103/88 99/102/87 106/105/89
f 100/103/88 106/105/89 107/106/90
f 105/91/80 104/95/82 111/107/91
f 105/91/80 111/107/91 112/108/92
f 103/94/81 102/99/85 109/109/93
f 103/94/81 109/109/93 110/110/94
f 101/98/84 100/103/88 107/106/90
f 101/98/84 107/106/90 108/111/95
f 99/102/87 11/112/96 106/105/89
f 27/113/16 105/91/80 112/108/92
f 104/95/82 103/94/81 110/110/94
f 104/95/82 110/110/94 111/107/91
f 102/99/85 101/98/84 108/111/95
f 102/99/85 108/111/95 109/109/93
f 112/108/92 111/107/91 16/2/2
f 112/108/92 16/2/2 115/1/1
f 110/110/94 109/109/93 14/6/6
f 110/110/94 14/6/6 15/5/5
f 108/111/95 107/106/90 13/10/10
f 108/111/95 13/10/10 114/9/9
f 106/105/89 10/114/17 113/13/13
f 26/115/97 112/108/92 115/1/1
f 111/107/91 110/110/94 15/5/5
f 111/107/91 15/5/5 16/2/2
f 109/109/93 108/111/95 114/9/9
f 109/109/93 114/9/9 14/6/6
f 107/106/90 106/105/89 113/13/13
f 107/106/90 113/13/13 13/10/10
f 516/116/98 515/117/99 165/118/100
f 516/116/98 165/118/100 166/119/101
f 513/120/102 149/121/103 158/122/104
f 513/120/102 158/122/104 159/123/105
f 150/124/106 513/120/102 159/123/105
f 150/124/106 159/123/105 160/125/107
f 151/6/108 150/124/106 160/125/107
f 151/6/108 160/125/107 161/126/109
f 510/127/110 139/128/111 154/129/112
f 152/130/113 151/6/108 161/126/109
f 152/130/113 161/126/109 162/131/114
f 511/132/115 510/127/110 154/129/112
f 511/132/115 154/129/112 155/133/116
f 514/134/117 152/130/113 162/131/114
f 514/134/117 162/131/114 163/135/118
f 148/136/119 511/132/115 155/133/116
f 148/136/119 155/133/116 156/137/120
f 153/138/121 514/134/117 163/135/118
f 153/138/121 163/135/118 164/139/122
f 512/140/123 148/136/119 156/137/120
f 512/140/123 156/137/120 157/141/124
f 515/117/99 153/138/121 164/139/122
f 515/117/99 164/139/122 165/118/100
f 149/121/103 512/140/123 157/141/124
f 149/121/103 157/141/124 158/122/104
f 157/141/124 156/137/120 169/142/125
f 157/141/124 169/142/125 170/143/126
f 165/118/100 164/139/122 177/144/127
f 165/118/100 177/144/127 178/145/128
f 158/122/104 157/141/124 170/143/126
f 158/122/104 170/143/126 171/146/129
f 166/119/101 165/118/100 178/145/128
f 166/119/101 178/145/128 179/147/130
f 159/123/105 158/122/104 171/146/129
f 159/123/105 171/146/129 172/148/131
f 160/125/107 159/123/105 172/148/131
f 160/125/107 172/148/131 173/149/132
f 161/126/109 160/125/107 173/149/132
f 161/126/109 173/149/132 174/150/133
f 154/129/112 138/151/111 167/152/134
f 162/131/114 161/126/109 174/150/133
f 162/131/114 174/150/133 175/153/135
f 155/133/116 154/129/112 167/152/134
f 155/133/116 167/152/134 168/154/136
f 163/135/118 162/131/114 175/153/135
f 163/135/118 175/153/135 176/155/137
f 156/137/120 155/133/116 168/154/136
f 156/137/120 168/154/136 169/142/125
f 164/139/122 163/135/118 176/155/137
f 164/139/122 176/155/137 177/144/127
f 174/150/133 173/149/132 186/156/138
f 174/150/133 186/156/138 187/157/139
f 167/152/134 137/158/111 180/159/140
f 175/153/135 174/150/133 187/157/139
f 175/153/135 187/157/139 188/160/141
f 168/154/136 167/152/134 180/159/140
f 168/154/136 180/159/140 181/161/142
f 176/155/137 175/153/135 188/160/141
f 176/155/137 188/160/141 189/162/143
f 169/142/125 168/154/136 181/161/142
f 169/142/125 181/161/142 182/163/144
f 177/144/127 176/155/137 189/162/143
f 177/144/127 189/162/143 190/164/145
f 170/143/126 169/142/125 182/163/144
f 170/143/126 182/163/144 183/165/146
f 178/145/128 177/144/127 190/164/145
f 178/145/128 190/164/145 191/166/147
f 171/146/129 170/143/126 183/165/146
f 171/146/129 183/165/146 184/167/148
f 179/147/130 178/145/128 191/166/147
f 179/147/130 191/166/147 192/168/149
f 172/148/131 171/146/129 184/167/148
f 172/148/131 184/167/148 185/169/150
f 173/149/132 172/148/131 185/169/150
f 173/149/132 185/169/150 186/156/138
f 191/166/147 190/164/145 204/170/151
f 191/166/147 204/170/151 205/171/152
f 184/167/148 183/165/146 196/172/153
f 184/167/148 196/172/153 197/173/154
f 192/168/149 191/166/147 205/171/152
f 192/168/149 205/171/152 206/174/155
f 185/169/150 184/167/148 197/173/154
f 185/169/150 197/173/154 199/175/156
f 186/156/138 185/169/150 199/175/156
f 186/156/138 199/175/156 200/176/157
f 187/157/139 186/156/138 200/176/157
f 187/157/139 200/176/157 201/177/158
f 180/159/140 136/178/111 193/179/159
f 188/160/141 187/157/139 201/177/158
f 188/160/141 201/177/158 202/180/160
f 181/161/142 180/159/140 193/179/159
f 181/161/142 193/179/159 194/181/161
f 189/162/143 188/160/141 202/180/160
f 189/162/143 202/180/160 203/182/162
f 182/163/144 181/161/142 194/181/161
f 182/163/144 194/181/161 195/183/163
f 190/164/145 189/162/143 203/182/162
f 190/164/145 203/182/162 204/170/151
f 183/165/146 182/163/144 195/183/163
f 183/165/146 195/183/163 196/172/153
f 194/181/161 193/179/159 207/184/164
f 194/181/161 207/184/164 208/185/165
f 195/183/163 194/181/161 208/185/165
f 195/183/163 208/185/165 209/186/166
f 196/172/153 195/183/163 209/186/166
f 196/172/153 209/186/166 210/187/167
f 197/173/154 196/172/153 210/187/167
f 197/173/154 210/187/167 211/188/168
f 193/179/159 135/189/111 207/184/164
f 207/184/164 134/190/111 212/191/169
f 208/185/165 207/184/164 212/191/169
f 208/185/165 212/191/169 213/192/170
f 209/186/166 208/185/165 213/192/170
f 209/186/166 213/192/170 214/193/171
f 210/187/167 209/186/166 214/193/171
f 210/187/167 214/193/171 215/194/172
f 211/188/168 210/187/167 215/194/172
f 211/188/168 215/194/172 216/195/173
f 213/192/170 212/191/169 217/196/174
f 213/192/170 217/196/174 218/197/175
f 214/193/171 213/192/170 218/197/175
f 214/193/171 218/197/175 219/198/176
f 215/194/172 214/193/171 219/198/176
f 215/194/172 219/198/176 220/199/177
f 216/195/173 215/194/172 220/199/177
f 216/195/173 220/199/177 221/200/178
f 212/191/169 133/201/111 217/196/174
f 217/196/174 132/202/111 222/203/179
f 218/197/175 217/196/174 222/203/179
f 218/197/175 222/203/179 223/30/180
f 219/198/176 218/197/175 223/30/180
f 219/198/176 223/30/180 224/204/181
f 220/199/177 219/198/176 224/204/181
f 220/199/177 224/204/181 225/205/182
f 221/200/178 220/199/177 225/205/182
f 221/200/178 225/205/182 226/206/183
f 224/204/181 223/30/180 228/207/184
f 224/204/181 228/207/184 229/208/185
f 225/205/182 224/204/181 229/208/185
f 225/205/182 229/208/185 230/209/186
f 226/206/183 225/205/182 230/209/186
f 226/206/183 230/209/186 231/210/187
f 222/203/179 131/211/111 227/212/188
f 223/30/180 222/203/179 227/212/188
f 223/30/180 227/212/188 228/207/184
f 227/212/188 130/213/111 232/214/189
f 228/207/184 227/212/188 232/214/189
f 228/207/184 232/214/189 233/215/190
f 229/208/185 228/207/184 233/215/190
f 229/208/185 233/215/190 234/216/191
f 230/209/186 229/208/185 234/216/191
f 230/209/186 234/216/191 235/217/192
f 231/210/187 230/209/186 235/217/192
f 231/210/187 235/217/192 236/218/193
f 234/216/191 233/215/190 240/219/194
f 234/216/191 240/219/194 241/220/195
f 235/217/192 234/216/191 241/220/195
f 235/217/192 241/220/195 242/221/196
f 236/218/193 235/217/192 242/221/196
f 236/218/193 242/221/196 243/222/197
f 232/214/189 129/223/111 239/224/198
f 233/215/190 232/214/189 239/224/198
f 233/215/190 239/224/198 240/219/194
f 389/225/199 377/226/200 375/226/201
f 389/225/199 375/226/201 237/225/202
f 239/224/198 128/227/111 244/228/203
f 240/219/194 239/224/198 244/228/203
f 240/219/194 244/228/203 245/229/204
f 241/220/195 240/219/194 245/229/204
f 241/220/195 245/229/204 246/230/205
f 242/221/196 241/220/195 246/230/205
f 242/221/196 246/230/205 247/231/206
f 243/222/197 242/221/196 247/231/206
f 243/222/197 247/231/206 248/232/207
f 253/233/208 252/234/209 265/235/210
f 253/233/208 265/235/210 266/236/211
f 247/231/206 246/230/205 258/237/212
f 247/231/206 258/237/212 259/238/213
f 254/239/214 253/233/208 266/236/211
f 254/239/214 266/236/211 267/240/215
f 248/232/207 247/231/206 259/238/213
f 248/232/207 259/238/213 260/241/216
f 255/242/217 254/239/214 267/240/215
f 255/242/217 267/240/215 268/243/218
f 561/244/219 248/232/207 260/241/216
f 561/244/219 260/241/216 261/245/220
f 249/246/221 561/244/219 261/245/220
f 249/246/221 261/245/220 262/247/222
f 250/248/223 249/246/221 262/247/222
f 250/248/223 262/247/222 263/249/224
f 244/228/203 127/250/111 256/251/225
f 251/252/226 250/248/223 263/249/224
f 251/252/226 263/249/224 264/253/227
f 245/229/204 244/228/203 256/251/225
f 245/229/204 256/251/225 257/254/228
f 252/234/209 251/252/226 264/253/227
f 252/234/209 264/253/227 265/235/210
f 246/230/205 245/229/204 257/254/228
f 246/230/205 257/254/228 258/237/212
f 263/249/224 262/247/222 275/255/229
f 263/249/224 275/255/229 276/256/230
f 256/251/225 126/257/231 269/258/232
f 264/253/227 263/249/224 276/256/230
f 264/253/227 276/256/230 277/259/233
f 257/254/228 256/251/225 269/258/232
f 257/254/228 269/258/232 270/260/234
f 265/235/210 264/253/227 277/259/233
f 265/235/210 277/259/233 278/261/235
f 258/237/212 257/254/228 270/260/234
f 258/237/212 270/260/234 271/262/236
f 266/236/211 265/235/210 278/261/235
f 266/236/211 278/261/235 279/263/237
f 259/238/213 258/237/212 271/262/236
f 259/238/213 271/262/236 272/264/238
f 267/240/215 266/236/211 279/263/237
f 267/240/215 279/263/237 280/265/239
f 260/241/216 259/238/213 272/264/238
f 260/241/216 272/264/238 273/266/240
f 268/243/218 267/240/215 280/265/239
f 268/243/218 280/265/239 281/267/241
f 261/245/220 260/241/216 273/266/240
f 261/245/220 273/266/240 274/268/242
f 262/247/222 261/245/220 274/268/242
f 262/247/222 274/268/242 275/255/229
f 280/265/239 279/263/237 292/269/243
f 280/265/239 292/269/243 293/270/244
f 273/266/240 272/264/238 285/271/245
f 273/266/240 285/271/245 286/272/246
f 281/267/241 280/265/239 293/270/244
f 281/267/241 293/270/244 294/273/247
f 274/268/242 273/266/240 286/272/246
f 274/268/242 286/272/246 287/274/248
f 275/255/229 274/268/242 287/274/248
f 275/255/229 287/274/248 288/275/249
f 276/256/230 275/255/229 288/275/249
f 276/256/230 288/275/249 289/276/250
f 269/258/232 125/277/231 282/278/251
f 277/259/233 276/256/230 289/276/250
f 277/259/233 289/276/250 290/279/252
f 270/260/234 269/258/232 282/278/251
f 270/260/234 282/278/251 283/280/253
f 278/261/235 277/259/233 290/279/252
f 278/261/235 290/279/252 291/281/254
f 271/262/236 270/260/234 283/280/253
f 271/262/236 283/280/253 284/282/255
f 279/263/237 278/261/235 291/281/254
f 279/263/237 291/281/254 292/269/243
f 272/264/238 271/262/236 284/282/255
f 272/264/238 284/282/255 285/271/245
f 282/278/251 124/283/231 295/284/256
f 290/279/252 289/276/250 302/285/257
f 290/279/252 302/285/257 303/286/258
f 283/280/253 282/278/251 295/284/256
f 283/280/253 295/284/256 296/59/259
f 291/281/254 290/279/252 303/286/258
f 291/281/254 303/286/258 304/55/260
f 284/282/255 283/280/253 296/59/259
f 284/282/255 296/59/259 297/287/261
f 292/269/243 291/281/254 304/55/260
f 292/269/243 304/55/260 305/288/262
f 285/271/245 284/282/255 297/287/261
f 285/271/245 297/287/261 298/289/263
f 293/270/244 292/269/243 305/288/262
f 293/270/244 305/288/262 306/56/264
f 286/272/246 285/271/245 298/289/263
f 286/272/246 298/289/263 299/290/265
f 294/273/247 293/270/244 306/56/264
f 294/273/247 306/56/264 307/291/266
f 287/274/248 286/272/246 299/290/265
f 287/274/248 299/290/265 300/57/267
f 288/275/249 287/274/248 300/57/267
f 288/275/249 300/57/267 301/292/268
f 289/276/250 288/275/249 301/292/268
f 289/276/250 301/292/268 302/285/257
f 299/290/265 298/289/263 311/293/269
f 299/290/265 311/293/269 312/294/270
f 307/291/266 306/56/264 319/295/271
f 307/291/266 319/295/271 320/296/272
f 300/57/267 299/290/265 312/294/270
f 300/57/267 312/294/270 313/297/273
f 301/292/268 300/57/267 313/297/273
f 301/292/268 313/297/273 314/298/274
f 302/285/257 301/292/268 314/298/274
f 302/285/257 314/298/274 315/299/275
f 295/284/256 123/300/111 308/301/276
f 303/286/258 302/285/257 315/299/275
f 303/286/258 315/299/275 316/302/277
f 296/59/259 295/284/256 308/301/276
f 296/59/259 308/301/276 309/303/278
f 304/55/260 303/286/258 316/302/277
f 304/55/260 316/302/277 317/304/279
f 297/287/261 296/59/259 309/303/278
f 297/287/261 309/303/278 310/305/280
f 305/288/262 304/55/260 317/304/279
f 305/288/262 317/304/279 318/306/281
f 298/289/263 297/287/261 310/305/280
f 298/289/263 310/305/280 311/293/269
f 306/56/264 305/288/262 318/306/281
f 306/56/264 318/306/281 319/295/271
f 316/302/277 315/299/275 329/307/282
f 316/302/277 329/307/282 330/308/283
f 309/303/278 308/301/276 321/309/284
f 309/303/278 321/309/284 323/310/285
f 317/304/279 316/302/277 330/308/283
f 317/304/279 330/308/283 331/311/286
f 310/305/280 309/303/278 323/310/285
f 310/305/280 323/310/285 324/312/287
f 318/306/281 317/304/279 331/311/286
f 318/306/281 331/311/286 332/313/288
f 311/293/269 310/305/280 324/312/287
f 311/293/269 324/312/287 325/314/289
f 319/295/271 318/306/281 332/313/288
f 319/295/271 332/313/288 333/315/290
f 312/294/270 311/293/269 325/314/289
f 312/294/270 325/314/289 326/316/291
f 320/296/272 319/295/271 333/315/290
f 320/296/272 333/315/290 334/317/292
f 313/297/273 312/294/270 326/316/291
f 313/297/273 326/316/291 327/318/293
f 314/298/274 313/297/273 327/318/293
f 314/298/274 327/318/293 328/319/294
f 315/299/275 314/298/274 328/319/294
f 315/299/275 328/319/294 329/307/282
f 308/301/276 122/320/111 321/309/284
f 334/317/292 333/315/290 346/321/295
f 334/317/292 346/321/295 347/322/296
f 327/318/293 326/316/291 340/323/297
f 327/318/293 340/323/297 341/324/298
f 328/319/294 327/318/293 341/324/298
f 328/319/294 341/324/298 342/325/299
f 329/307/282 328/319/294 342/325/299
f 329/307/282 342/325/299 343/326/300
f 321/309/284 121/327/111 336/328/301
f 330/308/283 329/307/282 343/326/300
f 330/308/283 343/326/300 344/329/302
f 331/311/286 330/308/283 344/329/302
f 331/311/286 344/329/302 552/330/303
f 324/312/287 323/310/285 337/331/304
f 324/312/287 337/331/304 338/332/305
f 332/313/288 331/311/286 552/330/303
f 332/313/288 552/330/303 345/333/306
f 325/314/289 324/312/287 338/332/305
f 325/314/289 338/332/305 339/334/307
f 333/315/290 332/313/288 345/333/306
f 333/315/290 345/333/306 346/321/295
f 326/316/291 325/314/289 339/334/307
f 326/316/291 339/334/307 340/323/297
f 552/330/303 344/329/302 355/335/308
f 552/330/303 355/335/308 550/336/309
f 338/332/305 337/331/304 348/337/310
f 338/332/305 348/337/310 349/338/311
f 339/334/307 338/332/305 349/338/311
f 339/334/307 349/338/311 350/339/312
f 346/321/295 345/333/306 356/340/313
f 346/321/295 356/340/313 357/341/314
f 340/323/297 339/334/307 350/339/312
f 340/323/297 350/339/312 351/342/315
f 347/322/296 346/321/295 357/341/314
f 347/322/296 357/341/314 358/343/316
f 341/324/298 340/323/297 351/342/315
f 341/324/298 351/342/315 352/344/317
f 342/325/299 341/324/298 352/344/317
f 342/325/299 352/344/317 353/345/318
f 343/326/300 342/325/299 353/345/318
f 343/326/300 353/345/318 354/346/319
f 336/328/301 120/347/111 545/348/320
f 344/329/302 343/326/300 354/346/319
f 344/329/302 354/346/319 355/335/308
f 352/344/317 351/342/315 362/349/321
f 352/344/317 362/349/321 363/350/322
f 353/345/318 352/344/317 363/350/322
f 353/345/318 363/350/322 364/351/323
f 354/346/319 353/345/318 364/351/323
f 354/346/319 364/351/323 365/352/324
f 545/348/320 119/353/111 541/354/325
f 355/335/308 354/346/319 365/352/324
f 355/335/308 365/352/324 366/355/326
f 550/336/309 355/335/308 366/355/326
f 550/336/309 366/355/326 547/356/327
f 349/338/311 348/337/310 359/357/328
f 349/338/311 359/357/328 360/358/329
f 350/339/312 349/338/311 360/358/329
f 350/339/312 360/358/329 361/359/330
f 357/341/314 356/340/313 367/360/331
f 357/341/314 367/360/331 368/361/332
f 351/342/315 350/339/312 361/359/330
f 351/342/315 361/359/330 362/349/321
f 358/343/316 357/341/314 368/361/332
f 358/343/316 368/361/332 369/362/333
f 547/356/327 366/355/326 379/363/334
f 547/356/327 379/363/334 538/364/335
f 360/358/329 359/357/328 370/365/336
f 360/358/329 370/365/336 371/366/337
f 361/359/330 360/358/329 371/366/337
f 361/359/330 371/366/337 372/367/338
f 368/361/332 367/360/331 380/368/339
f 368/361/332 380/368/339 381/369/340
f 362/349/321 361/359/330 372/367/338
f 362/349/321 372/367/338 373/370/341
f 369/362/333 368/361/332 381/369/340
f 369/362/333 381/369/340 382/371/342
f 363/350/322 362/349/321 373/370/341
f 363/350/322 373/370/341 376/372/201
f 364/351/323 363/350/322 376/372/201
f 364/351/323 376/372/201 377/226/200
f 365/352/324 364/351/323 377/226/200
f 365/352/324 377/226/200 378/373/343
f 541/354/325 118/374/111 543/375/344
f 366/355/326 365/352/324 378/373/343
f 366/355/326 378/373/343 379/363/334
f 378/373/343 377/226/200 389/225/199
f 378/373/343 389/225/199 390/376/345
f 543/375/344 117/377/111 540/378/346
f 379/363/334 378/373/343 390/376/345
f 379/363/334 390/376/345 391/379/347
f 538/364/335 379/363/334 391/379/347
f 538/364/335 391/379/347 534/380/348
f 371/366/337 370/365/336 383/381/349
f 371/366/337 383/381/349 384/382/350
f 372/367/338 371/366/337 384/382/350
f 372/367/338 384/382/350 386/383/351
f 381/369/340 380/368/339 392/384/352
f 381/369/340 392/384/352 393/385/353
f 373/370/341 372/367/338 386/383/351
f 373/370/341 386/383/351 387/386/354
f 382/371/342 381/369/340 393/385/353
f 382/371/342 393/385/353 394/387/355
f 386/383/351 384/382/350 399/388/356
f 386/383/351 399/388/356 517/389/357
f 393/385/353 392/384/352 411/390/358
f 393/385/353 411/390/358 413/391/359
f 394/387/355 393/385/353 413/391/359
f 394/387/355 413/391/359 415/392/360
f 238/393/202 387/386/354 401/394/361
f 238/393/202 401/394/361 403/395/362
f 389/225/199 238/393/202 403/395/362
f 389/225/199 403/395/362 405/396/363
f 390/376/345 389/225/199 405/396/363
f 390/376/345 405/396/363 407/88/364
f 540/378/365 116/397/111 395/398/366
f 391/379/347 390/376/345 407/88/364
f 391/379/347 407/88/364 409/399/367
f 383/381/349 540/378/365 395/398/366
f 383/381/349 395/398/366 397/400/368
f 534/380/348 391/379/347 409/399/367
f 534/380/348 409/399/367 529/401/369
f 384/382/350 383/381/349 397/400/368
f 384/382/350 397/400/368 399/388/356
f 408/96/364 406/402/363 424/403/370
f 408/96/364 424/403/370 425/404/371
f 396/405/366 147/406/111 417/407/372
f 410/408/367 408/96/364 425/404/371
f 410/408/367 425/404/371 426/409/373
f 398/410/368 396/405/366 417/407/372
f 398/410/368 417/407/372 418/411/374
f 531/412/369 410/408/367 426/409/373
f 531/412/369 426/409/373 522/413/375
f 400/414/356 398/410/368 418/411/374
f 400/414/356 418/411/374 419/415/376
f 519/416/357 400/414/356 419/415/376
f 519/416/357 419/415/376 421/417/377
f 414/418/359 412/419/378 427/420/379
f 414/418/359 427/420/379 428/421/380
f 416/422/381 414/418/359 428/421/380
f 416/422/381 428/421/380 429/423/382
f 404/424/362 402/425/361 422/426/383
f 404/424/362 422/426/383 423/427/384
f 406/402/363 404/424/362 423/427/384
f 406/402/363 423/427/384 424/403/370
f 421/417/377 419/415/376 432/428/385
f 421/417/377 432/428/385 434/429/386
f 428/421/380 427/420/379 442/430/387
f 428/421/380 442/430/387 443/431/388
f 429/423/382 428/421/380 443/431/388
f 429/423/382 443/431/388 444/432/389
f 423/427/384 422/426/383 435/433/390
f 423/427/384 435/433/390 436/434/391
f 424/403/370 423/427/384 436/434/391
f 424/403/370 436/434/391 437/435/392
f 425/404/371 424/403/370 437/435/392
f 425/404/371 437/435/392 438/436/393
f 417/407/372 146/437/111 430/438/394
f 426/409/373 425/404/371 438/436/393
f 426/409/373 438/436/393 439/439/395
f 418/411/374 417/407/372 430/438/394
f 418/411/374 430/438/394 431/440/396
f 522/413/375 426/409/373 439/439/395
f 522/413/375 439/439/395 441/441/397
f 419/415/376 418/411/374 431/440/396
f 419/415/376 431/440/396 432/428/385
f 438/436/393 437/435/392 450/442/398
f 438/436/393 450/442/398 451/443/399
f 430/438/394 145/444/111 445/445/400
f 439/439/395 438/436/393 451/443/399
f 439/439/395 451/443/399 452/446/401
f 431/440/396 430/438/394 445/445/400
f 431/440/396 445/445/400 446/447/402
f 441/441/397 439/439/395 452/446/401
f 441/441/397 452/446/401 453/448/403
f 432/428/385 431/440/396 446/447/402
f 432/428/385 446/447/402 447/449/404
f 442/430/387 441/441/397 453/448/403
f 442/430/387 453/448/403 454/450/405
f 434/429/386 432/428/385 447/449/404
f 434/429/386 447/449/404 523/451/406
f 443/431/388 442/430/387 454/450/405
f 443/431/388 454/450/405 455/452/407
f 444/432/389 443/431/388 455/452/407
f 444/432/389 455/452/407 456/453/408
f 436/434/391 435/433/390 448/454/409
f 436/434/391 448/454/409 449/455/410
f 437/435/392 436/434/391 449/455/410
f 437/435/392 449/455/410 450/442/398
f 455/452/407 454/450/405 466/456/411
f 455/452/407 466/456/411 467/457/412
f 456/453/408 455/452/407 467/457/412
f 456/453/408 467/457/412 468/458/413
f 449/455/410 448/454/409 460/459/414
f 449/455/410 460/459/414 461/460/415
f 450/442/398 449/455/410 461/460/415
f 450/442/398 461/460/415 462/461/416
f 451/443/399 450/442/398 462/461/416
f 451/443/399 462/461/416 463/462/417
f 445/445/400 144/463/111 457/464/418
f 452/446/401 451/443/399 463/462/417
f 452/446/401 463/462/417 464/465/419
f 446/447/402 445/445/400 457/464/418
f 446/447/402 457/464/418 458/466/420
f 453/448/403 452/446/401 464/465/419
f 453/448/403 464/465/419 465/467/421
f 447/449/404 446/447/402 458/466/420
f 447/449/404 458/466/420 459/468/422
f 454/450/405 453/448/403 465/467/421
f 454/450/405 465/467/421 466/456/411
f 523/451/406 447/449/404 459/468/422
f 523/451/406 459/468/422 526/469/423
f 457/464/418 143/470/111 535/471/424
f 464/465/419 463/462/417 475/472/425
f 464/465/419 475/472/425 476/473/426
f 458/466/420 457/464/418 535/471/424
f 458/466/420 535/471/424 469/474/427
f 465/467/421 464/465/419 476/473/426
f 465/467/421 476/473/426 477/475/428
f 459/468/422 458/466/420 469/474/427
f 459/468/422 469/474/427 470/476/429
f 466/456/411 465/467/421 477/475/428
f 466/456/411 477/475/428 478/477/430
f 526/469/423 459/468/422 470/476/429
f 526/469/423 470/476/429 471/478/431
f 467/457/412 466/456/411 478/477/430
f 467/457/412 478/477/430 479/479/432
f 460/459/414 526/469/423 471/478/431
f 460/459/414 471/478/431 472/480/433
f 468/458/413 467/457/412 479/479/432
f 468/458/413 479/479/432 480/481/434
f 461/460/415 460/459/414 472/480/433
f 461/460/415 472/480/433 473/482/435
f 462/461/416 461/460/415 473/482/435
f 462/461/416 473/482/435 474/483/436
f 463/462/417 462/461/416 474/483/436
f 463/462/417 474/483/436 475/472/425
f 472/480/433 471/478/431 486/484/437
f 472/480/433 486/484/437 487/485/438
f 480/481/434 479/479/432 494/486/439
f 480/481/434 494/486/439 495/487/440
f 473/482/435 472/480/433 487/485/438
f 473/482/435 487/485/438 488/488/441
f 474/483/436 473/482/435 488/488/441
f 474/483/436 488/488/441 489/489/442
f 475/472/425 474/483/436 489/489/442
f 475/472/425 489/489/442 490/490/443
f 535/471/444 142/491/111 482/492/445
f 476/473/426 475/472/425 490/490/443
f 476/473/426 490/490/443 491/493/446
f 477/475/428 476/473/426 491/493/446
f 477/475/428 491/493/446 492/494/447
f 470/476/429 469/474/427 528/495/448
f 470/476/429 528/495/448 485/496/449
f 478/477/430 477/475/428 492/494/447
f 478/477/430 492/494/447 493/497/450
f 471/478/431 470/476/429 485/496/449
f 471/478/431 485/496/449 486/484/437
f 479/479/432 478/477/430 493/497/450
f 479/479/432 493/497/450 494/486/439
f 491/493/446 490/490/443 504/498/451
f 491/493/446 504/498/451 505/499/452
f 492/494/447 491/493/446 505/499/452
f 492/494/447 505/499/452 506/500/453
f 493/497/450 492/494/447 506/500/453
f 493/497/450 506/500/453 507/501/454
f 486/484/437 484/502/449 500/503/455
f 494/486/439 493/497/450 507/501/454
f 494/486/439 507/501/454 508/504/456
f 487/485/438 486/484/437 500/503/455
f 487/485/438 500/503/455 501/505/457
f 495/487/440 494/486/439 508/504/456
f 495/487/440 508/504/456 509/506/458
f 488/488/441 487/485/438 501/505/457
f 488/488/441 501/505/457 502/507/459
f 489/489/442 488/488/441 502/507/459
f 489/489/442 502/507/459 503/508/460
f 490/490/443 489/489/442 503/508/460
f 490/490/443 503/508/460 504/498/451
f 482/492/445 141/509/111 497/510/461
f 509/506/458 508/504/456 515/117/99
f 509/506/458 515/117/99 516/116/98
f 502/507/459 501/505/457 149/121/103
f 502/507/459 149/121/103 513/120/102
f 503/508/460 502/507/459 513/120/102
f 503/508/460 513/120/102 150/124/106
f 504/498/451 503/508/460 150/124/106
f 504/498/451 150/124/106 151/6/108
f 497/510/461 140/511/111 510/127/110
f 505/499/452 504/498/451 151/6/108
f 505/499/452 151/6/108 152/130/113
f 499/512/462 497/510/461 510/127/110
f 499/512/462 510/127/110 511/132/115
f 506/500/453 505/499/452 152/130/113
f 506/500/453 152/130/113 514/134/117
f 484/502/449 499/512/462 511/132/115
f 484/502/449 511/132/115 148/136/119
f 507/501/454 506/500/453 514/134/117
f 507/501/454 514/134/117 153/138/121
f 500/503/455 484/502/449 148/136/119
f 500/503/455 148/136/119 512/140/123
f 508/504/456 507/501/454 153/138/121
f 508/504/456 153/138/121 515/117/99
f 501/505/457 500/503/455 512/140/123
f 501/505/457 512/140/123 149/121/103
f 237/225/202 375/226/201 374/226/341
f 237/225/202 374/226/341 388/225/354
f 401/394/361 387/386/354 385/386/351
f 401/394/361 385/386/351 518/394/357
f 422/426/383 402/425/361 520/425/463
f 422/426/383 520/425/463 420/426/377
f 435/433/390 422/426/383 420/426/377
f 435/433/390 420/426/377 433/433/386
f 448/454/409 435/433/390 433/433/386
f 448/454/409 433/433/386 524/454/464
f 460/459/414 448/454/409 524/454/464
f 460/459/414 524/454/464 525/459/465
f 485/496/449 527/496/448 498/502/462
f 498/502/462 527/496/448 481/496/466
f 498/502/462 481/496/466 496/502/467
f 528/495/448 469/474/427 536/474/424
f 528/495/448 536/474/424 483/495/466
f 383/381/349 370/365/336 544/365/344
f 383/381/349 544/365/344 539/381/365
f 370/365/336 359/357/328 542/357/325
f 370/365/336 542/357/325 544/365/344
f 359/357/328 348/337/310 546/337/320
f 359/357/328 546/337/320 542/357/325
f 348/337/310 337/331/304 335/331/301
f 348/337/310 335/331/301 546/337/320
f 337/331/304 323/310/285 322/310/284
f 337/331/304 322/310/284 335/331/301
f 356/340/313 345/333/306 551/333/468
f 356/340/313 551/333/468 549/340/469
f 367/360/331 356/340/313 549/340/469
f 367/360/331 549/340/469 548/360/327
f 380/368/339 367/360/331 548/360/327
f 380/368/339 548/360/327 537/368/335
f 392/384/352 380/368/339 537/368/335
f 392/384/352 537/368/335 533/384/348
f 411/390/358 392/384/352 533/384/348
f 411/390/358 533/384/348 530/390/369
f 427/420/379 412/419/378 532/419/369
f 427/420/379 532/419/369 521/420/375
f 442/430/387 427/420/379 521/420/375
f 442/430/387 521/420/375 440/430/397
f 254/239/214 255/242/217 253/233/208
f 197/173/154 211/188/168 553/188/470
f 197/173/154 553/188/470 198/173/471
f 211/188/168 216/195/173 554/195/472
f 211/188/168 554/195/472 553/188/470
f 216/195/173 221/200/178 555/200/473
f 216/195/173 555/200/473 554/195/472
f 221/200/178 226/206/183 556/206/474
f 221/200/178 556/206/474 555/200/473
f 226/206/183 231/210/187 557/210/475
f 226/206/183 557/210/475 556/206/474
f 231/210/187 236/218/193 558/218/476
f 231/210/187 558/218/476 557/210/475
f 236/218/193 243/222/197 559/222/477
f 236/218/193 559/222/477 558/218/476
f 243/222/197 248/232/207 560/232/219
f 243/222/197 560/232/219 559/222/477
f 676/1/478 577/2/479 595/4/480
f 676/1/478 595/4/480 596/3/481
f 576/5/482 575/6/483 593/7/484
f 576/5/482 593/7/484 594/8/485
f 675/9/486 574/10/487 591/11/488
f 675/9/486 591/11/488 592/12/489
f 674/13/490 570/14/491 590/15/492
f 586/16/493 676/1/478 596/3/481
f 577/2/479 576/5/482 594/8/485
f 577/2/479 594/8/485 595/4/480
f 575/6/483 675/9/486 592/12/489
f 575/6/483 592/12/489 593/7/484
f 574/10/487 674/13/490 590/15/492
f 574/10/487 590/15/492 591/11/488
f 590/15/492 569/17/494 597/18/495
f 585/19/496 596/3/481 603/20/497
f 595/4/480 594/8/485 601/21/498
f 595/4/480 601/21/498 602/22/499
f 593/7/484 592/12/489 599/23/500
f 593/7/484 599/23/500 600/24/501
f 591/11/488 590/15/492 597/18/495
f 591/11/488 597/18/495 598/25/502
f 596/3/481 595/4/480 602/22/499
f 596/3/481 602/22/499 603/20/497
f 594/8/485 593/7/484 600/24/501
f 594/8/485 600/24/501 601/21/498
f 592/12/489 591/11/488 598/25/502
f 592/12/489 598/25/502 599/23/500
f 602/22/499 601/21/498 608/26/503
f 602/22/499 608/26/503 609/27/504
f 600/24/501 599/23/500 606/28/505
f 600/24/501 606/28/505 607/29/506
f 598/25/502 597/18/495 604/30/507
f 598/25/502 604/30/507 605/31/508
f 603/20/497 602/22/499 609/27/504
f 603/20/497 609/27/504 610/32/509
f 601/21/498 600/24/501 607/29/506
f 601/21/498 607/29/506 608/26/503
f 599/23/500 598/25/502 605/31/508
f 599/23/500 605/31/508 606/28/505
f 597/18/495 568/33/494 604/30/507
f 584/34/510 603/20/497 610/32/509
f 610/32/509 609/27/504 616/35/511
f 610/32/509 616/35/511 617/36/512
f 608/26/503 607/29/506 614/37/513
f 608/26/503 614/37/513 615/38/514
f 606/28/505 605/31/508 612/39/515
f 606/28/505 612/39/515 613/40/516
f 604/30/507 567/41/517 611/42/518
f 583/43/519 610/32/509 617/36/512
f 609/27/504 608/26/503 615/38/514
f 609/27/504 615/38/514 616/35/511
f 607/29/506 606/28/505 613/40/516
f 607/29/506 613/40/516 614/37/513
f 605/31/508 604/30/507 611/42/518
f 605/31/508 611/42/518 612/39/515
f 615/38/514 614/37/513 621/44/520
f 615/38/514 621/44/520 622/45/521
f 613/40/516 612/39/515 619/46/522
f 613/40/516 619/46/522 620/47/523
f 611/42/518 566/48/494 618/49/524
f 582/50/525 617/36/512 624/51/526
f 616/35/511 615/38/514 622/45/521
f 616/35/511 622/45/521 623/52/527
f 614/37/513 613/40/516 620/47/523
f 614/37/513 620/47/523 621/44/520
f 612/39/515 611/42/518 618/49/524
f 612/39/515 618/49/524 619/46/522
f 617/36/512 616/35/511 623/52/527
f 617/36/512 623/52/527 624/51/526
f 581/53/519 624/51/526 631/54/528
f 623/52/527 622/45/521 629/55/529
f 623/52/527 629/55/529 630/56/530
f 621/44/520 620/47/523 627/57/531
f 621/44/520 627/57/531 628/58/532
f 619/46/522 618/49/524 625/59/533
f 619/46/522 625/59/533 626/60/534
f 624/51/526 623/52/527 630/56/530
f 624/51/526 630/56/530 631/54/528
f 622/45/521 621/44/520 628/58/532
f 622/45/521 628/58/532 629/55/529
f 620/47/523 619/46/522 626/60/534
f 620/47/523 626/60/534 627/57/531
f 618/49/524 565/61/494 625/59/533
f 628/58/532 627/57/531 634/62/535
f 628/58/532 634/62/535 635/63/536
f 626/60/534 625/59/533 632/64/537
f 626/60/534 632/64/537 633/65/538
f 631/54/528 630/56/530 637/66/539
f 631/54/528 637/66/539 638/67/540
f 629/55/529 628/58/532 635/63/536
f 629/55/529 635/63/536 636/68/541
f 627/57/531 626/60/534 633/65/538
f 627/57/531 633/65/538 634/62/535
f 625/59/533 564/69/542 632/64/537
f 580/70/525 631/54/528 638/67/540
f 630/56/530 629/55/529 636/68/541
f 630/56/530 636/68/541 637/66/539
f 638/67/540 637/66/539 644/71/543
f 638/67/540 644/71/543 645/72/544
f 636/68/541 635/63/536 642/73/545
f 636/68/541 642/73/545 643/74/546
f 634/62/535 633/65/538 640/75/547
f 634/62/535 640/75/547 641/76/548
f 632/64/537 563/77/549 639/78/550
f 579/79/519 638/67/540 645/72/544
f 637/66/539 636/68/541 643/74/546
f 637/66/539 643/74/546 644/71/543
f 635/63/536 634/62/535 641/76/548
f 635/63/536 641/76/548 642/73/545
f 633/65/538 632/64/537 639/78/550
f 633/65/538 639/78/550 640/75/547
f 641/76/548 640/75/547 648/80/551
f 641/76/548 648/80/551 650/81/552
f 639/78/550 562/82/494 646/83/553
f 578/84/493 645/72/544 658/85/554
f 644/71/543 643/74/546 654/86/555
f 644/71/543 654/86/555 656/87/556
f 642/73/545 641/76/548 650/81/552
f 642/73/545 650/81/552 652/88/557
f 640/75/547 639/78/550 646/83/553
f 640/75/547 646/83/553 648/80/551
f 645/72/544 644/71/543 656/87/556
f 645/72/544 656/87/556 658/85/554
f 643/74/546 642/73/545 652/88/557
f 643/74/546 652/88/557 654/86/555
f 589/89/519 659/90/554 666/91/558
f 657/92/556 655/93/559 664/94/560
f 657/92/556 664/94/560 665/95/561
f 653/96/562 651/97/563 662/98/564
f 653/96/562 662/98/564 663/99/565
f 649/100/551 647/101/566 660/102/567
f 649/100/551 660/102/567 661/103/568
f 659/90/554 657/92/556 665/95/561
f 659/90/554 665/95/561 666/91/558
f 655/93/559 653/96/562 663/99/565
f 655/93/559 663/99/565 664/94/560
f 651/97/563 649/100/551 661/103/568
f 651/97/563 661/103/568 662/98/564
f 647/101/566 573/104/494 660/102/567
f 661/103/568 660/102/567 667/105/569
f 661/103/568 667/105/569 668/106/570
f 666/91/558 665/95/561 672/107/571
f 666/91/558 672/107/571 673/108/572
f 664/94/560 663/99/565 670/109/573
f 664/94/560 670/109/573 671/110/574
f 662/98/564 661/103/568 668/106/570
f 662/98/564 668/106/570 669/111/575
f 660/102/567 572/112/494 667/105/569
f 588/113/519 666/91/558 673/108/572
f 665/95/561 664/94/560 671/110/574
f 665/95/561 671/110/574 672/107/571
f 663/99/565 662/98/564 669/111/575
f 663/99/565 669/111/575 670/109/573
f 673/108/572 672/107/571 577/2/479
f 673/108/572 577/2/479 676/1/478
f 671/110/574 670/109/573 575/6/483
f 671/110/574 575/6/483 576/5/482
f 669/111/575 668/106/570 574/10/487
f 669/111/575 574/10/487 675/9/486
f 667/105/569 571/114/491 674/13/490
f 587/115/493 673/108/572 676/1/478
f 672/107/571 671/110/574 576/5/482
f 672/107/571 576/5/482 577/2/479
f 670/109/573 669/111/575 675/9/486
f 670/109/573 675/9/486 575/6/483
f 668/106/570 667/105/569 674/13/490
f 668/106/570 674/13/490 574/10/487
f 791/1/576 692/2/577 710/4/578
f 791/1/576 710/4/578 711/3/579
f 691/5/580 690/6/581 708/7/582
f 691/5/580 708/7/582 709/8/583
f 790/9/584 689/10/585 706/11/586
f 790/9/584 706/11/586 707/12/587
f 789/13/588 685/14/589 705/15/590
f 701/16/591 791/1/576 711/3/579
f 692/2/577 691/5/580 709/8/583
f 692/2/577 709/8/583 710/4/578
f 690/6/581 790/9/584 707/12/587
f 690/6/581 707/12/587 708/7/582
f 689/10/585 789/13/588 705/15/590
f 689/10/585 705/15/590 706/11/586
f 705/15/590 684/17/592 712/18/593
f 700/19/591 711/3/579 718/20/594
f 710/4/578 709/8/583 716/21/595
f 710/4/578 716/21/595 717/22/596
f 708/7/582 707/12/587 714/23/597
f 708/7/582 714/23/597 715/24/598
f 706/11/586 705/15/590 712/18/593
f 706/11/586 712/18/593 713/25/599
f 711/3/579 710/4/578 717/22/596
f 711/3/579 717/22/596 718/20/594
f 709/8/583 708/7/582 715/24/598
f 709/8/583 715/24/598 716/21/595
f 707/12/587 706/11/586 713/25/599
f 707/12/587 713/25/599 714/23/597
f 717/22/596 716/21/595 723/26/600
f 717/22/596 723/26/600 724/27/601
f 715/24/598 714/23/597 721/28/602
f 715/24/598 721/28/602 722/29/603
f 713/25/599 712/18/593 719/30/604
f 713/25/599 719/30/604 720/31/605
f 718/20/594 717/22/596 724/27/601
f 718/20/594 724/27/601 725/32/606
f 716/21/595 715/24/598 722/29/603
f 716/21/595 722/29/603 723/26/600
f 714/23/597 713/25/599 720/31/605
f 714/23/597 720/31/605 721/28/602
f 712/18/593 683/33/607 719/30/604
f 699/34/608 718/20/594 725/32/606
f 725/32/606 724/27/601 731/35/609
f 725/32/606 731/35/609 732/36/610
f 723/26/600 722/29/603 729/37/611
f 723/26/600 729/37/611 730/38/612
f 721/28/602 720/31/605 727/39/613
f 721/28/602 727/39/613 728/40/614
f 719/30/604 682/41/607 726/42/615
f 698/43/591 725/32/606 732/36/610
f 724/27/601 723/26/600 730/38/612
f 724/27/601 730/38/612 731/35/609
f 722/29/603 721/28/602 729/37/611
f 721/28/602 728/40/614 729/37/611
f 720/31/605 719/30/604 726/42/615
f 720/31/605 726/42/615 727/39/613
f 730/38/612 729/37/611 736/44/616
f 730/38/612 736/44/616 737/45/617
f 728/40/614 727/39/613 734/46/618
f 728/40/614 734/46/618 735/47/619
f 726/42/615 681/48/620 733/49/621
f 697/50/591 732/36/610 739/51/622
f 731/35/609 730/38/612 737/45/617
f 731/35/609 737/45/617 738/52/623
f 729/37/611 728/40/614 735/47/619
f 729/37/611 735/47/619 736/44/616
f 727/39/613 726/42/615 733/49/621
f 727/39/613 733/49/621 734/46/618
f 732/36/610 731/35/609 738/52/623
f 732/36/610 738/52/623 739/51/622
f 696/53/591 739/51/622 746/54/624
f 738/52/623 737/45/617 744/55/625
f 738/52/623 744/55/625 745/56/626
f 736/44/616 735/47/619 742/57/627
f 736/44/616 742/57/627 743/58/628
f 734/46/618 733/49/621 740/59/629
f 734/46/618 740/59/629 741/60/630
f 739/51/622 738/52/623 745/56/626
f 739/51/622 745/56/626 746/54/624
f 737/45/617 736/44/616 743/58/628
f 737/45/617 743/58/628 744/55/625
f 735/47/619 734/46/618 741/60/630
f 735/47/619 741/60/630 742/57/627
f 733/49/621 680/61/589 740/59/629
f 743/58/628 742/57/627 749/62/631
f 743/58/628 749/62/631 750/63/632
f 741/60/630 740/59/629 747/64/633
f 741/60/630 747/64/633 748/65/634
f 746/54/624 745/56/626 752/66/635
f 746/54/624 752/66/635 753/67/636
f 744/55/625 743/58/628 750/63/632
f 744/55/625 750/63/632 751/68/637
f 742/57/627 741/60/630 748/65/634
f 742/57/627 748/65/634 749/62/631
f 740/59/629 679/69/638 747/64/633
f 695/70/639 746/54/624 753/67/636
f 745/56/626 744/55/625 751/68/637
f 745/56/626 751/68/637 752/66/635
f 753/67/636 752/66/635 759/71/640
f 753/67/636 759/71/640 760/72/641
f 751/68/637 750/63/632 757/73/642
f 751/68/637 757/73/642 758/74/643
f 749/62/631 748/65/634 755/75/644
f 749/62/631 755/75/644 756/76/645
f 747/64/633 678/77/646 754/78/647
f 694/79/648 753/67/636 760/72/641
f 752/66/635 751/68/637 758/74/643
f 752/66/635 758/74/643 759/71/640
f 750/63/632 749/62/631 756/76/645
f 750/63/632 756/76/645 757/73/642
f 748/65/634 747/64/633 754/78/647
f 748/65/634 754/78/647 755/75/644
f 756/76/645 755/75/644 763/80/649
f 756/76/645 763/80/649 765/81/650
f 754/78/647 677/82/638 761/83/651
f 693/84/639 760/72/641 773/85/652
f 759/71/640 758/74/643 769/86/653
f 759/71/640 769/86/653 771/87/654
f 757/73/642 756/76/645 765/81/650
f 757/73/642 765/81/650 767/88/655
f 755/75/644 754/78/647 761/83/651
f 755/75/644 761/83/651 763/80/649
f 760/72/641 759/71/640 771/87/654
f 760/72/641 771/87/654 773/85/652
f 758/74/643 757/73/642 767/88/655
f 758/74/643 767/88/655 769/86/653
f 704/89/639 774/90/652 781/91/656
f 772/92/657 770/93/653 779/94/658
f 772/92/657 779/94/658 780/95/659
f 768/96/660 766/97/650 777/98/661
f 768/96/660 777/98/661 778/99/662
f 764/100/649 762/101/663 775/102/664
f 764/100/649 775/102/664 776/103/665
f 774/90/652 772/92/657 780/95/659
f 774/90/652 780/95/659 781/91/656
f 770/93/653 768/96/660 778/99/662
f 770/93/653 778/99/662 779/94/658
f 766/97/650 764/100/649 776/103/665
f 766/97/650 776/103/665 777/98/661
f 762/101/663 688/104/589 775/102/664
f 776/103/665 775/102/664 782/105/666
f 776/103/665 782/105/666 783/106/667
f 781/91/656 780/95/659 787/107/668
f 781/91/656 787/107/668 788/108/669
f 779/94/658 778/99/662 785/109/670
f 779/94/658 785/109/670 786/110/671
f 777/98/661 776/103/665 783/106/667
f 777/98/661 783/106/667 784/111/672
f 775/102/664 687/112/673 782/105/666
f 703/113/648 781/91/656 788/108/669
f 780/95/659 779/94/658 786/110/671
f 780/95/659 786/110/671 787/107/668
f 778/99/662 777/98/661 784/111/672
f 778/99/662 784/111/672 785/109/670
f 788/108/669 787/107/668 692/2/577
f 788/108/669 692/2/577 791/1/576
f 786/110/671 785/109/670 690/6/581
f 786/110/671 690/6/581 691/5/580
f 784/111/672 783/106/667 689/10/585
f 784/111/672 689/10/585 790/9/584
f 782/105/666 686/114/638 789/13/588
f 702/115/648 788/108/669 791/1/576
f 787/107/668 786/110/671 691/5/580
f 787/107/668 691/5/580 692/2/577
f 785/109/670 784/111/672 790/9/584
f 785/109/670 790/9/584 690/6/581
f 783/106/667 782/105/666 789/13/588
f 783/106/667 789/13/588 689/10/585
f 906/1/674 807/2/675 825/4/676
f 906/1/674 825/4/676 826/3/677
f 806/5/678 805/6/679 823/7/680
f 806/5/678 823/7/680 824/8/681
f 905/9/682 804/10/683 821/11/684
f 905/9/682 821/11/684 822/12/685
f 904/13/686 800/14/687 820/15/688
f 816/16/689 906/1/674 826/3/677
f 807/2/675 806/5/678 824/8/681
f 807/2/675 824/8/681 825/4/676
f 805/6/679 905/9/682 822/12/685
f 805/6/679 822/12/685 823/7/680
f 804/10/683 904/13/686 820/15/688
f 804/10/683 820/15/688 821/11/684
f 820/15/688 799/17/690 827/18/691
f 815/19/692 826/3/677 833/20/693
f 825/4/676 824/8/681 831/21/694
f 825/4/676 831/21/694 832/22/695
f 823/7/680 822/12/685 829/23/696
f 823/7/680 829/23/696 830/24/697
f 821/11/684 820/15/688 827/18/691
f 821/11/684 827/18/691 828/25/698
f 826/3/677 825/4/676 832/22/695
f 826/3/677 832/22/695 833/20/693
f 824/8/681 823/7/680 830/24/697
f 824/8/681 830/24/697 831/21/694
f 822/12/685 821/11/684 828/25/698
f 822/12/685 828/25/698 829/23/696
f 832/22/695 831/21/694 838/26/699
f 832/22/695 838/26/699 839/27/700
f 830/24/697 829/23/696 836/28/701
f 830/24/697 836/28/701 837/29/702
f 828/25/698 827/18/691 834/30/703
f 828/25/698 834/30/703 835/31/704
f 833/20/693 832/22/695 839/27/700
f 833/20/693 839/27/700 840/32/705
f 831/21/694 830/24/697 837/29/702
f 831/21/694 837/29/702 838/26/699
f 829/23/696 828/25/698 835/31/704
f 829/23/696 835/31/704 836/28/701
f 827/18/691 798/33/690 834/30/703
f 814/34/692 833/20/693 840/32/705
f 840/32/705 839/27/700 846/35/706
f 840/32/705 846/35/706 847/36/707
f 838/26/699 837/29/702 844/37/708
f 838/26/699 844/37/708 845/38/709
f 836/28/701 835/31/704 842/39/710
f 836/28/701 842/39/710 843/40/711
f 834/30/703 797/41/690 841/42/712
f 813/43/713 840/32/705 847/36/707
f 839/27/700 838/26/699 845/38/709
f 839/27/700 845/38/709 846/35/706
f 837/29/702 836/28/701 843/40/711
f 837/29/702 843/40/711 844/37/708
f 835/31/704 834/30/703 841/42/712
f 835/31/704 841/42/712 842/39/710
f 845/38/709 844/37/708 851/44/714
f 845/38/709 851/44/714 852/45/715
f 843/40/711 842/39/710 849/46/716
f 843/40/711 849/46/716 850/47/717
f 841/42/712 796/48/690 848/49/718
f 812/50/719 847/36/707 854/51/720
f 846/35/706 845/38/709 852/45/715
f 846/35/706 852/45/715 853/52/721
f 844/37/708 843/40/711 850/47/717
f 844/37/708 850/47/717 851/44/714
f 842/39/710 841/42/712 848/49/718
f 842/39/710 848/49/718 849/46/716
f 847/36/707 846/35/706 853/52/721
f 847/36/707 853/52/721 854/51/720
f 811/53/692 854/51/720 861/54/722
f 853/52/721 852/45/715 859/55/723
f 853/52/721 859/55/723 860/56/724
f 851/44/714 850/47/717 857/57/725
f 851/44/714 857/57/725 858/58/726
f 849/46/716 848/49/718 855/59/727
f 849/46/716 855/59/727 856/60/728
f 854/51/720 853/52/721 860/56/724
f 854/51/720 860/56/724 861/54/722
f 852/45/715 851/44/714 858/58/726
f 852/45/715 858/58/726 859/55/723
f 850/47/717 849/46/716 856/60/728
f 850/47/717 856/60/728 857/57/725
f 848/49/718 795/61/690 855/59/727
f 858/58/726 857/57/725 864/62/729
f 858/58/726 864/62/729 865/63/730
f 856/60/728 855/59/727 862/64/731
f 856/60/728 862/64/731 863/65/732
f 861/54/722 860/56/724 867/66/733
f 861/54/722 867/66/733 868/67/734
f 859/55/723 858/58/726 865/63/730
f 859/55/723 865/63/730 866/68/735
f 857/57/725 856/60/728 863/65/732
f 857/57/725 863/65/732 864/62/729
f 855/59/727 794/69/690 862/64/731
f 810/70/736 861/54/722 868/67/734
f 860/56/724 859/55/723 866/68/735
f 860/56/724 866/68/735 867/66/733
f 868/67/734 867/66/733 874/71/737
f 868/67/734 874/71/737 875/72/738
f 866/68/735 865/63/730 872/73/739
f 866/68/735 872/73/739 873/74/740
f 864/62/729 863/65/732 870/75/741
f 864/62/729 870/75/741 871/76/742
f 862/64/731 793/77/690 869/78/743
f 809/79/692 868/67/734 875/72/738
f 867/66/733 866/68/735 873/74/740
f 867/66/733 873/74/740 874/71/737
f 865/63/730 864/62/729 871/76/742
f 865/63/730 871/76/742 872/73/739
f 863/65/732 862/64/731 869/78/743
f 863/65/732 869/78/743 870/75/741
f 871/76/742 870/75/741 878/80/744
f 871/76/742 878/80/744 880/81/745
f 869/78/743 792/82/690 876/83/746
f 808/84/692 875/72/738 888/85/747
f 874/71/737 873/74/740 884/86/748
f 874/71/737 884/86/748 886/87/749
f 872/73/739 871/76/742 880/81/745
f 872/73/739 880/81/745 882/88/750
f 870/75/741 869/78/743 876/83/746
f 870/75/741 876/83/746 878/80/744
f 875/72/738 874/71/737 886/87/749
f 875/72/738 886/87/749 888/85/747
f 873/74/740 872/73/739 882/88/750
f 873/74/740 882/88/750 884/86/748
f 819/89/751 889/90/747 896/91/752
f 887/92/753 885/93/748 894/94/754
f 887/92/753 894/94/754 895/95/755
f 883/96/756 881/97/757 892/98/758
f 883/96/756 892/98/758 893/99/759
f 879/100/744 877/101/746 890/102/760
f 879/100/744 890/102/760 891/103/761
f 889/90/747 887/92/753 896/91/752
f 887/92/753 895/95/755 896/91/752
f 885/93/748 883/96/756 893/99/759
f 885/93/748 893/99/759 894/94/754
f 881/97/757 879/100/744 891/103/761
f 881/97/757 891/103/761 892/98/758
f 877/101/746 803/104/690 890/102/760
f 891/103/761 890/102/760 897/105/762
f 891/103/761 897/105/762 898/106/763
f 896/91/752 895/95/755 902/107/764
f 896/91/752 902/107/764 903/108/765
f 894/94/754 893/99/759 900/109/766
f 894/94/754 900/109/766 901/110/767
f 892/98/758 891/103/761 898/106/763
f 892/98/758 898/106/763 899/111/768
f 890/102/760 802/112/690 897/105/762
f 818/113/769 896/91/752 903/108/765
f 895/95/755 894/94/754 901/110/767
f 895/95/755 901/110/767 902/107/764
f 893/99/759 892/98/758 899/111/768
f 893/99/759 899/111/768 900/109/766
f 903/108/765 902/107/764 807/2/675
f 903/108/765 807/2/675 906/1/674
f 901/110/767 900/109/766 805/6/679
f 901/110/767 805/6/679 806/5/678
f 899/111/768 898/106/763 804/10/683
f 899/111/768 804/10/683 905/9/682
f 897/105/762 801/114/770 904/13/686
f 817/115/689 903/108/765 906/1/674
f 902/107/764 901/110/767 806/5/678
f 902/107/764 806/5/678 807/2/675
f 900/109/766 899/111/768 905/9/682
f 900/109/766 905/9/682 805/6/679
f 898/106/763 897/105/762 904/13/686
f 898/106/763 904/13/686 804/10/683
f 907/116/771 908/119/772 909/118/773
f 907/116/771 909/118/773 910/117/774
f 911/120/775 912/123/776 913/122/777
f 911/120/775 913/122/777 914/121/778
f 915/124/779 916/125/780 912/123/776
f 915/124/779 912/123/776 911/120/775
f 917/6/781 918/126/782 916/125/780
f 917/6/781 916/125/780 915/124/779
f 919/127/783 920/129/784 944/128/785
f 953/130/786 954/131/787 918/126/782
f 953/130/786 918/126/782 917/6/781
f 955/132/788 956/133/789 920/129/784
f 955/132/788 920/129/784 919/127/783
f 957/134/790 958/135/791 954/131/787
f 957/134/790 954/131/787 953/130/786
f 959/136/792 960/137/793 956/133/789
f 959/136/792 956/133/789 955/132/788
f 961/138/794 962/139/795 958/135/791
f 961/138/794 958/135/791 957/134/790
f 963/140/796 964/141/797 960/137/793
f 963/140/796 960/137/793 959/136/792
f 910/117/774 909/118/773 962/139/795
f 910/117/774 962/139/795 961/138/794
f 914/121/778 913/122/777 964/141/797
f 914/121/778 964/141/797 963/140/796
f 964/141/797 965/143/798 966/142/799
f 964/141/797 966/142/799 960/137/793
f 909/118/773 967/145/800 968/144/801
f 909/118/773 968/144/801 962/139/795
f 913/122/777 969/146/802 965/143/798
f 913/122/777 965/143/798 964/141/797
f 908/119/772 970/147/803 967/145/800
f 908/119/772 967/145/800 909/118/773
f 912/123/776 971/148/804 969/146/802
f 912/123/776 969/146/802 913/122/777
f 916/125/780 972/149/805 971/148/804
f 916/125/780 971/148/804 912/123/776
f 918/126/782 973/150/806 972/149/805
f 918/126/782 972/149/805 916/125/780
f 920/129/784 974/152/807 943/151/808
f 954/131/787 975/153/809 973/150/806
f 954/131/787 973/150/806 918/126/782
f 956/133/789 976/154/810 974/152/807
f 956/133/789 974/152/807 920/129/784
f 958/135/791 977/155/811 975/153/809
f 958/135/791 975/153/809 954/131/787
f 960/137/793 966/142/799 976/154/810
f 960/137/793 976/154/810 956/133/789
f 962/139/795 968/144/801 977/155/811
f 962/139/795 977/155/811 958/135/791
f 973/150/806 978/157/812 979/156/813
f 973/150/806 979/156/813 972/149/805
f 974/152/807 980/159/814 942/158/785
f 975/153/809 981/160/815 978/157/812
f 975/153/809 978/157/812 973/150/806
f 976/154/810 982/161/816 980/159/814
f 976/154/810 980/159/814 974/152/807
f 977/155/811 983/162/817 981/160/815
f 977/155/811 981/160/815 975/153/809
f 966/142/799 984/163/818 982/161/816
f 966/142/799 982/161/816 976/154/810
f 968/144/801 985/164/819 983/162/817
f 968/144/801 983/162/817 977/155/811
f 965/143/798 986/165/820 984/163/818
f 965/143/798 984/163/818 966/142/799
f 967/145/800 987/166/821 985/164/819
f 967/145/800 985/164/819 968/144/801
f 969/146/802 988/167/822 986/165/820
f 969/146/802 986/165/820 965/143/798
f 970/147/803 989/168/823 987/166/821
f 970/147/803 987/166/821 967/145/800
f 971/148/804 990/169/824 988/167/822
f 971/148/804 988/167/822 969/146/802
f 972/149/805 979/156/813 990/169/824
f 972/149/805 990/169/824 971/148/804
f 987/166/821 991/171/825 992/170/826
f 987/166/821 992/170/826 985/164/819
f 988/167/822 993/173/827 994/172/828
f 988/167/822 994/172/828 986/165/820
f 989/168/823 995/174/829 991/171/825
f 989/168/823 991/171/825 987/166/821
f 990/169/824 997/175/830 993/173/827
f 990/169/824 993/173/827 988/167/822
f 979/156/813 998/176/831 997/175/830
f 979/156/813 997/175/830 990/169/824
f 978/157/812 999/177/832 998/176/831
f 978/157/812 998/176/831 979/156/813
f 980/159/814 1000/179/833 941/178/785
f 981/160/815 1001/180/834 999/177/832
f 981/160/815 999/177/832 978/157/812
f 982/161/816 1002/181/835 1000/179/833
f 982/161/816 1000/179/833 980/159/814
f 983/162/817 1003/182/836 1001/180/834
f 983/162/817 1001/180/834 981/160/815
f 984/163/818 1004/183/837 1002/181/835
f 984/163/818 1002/181/835 982/161/816
f 985/164/819 992/170/826 1003/182/836
f 985/164/819 1003/182/836 983/162/817
f 986/165/820 994/172/828 1004/183/837
f 986/165/820 1004/183/837 984/163/818
f 1002/181/835 1005/185/838 1006/184/839
f 1002/181/835 1006/184/839 1000/179/833
f 1004/183/837 1007/186/840 1005/185/838
f 1004/183/837 1005/185/838 1002/181/835
f 994/172/828 1008/187/841 1007/186/840
f 994/172/828 1007/186/840 1004/183/837
f 993/173/827 1009/188/842 1008/187/841
f 993/173/827 1008/187/841 994/172/828
f 1000/179/833 1006/184/839 940/189/785
f 1006/184/839 1010/191/843 939/190/785
f 1005/185/838 1011/192/844 1010/191/843
f 1005/185/838 1010/191/843 1006/184/839
f 1007/186/840 1012/193/845 1011/192/844
f 1007/186/840 1011/192/844 1005/185/838
f 1008/187/841 1013/194/846 1012/193/845
f 1008/187/841 1012/193/845 1007/186/840
f 1009/188/842 1014/195/847 1013/194/846
f 1009/188/842 1013/194/846 1008/187/841
f 1011/192/844 1015/197/848 1016/196/849
f 1011/192/844 1016/196/849 1010/191/843
f 1012/193/845 1017/198/850 1015/197/848
f 1012/193/845 1015/197/848 1011/192/844
f 1013/194/846 1018/199/851 1017/198/850
f 1013/194/846 1017/198/850 1012/193/845
f 1014/195/847 1019/200/852 1018/199/851
f 1014/195/847 1018/199/851 1013/194/846
f 1010/191/843 1016/196/849 938/201/785
f 1016/196/849 1020/203/853 937/202/785
f 1015/197/848 1021/30/854 1020/203/853
f 1015/197/848 1020/203/853 1016/196/849
f 1017/198/850 1022/204/855 1021/30/854
f 1017/198/850 1021/30/854 1015/197/848
f 1018/199/851 1023/205/856 1022/204/855
f 1018/199/851 1022/204/855 1017/198/850
f 1019/200/852 1024/206/857 1023/205/856
f 1019/200/852 1023/205/856 1018/199/851
f 1022/204/855 1025/208/858 1026/207/859
f 1022/204/855 1026/207/859 1021/30/854
f 1023/205/856 1027/209/860 1025/208/858
f 1023/205/856 1025/208/858 1022/204/855
f 1024/206/857 1028/210/861 1027/209/860
f 1024/206/857 1027/209/860 1023/205/856
f 1020/203/853 1029/212/862 936/211/785
f 1021/30/854 1026/207/859 1029/212/862
f 1021/30/854 1029/212/862 1020/203/853
f 1029/212/862 1030/214/863 935/213/785
f 1026/207/859 1031/215/864 1030/214/863
f 1026/207/859 1030/214/863 1029/212/862
f 1025/208/858 1032/216/865 1031/215/864
f 1025/208/858 1031/215/864 1026/207/859
f 1027/209/860 1033/217/866 1032/216/865
f 1027/209/860 1032/216/865 1025/208/858
f 1028/210/861 1034/218/867 1033/217/866
f 1028/210/861 1033/217/866 1027/209/860
f 1032/216/865 1035/220/868 1036/219/869
f 1032/216/865 1036/219/869 1031/215/864
f 1033/217/866 1037/221/870 1035/220/868
f 1033/217/866 1035/220/868 1032/216/865
f 1034/218/867 1038/222/871 1037/221/870
f 1034/218/867 1037/221/870 1033/217/866
f 1030/214/863 1039/224/872 934/223/785
f 1031/215/864 1036/219/869 1039/224/872
f 1031/215/864 1039/224/872 1030/214/863
f 1040/225/873 1041/225/874 1043/226/875
f 1040/225/873 1043/226/875 1045/226/876
f 1039/224/872 1046/228/877 933/227/785
f 1036/219/869 1047/229/878 1046/228/877
f 1036/219/869 1046/228/877 1039/224/872
f 1035/220/868 1048/230/879 1047/229/878
f 1035/220/868 1047/229/878 1036/219/869
f 1037/221/870 1049/231/880 1048/230/879
f 1037/221/870 1048/230/879 1035/220/868
f 1038/222/871 1050/232/881 1049/231/880
f 1038/222/871 1049/231/880 1037/221/870
f 1051/233/882 1052/236/883 1053/235/884
f 1051/233/882 1053/235/884 1054/234/885
f 1049/231/880 1055/238/886 1056/237/887
f 1049/231/880 1056/237/887 1048/230/879
f 1057/239/888 1058/240/889 1052/236/883
f 1057/239/888 1052/236/883 1051/233/882
f 1050/232/881 1059/241/890 1055/238/886
f 1050/232/881 1055/238/886 1049/231/880
f 1060/242/891 1061/243/892 1058/240/889
f 1060/242/891 1058/240/889 1057/239/888
f 1063/244/893 1064/245/894 1059/241/890
f 1063/244/893 1059/241/890 1050/232/881
f 1065/246/895 1066/247/896 1064/245/894
f 1065/246/895 1064/245/894 1063/244/893
f 1067/248/897 1068/249/898 1066/247/896
f 1067/248/897 1066/247/896 1065/246/895
f 1046/228/877 1069/251/899 932/250/785
f 1070/252/900 1071/253/901 1068/249/898
f 1070/252/900 1068/249/898 1067/248/897
f 1047/229/878 1072/254/902 1069/251/899
f 1047/229/878 1069/251/899 1046/228/877
f 1054/234/885 1053/235/884 1071/253/901
f 1054/234/885 1071/253/901 1070/252/900
f 1048/230/879 1056/237/887 1072/254/902
f 1048/230/879 1072/254/902 1047/229/878
f 1068/249/898 1073/256/903 1074/255/904
f 1068/249/898 1074/255/904 1066/247/896
f 1069/251/899 1075/258/905 931/257/785
f 1071/253/901 1076/259/906 1073/256/903
f 1071/253/901 1073/256/903 1068/249/898
f 1072/254/902 1077/260/907 1075/258/905
f 1072/254/902 1075/258/905 1069/251/899
f 1053/235/884 1078/261/908 1076/259/906
f 1053/235/884 1076/259/906 1071/253/901
f 1056/237/887 1079/262/909 1077/260/907
f 1056/237/887 1077/260/907 1072/254/902
f 1052/236/883 1080/263/910 1078/261/908
f 1052/236/883 1078/261/908 1053/235/884
f 1055/238/886 1081/264/911 1079/262/909
f 1055/238/886 1079/262/909 1056/237/887
f 1058/240/889 1082/265/912 1080/263/910
f 1058/240/889 1080/263/910 1052/236/883
f 1059/241/890 1083/266/913 1081/264/911
f 1059/241/890 1081/264/911 1055/238/886
f 1061/243/892 1084/267/914 1082/265/912
f 1061/243/892 1082/265/912 1058/240/889
f 1064/245/894 1085/268/915 1083/266/913
f 1064/245/894 1083/266/913 1059/241/890
f 1066/247/896 1074/255/904 1085/268/915
f 1066/247/896 1085/268/915 1064/245/894
f 1082/265/912 1086/270/916 1087/269/917
f 1082/265/912 1087/269/917 1080/263/910
f 1083/266/913 1088/272/918 1089/271/919
f 1083/266/913 1089/271/919 1081/264/911
f 1084/267/914 1090/273/920 1086/270/916
f 1084/267/914 1086/270/916 1082/265/912
f 1085/268/915 1091/274/921 1088/272/918
f 1085/268/915 1088/272/918 1083/266/913
f 1074/255/904 1092/275/922 1091/274/921
f 1074/255/904 1091/274/921 1085/268/915
f 1073/256/903 1093/276/923 1092/275/922
f 1073/256/903 1092/275/922 1074/255/904
f 1075/258/905 1094/278/924 930/277/785
f 1076/259/906 1095/279/925 1093/276/923
f 1076/259/906 1093/276/923 1073/256/903
f 1077/260/907 1096/280/926 1094/278/924
f 1077/260/907 1094/278/924 1075/258/905
f 1078/261/908 1097/281/927 1095/279/925
f 1078/261/908 1095/279/925 1076/259/906
f 1079/262/909 1098/282/928 1096/280/926
f 1079/262/909 1096/280/926 1077/260/907
f 1080/263/910 1087/269/917 1097/281/927
f 1080/263/910 1097/281/927 1078/261/908
f 1081/264/911 1089/271/919 1098/282/928
f 1081/264/911 1098/282/928 1079/262/909
f 1094/278/924 1099/284/929 929/283/785
f 1095/279/925 1100/286/930 1101/285/931
f 1095/279/925 1101/285/931 1093/276/923
f 1096/280/926 1102/59/932 1099/284/929
f 1096/280/926 1099/284/929 1094/278/924
f 1097/281/927 1103/55/933 1100/286/930
f 1097/281/927 1100/286/930 1095/279/925
f 1098/282/928 1104/287/934 1102/59/932
f 1098/282/928 1102/59/932 1096/280/926
f 1087/269/917 1105/288/935 1103/55/933
f 1087/269/917 1103/55/933 1097/281/927
f 1089/271/919 1106/289/936 1104/287/934
f 1089/271/919 1104/287/934 1098/282/928
f 1086/270/916 1107/56/937 1105/288/935
f 1086/270/916 1105/288/935 1087/269/917
f 1088/272/918 1108/290/938 1106/289/936
f 1088/272/918 1106/289/936 1089/271/919
f 1090/273/920 1109/291/939 1107/56/937
f 1090/273/920 1107/56/937 1086/270/916
f 1091/274/921 1110/57/940 1108/290/938
f 1091/274/921 1108/290/938 1088/272/918
f 1092/275/922 1111/292/941 1110/57/940
f 1092/275/922 1110/57/940 1091/274/921
f 1093/276/923 1101/285/931 1111/292/941
f 1093/276/923 1111/292/941 1092/275/922
f 1108/290/938 1112/294/942 1113/293/943
f 1108/290/938 1113/293/943 1106/289/936
f 1109/291/939 1114/296/944 1115/295/945
f 1109/291/939 1115/295/945 1107/56/937
f 1110/57/940 1116/297/946 1112/294/942
f 1110/57/940 1112/294/942 1108/290/938
f 1111/292/941 1117/298/947 1116/297/946
f 1111/292/941 1116/297/946 1110/57/940
f 1101/285/931 1118/299/948 1117/298/947
f 1101/285/931 1117/298/947 1111/292/941
f 1099/284/929 1119/301/949 928/300/785
f 1100/286/930 1120/302/950 1118/299/948
f 1100/286/930 1118/299/948 1101/285/931
f 1102/59/932 1121/303/951 1119/301/949
f 1102/59/932 1119/301/949 1099/284/929
f 1103/55/933 1122/304/952 1120/302/950
f 1103/55/933 1120/302/950 1100/286/930
f 1104/287/934 1123/305/953 1121/303/951
f 1104/287/934 1121/303/951 1102/59/932
f 1105/288/935 1124/306/954 1122/304/952
f 1105/288/935 1122/304/952 1103/55/933
f 1106/289/936 1113/293/943 1123/305/953
f 1106/289/936 1123/305/953 1104/287/934
f 1107/56/937 1115/295/945 1124/306/954
f 1107/56/937 1124/306/954 1105/288/935
f 1120/302/950 1125/308/955 1126/307/956
f 1120/302/950 1126/307/956 1118/299/948
f 1121/303/951 1127/310/957 1128/309/958
f 1121/303/951 1128/309/958 1119/301/949
f 1122/304/952 1130/311/959 1125/308/955
f 1122/304/952 1125/308/955 1120/302/950
f 1123/305/953 1131/312/960 1127/310/957
f 1123/305/953 1127/310/957 1121/303/951
f 1124/306/954 1132/313/961 1130/311/959
f 1124/306/954 1130/311/959 1122/304/952
f 1113/293/943 1133/314/962 1131/312/960
f 1113/293/943 1131/312/960 1123/305/953
f 1115/295/945 1134/315/963 1132/313/961
f 1115/295/945 1132/313/961 1124/306/954
f 1112/294/942 1135/316/964 1133/314/962
f 1112/294/942 1133/314/962 1113/293/943
f 1114/296/944 1136/317/965 1134/315/963
f 1114/296/944 1134/315/963 1115/295/945
f 1116/297/946 1137/318/966 1135/316/964
f 1116/297/946 1135/316/964 1112/294/942
f 1117/298/947 1138/319/967 1137/318/966
f 1117/298/947 1137/318/966 1116/297/946
f 1118/299/948 1126/307/956 1138/319/967
f 1118/299/948 1138/319/967 1117/298/947
f 1119/301/949 1128/309/958 927/320/785
f 1136/317/965 1139/322/968 1140/321/969
f 1136/317/965 1140/321/969 1134/315/963
f 1137/318/966 1141/324/970 1142/323/971
f 1137/318/966 1142/323/971 1135/316/964
f 1138/319/967 1143/325/972 1141/324/970
f 1138/319/967 1141/324/970 1137/318/966
f 1126/307/956 1144/326/973 1143/325/972
f 1126/307/956 1143/325/972 1138/319/967
f 1128/309/958 1146/328/974 926/327/785
f 1125/308/955 1147/329/975 1144/326/973
f 1125/308/955 1144/326/973 1126/307/956
f 1130/311/959 1149/330/976 1147/329/975
f 1130/311/959 1147/329/975 1125/308/955
f 1131/312/960 1150/332/977 1151/331/978
f 1131/312/960 1151/331/978 1127/310/957
f 1132/313/961 1152/333/979 1149/330/976
f 1132/313/961 1149/330/976 1130/311/959
f 1133/314/962 1153/334/980 1150/332/977
f 1133/314/962 1150/332/977 1131/312/960
f 1134/315/963 1140/321/969 1152/333/979
f 1134/315/963 1152/333/979 1132/313/961
f 1135/316/964 1142/323/971 1153/334/980
f 1135/316/964 1153/334/980 1133/314/962
f 1149/330/976 1155/336/981 1156/335/982
f 1149/330/976 1156/335/982 1147/329/975
f 1150/332/977 1157/338/983 1158/337/984
f 1150/332/977 1158/337/984 1151/331/978
f 1153/334/980 1159/339/985 1157/338/983
f 1153/334/980 1157/338/983 1150/332/977
f 1140/321/969 1160/341/986 1161/340/987
f 1140/321/969 1161/340/987 1152/333/979
f 1142/323/971 1162/342/988 1159/339/985
f 1142/323/971 1159/339/985 1153/334/980
f 1139/322/968 1163/343/989 1160/341/986
f 1139/322/968 1160/341/986 1140/321/969
f 1141/324/970 1164/344/990 1162/342/988
f 1141/324/970 1162/342/988 1142/323/971
f 1143/325/972 1165/345/991 1164/344/990
f 1143/325/972 1164/344/990 1141/324/970
f 1144/326/973 1166/346/992 1165/345/991
f 1144/326/973 1165/345/991 1143/325/972
f 1146/328/974 1167/348/993 925/347/785
f 1147/329/975 1156/335/982 1166/346/992
f 1147/329/975 1166/346/992 1144/326/973
f 1164/344/990 1169/350/994 1170/349/995
f 1164/344/990 1170/349/995 1162/342/988
f 1165/345/991 1171/351/996 1169/350/994
f 1165/345/991 1169/350/994 1164/344/990
f 1166/346/992 1172/352/997 1171/351/996
f 1166/346/992 1171/351/996 1165/345/991
f 1167/348/993 1173/354/998 924/353/785
f 1156/335/982 1175/355/999 1172/352/997
f 1156/335/982 1172/352/997 1166/346/992
f 1155/336/981 1176/356/1000 1175/355/999
f 1155/336/981 1175/355/999 1156/335/982
f 1157/338/983 1178/358/1001 1179/357/1002
f 1157/338/983 1179/357/1002 1158/337/984
f 1159/339/985 1180/359/1003 1178/358/1001
f 1159/339/985 1178/358/1001 1157/338/983
f 1160/341/986 1181/361/1004 1182/360/1005
f 1160/341/986 1182/360/1005 1161/340/987
f 1162/342/988 1170/349/995 1180/359/1003
f 1162/342/988 1180/359/1003 1159/339/985
f 1163/343/989 1183/362/1006 1181/361/1004
f 1163/343/989 1181/361/1004 1160/341/986
f 1176/356/1000 1185/364/1007 1186/363/1008
f 1176/356/1000 1186/363/1008 1175/355/999
f 1178/358/1001 1187/366/1009 1188/365/1010
f 1178/358/1001 1188/365/1010 1179/357/1002
f 1180/359/1003 1189/367/1011 1187/366/1009
f 1180/359/1003 1187/366/1009 1178/358/1001
f 1181/361/1004 1190/369/1012 1191/368/1013
f 1181/361/1004 1191/368/1013 1182/360/1005
f 1170/349/995 1192/370/1014 1189/367/1011
f 1170/349/995 1189/367/1011 1180/359/1003
f 1183/362/1006 1194/371/1015 1190/369/1012
f 1183/362/1006 1190/369/1012 1181/361/1004
f 1169/350/994 1044/372/875 1192/370/1014
f 1169/350/994 1192/370/1014 1170/349/995
f 1171/351/996 1045/226/876 1044/372/875
f 1171/351/996 1044/372/875 1169/350/994
f 1172/352/997 1195/373/1016 1045/226/876
f 1172/352/997 1045/226/876 1171/351/996
f 1173/354/998 1196/375/1017 923/374/785
f 1175/355/999 1186/363/1008 1195/373/1016
f 1175/355/999 1195/373/1016 1172/352/997
f 1195/373/1016 1198/376/1018 1040/225/873
f 1195/373/1016 1040/225/873 1045/226/876
f 1196/375/1017 1200/378/1019 922/377/785
f 1186/363/1008 1201/379/1020 1198/376/1018
f 1186/363/1008 1198/376/1018 1195/373/1016
f 1185/364/1007 1203/380/1021 1201/379/1020
f 1185/364/1007 1201/379/1020 1186/363/1008
f 1187/366/1009 1204/382/1022 1205/381/1023
f 1187/366/1009 1205/381/1023 1188/365/1010
f 1189/367/1011 1207/383/1024 1204/382/1022
f 1189/367/1011 1204/382/1022 1187/366/1009
f 1190/369/1012 1208/385/1025 1209/384/1026
f 1190/369/1012 1209/384/1026 1191/368/1013
f 1192/370/1014 1210/386/1027 1207/383/1024
f 1192/370/1014 1207/383/1024 1189/367/1011
f 1194/371/1015 1212/387/1028 1208/385/1025
f 1194/371/1015 1208/385/1025 1190/369/1012
f 1207/383/1024 1213/389/1029 1217/388/1030
f 1207/383/1024 1217/388/1030 1204/382/1022
f 1208/385/1025 1219/391/1031 1221/390/1032
f 1208/385/1025 1221/390/1032 1209/384/1026
f 1212/387/1028 1223/392/1033 1219/391/1031
f 1212/387/1028 1219/391/1031 1208/385/1025
f 1042/393/874 1225/395/1034 1227/394/1035
f 1042/393/874 1227/394/1035 1210/386/1027
f 1040/225/873 1229/396/1036 1225/395/1034
f 1040/225/873 1225/395/1034 1042/393/874
f 1198/376/1018 1231/88/1037 1229/396/1036
f 1198/376/1018 1229/396/1036 1040/225/873
f 1200/378/1019 1233/398/1038 921/397/785
f 1201/379/1020 1235/399/1039 1231/88/1037
f 1201/379/1020 1231/88/1037 1198/376/1018
f 1205/381/1023 1237/400/1040 1233/398/1038
f 1205/381/1023 1233/398/1038 1200/378/1019
f 1203/380/1021 1239/401/1041 1235/399/1039
f 1203/380/1021 1235/399/1039 1201/379/1020
f 1204/382/1022 1217/388/1030 1237/400/1040
f 1204/382/1022 1237/400/1040 1205/381/1023
f 1232/96/1037 1243/404/1042 1244/403/1043
f 1232/96/1037 1244/403/1043 1230/402/1036
f 1234/405/1038 1245/407/1044 952/406/785
f 1236/408/1045 1246/409/1046 1243/404/1042
f 1236/408/1045 1243/404/1042 1232/96/1037
f 1238/410/1040 1247/411/1047 1245/407/1044
f 1238/410/1040 1245/407/1044 1234/405/1038
f 1241/412/1041 1249/413/1048 1246/409/1046
f 1241/412/1041 1246/409/1046 1236/408/1045
f 1218/414/1030 1250/415/1049 1247/411/1047
f 1218/414/1030 1247/411/1047 1238/410/1040
f 1215/416/1029 1252/417/1050 1250/415/1049
f 1215/416/1029 1250/415/1049 1218/414/1030
f 1220/418/1031 1253/421/1051 1254/420/1052
f 1220/418/1031 1254/420/1052 1222/419/1032
f 1224/422/1033 1255/423/1053 1253/421/1051
f 1224/422/1033 1253/421/1051 1220/418/1031
f 1226/424/1034 1256/427/1054 1257/426/1055
f 1226/424/1034 1257/426/1055 1228/425/1035
f 1230/402/1036 1244/403/1043 1256/427/1054
f 1230/402/1036 1256/427/1054 1226/424/1034
f 1252/417/1050 1259/429/1056 1260/428/1057
f 1252/417/1050 1260/428/1057 1250/415/1049
f 1253/421/1051 1261/431/1058 1262/430/1059
f 1253/421/1051 1262/430/1059 1254/420/1052
f 1255/423/1053 1263/432/1060 1261/431/1058
f 1255/423/1053 1261/431/1058 1253/421/1051
f 1256/427/1054 1264/434/1061 1265/433/1062
f 1256/427/1054 1265/433/1062 1257/426/1055
f 1244/403/1043 1266/435/1063 1264/434/1061
f 1244/403/1043 1264/434/1061 1256/427/1054
f 1243/404/1042 1267/436/1064 1266/435/1063
f 1243/404/1042 1266/435/1063 1244/403/1043
f 1245/407/1044 1268/438/1065 951/437/785
f 1246/409/1046 1269/439/1066 1267/436/1064
f 1246/409/1046 1267/436/1064 1243/404/1042
f 1247/411/1047 1270/440/1067 1268/438/1065
f 1247/411/1047 1268/438/1065 1245/407/1044
f 1249/413/1048 1272/441/1068 1269/439/1066
f 1249/413/1048 1269/439/1066 1246/409/1046
f 1250/415/1049 1260/428/1057 1270/440/1067
f 1250/415/1049 1270/440/1067 1247/411/1047
f 1267/436/1064 1273/443/1069 1274/442/1070
f 1267/436/1064 1274/442/1070 1266/435/1063
f 1268/438/1065 1275/445/1071 950/444/785
f 1269/439/1066 1276/446/1072 1273/443/1069
f 1269/439/1066 1273/443/1069 1267/436/1064
f 1270/440/1067 1277/447/1073 1275/445/1071
f 1270/440/1067 1275/445/1071 1268/438/1065
f 1272/441/1068 1278/448/1074 1276/446/1072
f 1272/441/1068 1276/446/1072 1269/439/1066
f 1260/428/1057 1279/449/1075 1277/447/1073
f 1260/428/1057 1277/447/1073 1270/440/1067
f 1262/430/1059 1280/450/1076 1278/448/1074
f 1262/430/1059 1278/448/1074 1272/441/1068
f 1259/429/1056 1281/451/1077 1279/449/1075
f 1259/429/1056 1279/449/1075 1260/428/1057
f 1261/431/1058 1283/452/1078 1280/450/1076
f 1261/431/1058 1280/450/1076 1262/430/1059
f 1263/432/1060 1284/453/1079 1283/452/1078
f 1263/432/1060 1283/452/1078 1261/431/1058
f 1264/434/1061 1285/455/1080 1286/454/1081
f 1264/434/1061 1286/454/1081 1265/433/1062
f 1266/435/1063 1274/442/1070 1285/455/1080
f 1266/435/1063 1285/455/1080 1264/434/1061
f 1283/452/1078 1287/457/1082 1288/456/1083
f 1283/452/1078 1288/456/1083 1280/450/1076
f 1284/453/1079 1289/458/1084 1287/457/1082
f 1284/453/1079 1287/457/1082 1283/452/1078
f 1285/455/1080 1290/460/1085 1291/459/1086
f 1285/455/1080 1291/459/1086 1286/454/1081
f 1274/442/1070 1292/461/1087 1290/460/1085
f 1274/442/1070 1290/460/1085 1285/455/1080
f 1273/443/1069 1293/462/1088 1292/461/1087
f 1273/443/1069 1292/461/1087 1274/442/1070
f 1275/445/1071 1294/464/1089 949/463/785
f 1276/446/1072 1295/465/1090 1293/462/1088
f 1276/446/1072 1293/462/1088 1273/443/1069
f 1277/447/1073 1296/466/1091 1294/464/1089
f 1277/447/1073 1294/464/1089 1275/445/1071
f 1278/448/1074 1297/467/1092 1295/465/1090
f 1278/448/1074 1295/465/1090 1276/446/1072
f 1279/449/1075 1298/468/1093 1296/466/1091
f 1279/449/1075 1296/466/1091 1277/447/1073
f 1280/450/1076 1288/456/1083 1297/467/1092
f 1280/450/1076 1297/467/1092 1278/448/1074
f 1281/451/1077 1300/469/1094 1298/468/1093
f 1281/451/1077 1298/468/1093 1279/449/1075
f 1294/464/1089 1301/471/1095 948/470/785
f 1295/465/1090 1303/473/1096 1304/472/1097
f 1295/465/1090 1304/472/1097 1293/462/1088
f 1296/466/1091 1305/474/1098 1301/471/1095
f 1296/466/1091 1301/471/1095 1294/464/1089
f 1297/467/1092 1306/475/1099 1303/473/1096
f 1297/467/1092 1303/473/1096 1295/465/1090
f 1298/468/1093 1307/476/1100 1305/474/1098
f 1298/468/1093 1305/474/1098 1296/466/1091
f 1288/456/1083 1308/477/1101 1306/475/1099
f 1288/456/1083 1306/475/1099 1297/467/1092
f 1300/469/1094 1309/478/1102 1307/476/1100
f 1300/469/1094 1307/476/1100 1298/468/1093
f 1287/457/1082 1310/479/1103 1308/477/1101
f 1287/457/1082 1308/477/1101 1288/456/1083
f 1291/459/1086 1311/480/1104 1309/478/1102
f 1291/459/1086 1309/478/1102 1300/469/1094
f 1289/458/1084 1312/481/1105 1310/479/1103
f 1289/458/1084 1310/479/1103 1287/457/1082
f 1290/460/1085 1313/482/1106 1311/480/1104
f 1290/460/1085 1311/480/1104 1291/459/1086
f 1292/461/1087 1314/483/1107 1313/482/1106
f 1292/461/1087 1313/482/1106 1290/460/1085
f 1293/462/1088 1304/472/1097 1314/483/1107
f 1293/462/1088 1314/483/1107 1292/461/1087
f 1311/480/1104 1315/485/1108 1316/484/1109
f 1311/480/1104 1316/484/1109 1309/478/1102
f 1312/481/1105 1317/487/1110 1318/486/1111
f 1312/481/1105 1318/486/1111 1310/479/1103
f 1313/482/1106 1319/488/1112 1315/485/1108
f 1313/482/1106 1315/485/1108 1311/480/1104
f 1314/483/1107 1320/489/1113 1319/488/1112
f 1314/483/1107 1319/488/1112 1313/482/1106
f 1304/472/1097 1321/490/1114 1320/489/1113
f 1304/472/1097 1320/489/1113 1314/483/1107
f 1301/471/1095 1323/492/1115 947/491/785
f 1303/473/1096 1325/493/1116 1321/490/1114
f 1303/473/1096 1321/490/1114 1304/472/1097
f 1306/475/1099 1326/494/1117 1325/493/1116
f 1306/475/1099 1325/493/1116 1303/473/1096
f 1307/476/1100 1328/496/1118 1330/495/1119
f 1307/476/1100 1330/495/1119 1305/474/1098
f 1308/477/1101 1331/497/1120 1326/494/1117
f 1308/477/1101 1326/494/1117 1306/475/1099
f 1309/478/1102 1316/484/1109 1328/496/1118
f 1309/478/1102 1328/496/1118 1307/476/1100
f 1310/479/1103 1318/486/1111 1331/497/1120
f 1310/479/1103 1331/497/1120 1308/477/1101
f 1325/493/1116 1332/499/1121 1333/498/1122
f 1325/493/1116 1333/498/1122 1321/490/1114
f 1326/494/1117 1334/500/1123 1332/499/1121
f 1326/494/1117 1332/499/1121 1325/493/1116
f 1331/497/1120 1335/501/1124 1334/500/1123
f 1331/497/1120 1334/500/1123 1326/494/1117
f 1316/484/1109 1336/503/1125 1327/502/1118
f 1318/486/1111 1337/504/1126 1335/501/1124
f 1318/486/1111 1335/501/1124 1331/497/1120
f 1315/485/1108 1338/505/1127 1336/503/1125
f 1315/485/1108 1336/503/1125 1316/484/1109
f 1317/487/1110 1339/506/1128 1337/504/1126
f 1317/487/1110 1337/504/1126 1318/486/1111
f 1319/488/1112 1340/507/1129 1338/505/1127
f 1319/488/1112 1338/505/1127 1315/485/1108
f 1320/489/1113 1341/508/1130 1340/507/1129
f 1320/489/1113 1340/507/1129 1319/488/1112
f 1321/490/1114 1333/498/1122 1341/508/1130
f 1321/490/1114 1341/508/1130 1320/489/1113
f 1323/492/1115 1343/510/1131 946/509/808
f 1339/506/1128 907/116/771 910/117/774
f 1339/506/1128 910/117/774 1337/504/1126
f 1340/507/1129 911/120/775 914/121/778
f 1340/507/1129 914/121/778 1338/505/1127
f 1341/508/1130 915/124/779 911/120/775
f 1341/508/1130 911/120/775 1340/507/1129
f 1333/498/1122 917/6/781 915/124/779
f 1333/498/1122 915/124/779 1341/508/1130
f 1343/510/1131 919/127/783 945/511/785
f 1332/499/1121 953/130/786 917/6/781
f 1332/499/1121 917/6/781 1333/498/1122
f 1345/512/1132 955/132/788 919/127/783
f 1345/512/1132 919/127/783 1343/510/1131
f 1334/500/1123 957/134/790 953/130/786
f 1334/500/1123 953/130/786 1332/499/1121
f 1327/502/1118 959/136/792 955/132/788
f 1327/502/1118 955/132/788 1345/512/1132
f 1335/501/1124 961/138/794 957/134/790
f 1335/501/1124 957/134/790 1334/500/1123
f 1336/503/1125 963/140/796 959/136/792
f 1336/503/1125 959/136/792 1327/502/1118
f 1337/504/1126 910/117/774 961/138/794
f 1337/504/1126 961/138/794 1335/501/1124
f 1338/505/1127 914/121/778 963/140/796
f 1338/505/1127 963/140/796 1336/503/1125
f 1041/225/874 1211/225/1027 1193/226/1133
f 1041/225/874 1193/226/1133 1043/226/875
f 1227/394/1035 1214/394/1134 1206/386/1024
f 1227/394/1035 1206/386/1024 1210/386/1027
f 1257/426/1055 1251/426/1135 1216/425/1134
f 1257/426/1055 1216/425/1134 1228/425/1035
f 1265/433/1062 1258/433/1136 1251/426/1135
f 1265/433/1062 1251/426/1135 1257/426/1055
f 1286/454/1081 1282/454/1077 1258/433/1136
f 1286/454/1081 1258/433/1136 1265/433/1062
f 1291/459/1086 1299/459/1137 1282/454/1077
f 1291/459/1086 1282/454/1077 1286/454/1081
f 1328/496/1118 1344/502/1132 1329/496/1119
f 1344/502/1132 1342/502/1131 1322/496/1115
f 1344/502/1132 1322/496/1115 1329/496/1119
f 1330/495/1119 1324/495/1138 1302/474/1095
f 1330/495/1119 1302/474/1095 1305/474/1098
f 1205/381/1023 1199/381/1019 1197/365/1017
f 1205/381/1023 1197/365/1017 1188/365/1010
f 1188/365/1010 1197/365/1017 1174/357/998
f 1188/365/1010 1174/357/998 1179/357/1002
f 1179/357/1002 1174/357/998 1168/337/993
f 1179/357/1002 1168/337/993 1158/337/984
f 1158/337/984 1168/337/993 1145/331/974
f 1158/337/984 1145/331/974 1151/331/978
f 1151/331/978 1145/331/974 1129/310/958
f 1151/331/978 1129/310/958 1127/310/957
f 1161/340/987 1154/340/981 1148/333/976
f 1161/340/987 1148/333/976 1152/333/979
f 1182/360/1005 1177/360/1000 1154/340/981
f 1182/360/1005 1154/340/981 1161/340/987
f 1191/368/1013 1184/368/1007 1177/360/1000
f 1191/368/1013 1177/360/1000 1182/360/1005
f 1209/384/1026 1202/384/1139 1184/368/1007
f 1209/384/1026 1184/368/1007 1191/368/1013
f 1221/390/1032 1240/390/1041 1202/384/1139
f 1221/390/1032 1202/384/1139 1209/384/1026
f 1254/420/1052 1248/420/1048 1242/419/1041
f 1254/420/1052 1242/419/1041 1222/419/1032
f 1262/430/1059 1271/430/1068 1248/420/1048
f 1262/430/1059 1248/420/1048 1254/420/1052
f 1057/239/888 1051/233/882 1060/242/891
f 993/173/827 996/173/830 1346/188/1140
f 993/173/827 1346/188/1140 1009/188/842
f 1009/188/842 1346/188/1140 1347/195/1141
f 1009/188/842 1347/195/1141 1014/195/847
f 1014/195/847 1347/195/1141 1348/200/1142
f 1014/195/847 1348/200/1142 1019/200/852
f 1019/200/852 1348/200/1142 1349/206/1143
f 1019/200/852 1349/206/1143 1024/206/857
f 1024/206/857 1349/206/1143 1350/210/1144
f 1024/206/857 1350/210/1144 1028/210/861
f 1028/210/861 1350/210/1144 1351/218/1145
f 1028/210/861 1351/218/1145 1034/218/867
f 1034/218/867 1351/218/1145 1352/222/1146
f 1034/218/867 1352/222/1146 1038/222/871
f 1038/222/871 1352/222/1146 1062/232/893
f 1038/222/871 1062/232/893 1050/232/881
f 205/171/152 204/170/151 992/170/826
f 205/171/152 992/170/826 991/171/825
f 358/343/316 369/362/333 1183/362/1006
f 358/343/316 1183/362/1006 1163/343/989
f 556/206/474 557/210/475 1350/210/1144
f 556/206/474 1350/210/1144 1349/206/1143
f 416/422/381 429/423/382 1255/423/1053
f 416/422/381 1255/423/1053 1224/422/1033
f 206/174/155 205/171/152 991/171/825
f 206/174/155 991/171/825 995/174/829
f 179/147/130 192/168/149 989/168/823
f 179/147/130 989/168/823 970/147/803
f 557/210/475 558/218/476 1351/218/1145
f 557/210/475 1351/218/1145 1350/210/1144
f 509/506/458 516/116/98 907/116/771
f 509/506/458 907/116/771 1339/506/1128
f 294/273/247 307/291/266 1109/291/939
f 294/273/247 1109/291/939 1090/273/920
f 249/246/221 250/248/223 1067/248/897
f 249/246/221 1067/248/897 1065/246/895
f 558/218/476 559/222/477 1352/222/1146
f 558/218/476 1352/222/1146 1351/218/1145
f 559/222/477 560/232/219 1062/232/893
f 559/222/477 1062/232/893 1352/222/1146
f 250/248/223 251/252/226 1070/252/900
f 250/248/223 1070/252/900 1067/248/897
f 394/387/355 415/392/360 1223/392/1033
f 394/387/355 1223/392/1033 1212/387/1028
f 251/252/226 252/234/209 1054/234/885
f 251/252/226 1054/234/885 1070/252/900
f 255/242/217 268/243/218 1061/243/892
f 255/242/217 1061/243/892 1060/242/891
f 429/423/382 444/432/389 1263/432/1060
f 429/423/382 1263/432/1060 1255/423/1053
f 516/116/98 166/119/101 908/119/772
f 516/116/98 908/119/772 907/116/771
f 444/432/389 456/453/408 1284/453/1079
f 444/432/389 1284/453/1079 1263/432/1060
f 252/234/209 253/233/208 1051/233/882
f 252/234/209 1051/233/882 1054/234/885
f 307/291/266 320/296/272 1114/296/944
f 307/291/266 1114/296/944 1109/291/939
f 192/168/149 206/174/155 995/174/829
f 192/168/149 995/174/829 989/168/823
f 561/244/219 249/246/221 1065/246/895
f 561/244/219 1065/246/895 1063/244/893
f 268/243/218 281/267/241 1084/267/914
f 268/243/218 1084/267/914 1061/243/892
f 456/453/408 468/458/413 1289/458/1084
f 456/453/408 1289/458/1084 1284/453/1079
f 468/458/413 480/481/434 1312/481/1105
f 468/458/413 1312/481/1105 1289/458/1084
f 200/176/157 199/175/156 997/175/830
f 200/176/157 997/175/830 998/176/831
f 253/233/208 255/242/217 1060/242/891
f 253/233/208 1060/242/891 1051/233/882
f 382/371/342 394/387/355 1212/387/1028
f 382/371/342 1212/387/1028 1194/371/1015
f 201/177/158 200/176/157 998/176/831
f 201/177/158 998/176/831 999/177/832
f 480/481/434 495/487/440 1317/487/1110
f 480/481/434 1317/487/1110 1312/481/1105
f 495/487/440 509/506/458 1339/506/1128
f 495/487/440 1339/506/1128 1317/487/1110
f 202/180/160 201/177/158 999/177/832
f 202/180/160 999/177/832 1001/180/834
f 554/195/472 555/200/473 1348/200/1142
f 554/195/472 1348/200/1142 1347/195/1141
f 166/119/101 179/147/130 970/147/803
f 166/119/101 970/147/803 908/119/772
f 334/317/292 347/322/296 1139/322/968
f 334/317/292 1139/322/968 1136/317/965
f 198/173/471 553/188/470 1346/188/1140
f 198/173/471 1346/188/1140 996/173/830
f 203/182/162 202/180/160 1001/180/834
f 203/182/162 1001/180/834 1003/182/836
f 281/267/241 294/273/247 1090/273/920
f 281/267/241 1090/273/920 1084/267/914
f 369/362/333 382/371/342 1194/371/1015
f 369/362/333 1194/371/1015 1183/362/1006
f 347/322/296 358/343/316 1163/343/989
f 347/322/296 1163/343/989 1139/322/968
f 553/188/470 554/195/472 1347/195/1141
f 553/188/470 1347/195/1141 1346/188/1140
f 320/296/272 334/317/292 1136/317/965
f 320/296/272 1136/317/965 1114/296/944
f 204/170/151 203/182/162 1003/182/836
f 204/170/151 1003/182/836 992/170/826
f 555/200/473 556/206/474 1349/206/1143
f 555/200/473 1349/206/1143 1348/200/1142
