# Blender 4.3.2
# www.blender.org
o hair.112
v 6.578352 1.044071 -0.022288
v 6.578411 1.033726 -0.027693
v 6.577040 1.033753 -0.024628
v 6.575728 1.023434 -0.026968
v 6.577889 1.023565 -0.029052
v 6.579873 1.023312 -0.031665
v 6.580173 1.033699 -0.030407
v 6.578145 1.014885 -0.029068
v 6.576582 1.014902 -0.026182
v 6.582720 1.033670 -0.032419
v 6.582973 1.045335 -0.030481
v 6.580060 1.014921 -0.031736
v 6.582683 1.015061 -0.033970
v 6.582583 1.023186 -0.033776
v 6.578762 1.007813 -0.028403
v 6.577381 1.007488 -0.025484
v 6.580488 1.008167 -0.031112
v 6.585659 1.044927 -0.032434
v 6.585659 1.033655 -0.033250
v 6.585659 1.023154 -0.034706
v 6.585659 1.015157 -0.034979
v 6.582901 1.008579 -0.033401
v 6.585659 1.008800 -0.034440
v 6.579327 1.002471 -0.027720
v 6.578065 1.002311 -0.024963
v 6.583124 1.003025 -0.032465
v 6.580907 1.002690 -0.030285
v 6.588597 1.033670 -0.032419
v 6.588344 1.045335 -0.030481
v 6.588634 1.015061 -0.033970
v 6.588734 1.023186 -0.033776
v 6.581424 1.000015 -0.029541
v 6.580455 0.998994 -0.027440
v 6.579975 0.998942 -0.025016
v 6.591144 1.033699 -0.030407
v 6.591444 1.023312 -0.031665
v 6.591257 1.014921 -0.031736
v 6.590829 1.008167 -0.031112
v 6.588416 1.008579 -0.033401
v 6.583146 0.999102 -0.030786
v 6.582762 0.997515 -0.027985
v 6.582497 0.997269 -0.025123
v 6.592906 1.033726 -0.027693
v 6.593428 1.023565 -0.029052
v 6.593173 1.014885 -0.029068
v 6.588193 1.003025 -0.032465
v 6.585659 1.003221 -0.033459
v 6.585659 0.999139 -0.031609
v 6.585659 0.997274 -0.028463
v 6.585659 0.996845 -0.025256
v 6.592965 1.044071 -0.022288
v 6.594277 1.033753 -0.024628
v 6.595589 1.023434 -0.026968
v 6.592779 1.035255 -0.027408
v 6.588171 0.999102 -0.030786
v 6.588555 0.997515 -0.027985
v 6.588820 0.997269 -0.025123
v 6.594735 1.014902 -0.026182
v 6.589893 1.000015 -0.029541
v 6.590862 0.998994 -0.027440
v 6.591342 0.998942 -0.025016
v 6.593936 1.007488 -0.025484
v 6.590410 1.002690 -0.030285
v 6.591990 1.002471 -0.027720
v 6.593252 1.002311 -0.024963
v 6.592555 1.007813 -0.028403
v 6.566051 1.042926 -0.008508
v 6.562813 1.033792 -0.012947
v 6.563498 1.033783 -0.009562
v 6.560945 1.024640 -0.010616
v 6.561232 1.024769 -0.013956
v 6.561276 1.024507 -0.017347
v 6.562660 1.033749 -0.016282
v 6.560696 1.016881 -0.014829
v 6.561251 1.017017 -0.011513
v 6.563572 1.033603 -0.019517
v 6.565133 1.043805 -0.018063
v 6.562264 1.024226 -0.020760
v 6.561461 1.016502 -0.021580
v 6.560609 1.016718 -0.018174
v 6.560861 1.010230 -0.015397
v 6.561640 1.010150 -0.012254
v 6.560555 1.010248 -0.018569
v 6.566115 1.043229 -0.021242
v 6.565374 1.033495 -0.022291
v 6.564122 1.023996 -0.023683
v 6.561194 1.010143 -0.021799
v 6.563232 1.016223 -0.024436
v 6.562785 1.009857 -0.024438
v 6.561385 1.004915 -0.015493
v 6.562197 1.004792 -0.012682
v 6.561494 1.004863 -0.021238
v 6.561006 1.004963 -0.018334
v 6.567892 1.033569 -0.024243
v 6.569129 1.044087 -0.022472
v 6.566776 1.023885 -0.025601
v 6.565903 1.015871 -0.026133
v 6.563444 1.000952 -0.014028
v 6.562270 1.001226 -0.015978
v 6.561764 1.002232 -0.018037
v 6.570832 1.033695 -0.025254
v 6.569819 1.023854 -0.026547
v 6.565335 1.009334 -0.025839
v 6.568987 1.015510 -0.026786
v 6.568325 1.008704 -0.026162
v 6.563522 0.999453 -0.017715
v 6.564976 0.998967 -0.015671
v 6.562294 1.001140 -0.019882
v 6.573903 1.033743 -0.025206
v 6.572846 1.023860 -0.026551
v 6.571995 1.015201 -0.026512
v 6.565131 1.004080 -0.024718
v 6.562865 1.004579 -0.023575
v 6.566936 0.998182 -0.017728
v 6.563617 1.000777 -0.021985
v 6.565187 0.998840 -0.019808
v 6.565666 1.000412 -0.023111
v 6.567820 1.003479 -0.024864
v 6.567572 1.000971 -0.023608
v 6.567312 0.998633 -0.021361
v 6.569096 0.998073 -0.019650
v 6.574965 1.014919 -0.025774
v 6.570457 1.002891 -0.024213
v 6.571237 1.008100 -0.025572
v 6.569276 0.999695 -0.022716
v 6.571064 0.999276 -0.021383
v 6.574110 1.007510 -0.024524
v 6.573069 1.002311 -0.023162
v 6.566051 1.042294 -0.008508
v 6.562146 1.034355 -0.007686
v 6.563511 1.034301 -0.009819
v 6.564362 1.034480 -0.012137
v 6.561361 1.028300 -0.010890
v 6.560142 1.028511 -0.008892
v 6.562310 1.028613 -0.012861
v 6.557958 1.026832 -0.009201
v 6.559221 1.030447 -0.007096
v 6.559284 1.026314 -0.011832
v 6.560676 1.026795 -0.014142
v 6.563082 1.030540 -0.014477
v 6.557332 1.029439 -0.006551
v 6.562314 1.029413 -0.015974
v 6.555135 1.030272 -0.006381
v 6.558042 1.035228 -0.004186
v 6.561055 1.030036 -0.017658
v 6.564378 1.035307 -0.017175
v 6.559418 1.042609 -0.001963
v 6.556767 1.042945 -0.000370
v 6.555559 1.035930 -0.002726
v 6.555691 1.027544 -0.009621
v 6.558934 1.027366 -0.015575
v 6.563799 1.035838 -0.019803
v 6.566115 1.043229 -0.021242
v 6.566655 1.042839 -0.018059
v 6.557074 1.026863 -0.012898
v 6.553436 1.028871 -0.011161
v 6.556558 1.028664 -0.016753
v 6.554523 1.028461 -0.014336
v 6.553235 1.031151 -0.007999
v 6.553854 1.036556 -0.005621
v 6.552414 1.033052 -0.009752
v 6.551981 1.031842 -0.012475
v 6.552739 1.031812 -0.015435
v 6.558899 1.030865 -0.018543
v 6.560902 1.036451 -0.019837
v 6.552114 1.037483 -0.012216
v 6.552567 1.037101 -0.008717
v 6.554832 1.031685 -0.017563
v 6.552829 1.037618 -0.015486
v 6.555042 1.037424 -0.017894
v 6.557153 1.032852 -0.018602
v 6.556257 1.048944 -0.002861
v 6.554969 1.043137 -0.003937
v 6.558128 1.048258 0.000344
v 6.553598 1.043688 -0.007332
v 6.553945 1.044298 -0.014876
v 6.557988 1.037001 -0.019368
v 6.562570 1.043305 -0.020269
v 6.563907 1.049308 -0.019473
v 6.567160 1.048625 -0.019573
v 6.559489 1.053572 0.001057
v 6.554432 1.050027 -0.010244
v 6.553157 1.044106 -0.011201
v 6.554865 1.049558 -0.006309
v 6.559379 1.043808 -0.019526
v 6.568205 1.054022 -0.017905
v 6.557662 1.054345 -0.002063
v 6.559131 1.059708 -0.001213
v 6.560850 1.058886 0.001771
v 6.556313 1.055029 -0.005419
v 6.560694 1.049874 -0.018778
v 6.557565 1.050207 -0.016897
v 6.556262 1.044169 -0.017690
v 6.566339 1.060328 -0.016428
v 6.569250 1.059418 -0.016236
v 6.565101 1.054852 -0.018007
v 6.562310 1.063529 0.002489
v 6.555238 1.050270 -0.013996
v 6.562022 1.055508 -0.017484
v 6.556723 1.055812 -0.012900
v 6.558994 1.055815 -0.015713
v 6.570359 1.064181 -0.014350
v 6.560722 1.064551 -0.000296
v 6.562496 1.068395 0.000706
v 6.563968 1.066829 0.003215
v 6.555914 1.055534 -0.009250
v 6.563447 1.061019 -0.016002
v 6.560588 1.061270 -0.014337
v 6.567712 1.065266 -0.014585
v 6.569305 1.069195 -0.012321
v 6.571598 1.067678 -0.012030
v 6.559612 1.065436 -0.003307
v 6.565725 1.069460 0.003946
v 6.557883 1.060421 -0.004433
v 6.557579 1.060917 -0.008125
v 6.565066 1.066100 -0.014216
v 6.572900 1.070541 -0.009493
v 6.564479 1.071558 0.001896
v 6.566695 1.074362 0.003376
v 6.567482 1.072090 0.004677
v 6.559459 1.066044 -0.006772
v 6.560363 1.066376 -0.010084
v 6.558415 1.061198 -0.011642
v 6.573033 1.075505 -0.006826
v 6.574203 1.073405 -0.006955
v 6.571090 1.072485 -0.009711
v 6.563751 1.073434 -0.000352
v 6.569581 1.075205 0.005703
v 6.561532 1.069775 -0.001998
v 6.561584 1.070784 -0.005094
v 6.562424 1.066432 -0.012641
v 6.575681 1.076547 -0.004008
v 6.569182 1.074149 -0.009364
v 6.566978 1.070446 -0.012011
v 6.569520 1.076312 0.005108
v 6.573325 1.076911 0.007053
v 6.573266 1.076073 0.007432
v 6.564579 1.071161 -0.010499
v 6.575211 1.077555 -0.003455
v 6.577697 1.077934 0.000612
v 6.578003 1.077176 0.000074
v 6.569577 1.078223 0.004136
v 6.566375 1.076412 0.001784
v 6.577277 1.076342 0.009344
v 6.573050 1.076801 0.007881
v 6.562613 1.071291 -0.008091
v 6.574371 1.079218 -0.002668
v 6.580475 1.077088 0.004354
v 6.578226 1.077867 -0.000368
v 6.566987 1.078016 -0.000390
v 6.564059 1.074866 -0.002998
v 6.566138 1.073884 0.005356
v 6.569152 1.076100 0.006260
v 6.565228 1.075567 -0.005642
v 6.574170 1.075348 -0.008450
v 6.575885 1.077437 -0.004697
v 6.568536 1.077702 0.007226
v 6.568271 1.078828 -0.002719
v 6.569964 1.078501 -0.004775
v 6.567082 1.075252 -0.007885
v 6.576403 1.079048 -0.005561
v 6.563738 1.070940 0.004825
v 6.561684 1.068058 0.004324
v 6.571617 1.080545 0.000494
v 6.571681 1.077305 -0.006248
v 6.561985 1.072173 0.006168
v 6.564942 1.075390 0.006504
v 6.570366 1.079745 0.002449
v 6.564041 1.076322 0.008590
v 6.568037 1.078717 0.009051
v 6.572445 1.078929 0.010043
v 6.572751 1.078089 0.008664
v 6.559871 1.064581 0.003824
v 6.558199 1.059852 0.003293
v 6.573063 1.080292 -0.001282
v 6.567875 1.079033 0.011333
v 6.577016 1.077601 0.010316
v 6.576993 1.076780 0.009658
v 6.557743 1.065449 0.005612
v 6.559681 1.069073 0.005893
v 6.576215 1.080006 0.002480
v 6.581468 1.076682 0.011291
v 6.581326 1.076901 0.011449
v 6.577217 1.076869 0.008947
v 6.558244 1.069662 0.008379
v 6.560696 1.072913 0.008440
v 6.556672 1.054501 0.002738
v 6.555294 1.049156 0.002163
v 6.577153 1.079194 0.001371
v 6.577593 1.077811 0.008608
v 6.573532 1.078385 0.006428
v 6.560273 1.073129 0.011168
v 6.563746 1.076603 0.011163
v 6.554204 1.055299 0.004857
v 6.555881 1.060662 0.005261
v 6.579863 1.078322 0.005379
v 6.574193 1.079564 0.005237
v 6.564370 1.076157 0.013772
v 6.554229 1.061159 0.008121
v 6.556237 1.065949 0.008306
v 6.552741 1.038141 0.002993
v 6.554005 1.043732 0.002079
v 6.554922 1.037179 0.001230
v 6.555765 1.066103 0.011367
v 6.557788 1.069830 0.011277
v 6.551676 1.044535 0.004346
v 6.553471 1.032770 0.004105
v 6.552823 1.049947 0.004414
v 6.575142 1.080190 0.003811
v 6.558730 1.069586 0.014082
v 6.561116 1.072791 0.013882
v 6.551563 1.033863 0.004827
v 6.550529 1.032375 0.007504
v 6.552906 1.030971 0.007031
v 6.551075 1.050522 0.007528
v 6.578574 1.078954 0.006983
v 6.579122 1.078873 0.005985
v 6.562793 1.071968 0.016089
v 6.550255 1.035711 0.005916
v 6.552958 1.030919 0.010297
v 6.554945 1.030118 0.007273
v 6.550705 1.038996 0.005065
v 6.549973 1.045146 0.007409
v 6.548957 1.039634 0.007755
v 6.582390 1.077947 0.009612
v 6.582761 1.077672 0.009309
v 6.548863 1.035029 0.007981
v 6.555187 1.030130 0.010046
v 6.555248 1.031868 0.004811
v 6.556635 1.036521 0.003116
v 6.549324 1.045483 0.010737
v 6.585659 1.077021 0.013239
v 6.582890 1.077287 0.008928
v 6.548162 1.035325 0.010563
v 6.555429 1.030758 0.012674
v 6.558564 1.042627 0.001804
v 6.556698 1.032699 0.005809
v 6.583067 1.077055 0.008796
v 6.580122 1.077553 0.004617
v 6.548221 1.039989 0.010633
v 6.556886 1.031304 0.007577
v 6.557197 1.031447 0.009786
v 6.583137 1.077275 0.008546
v 6.580616 1.077529 0.003853
v 6.549219 1.039997 0.013268
v 6.557217 1.031826 0.012000
v 6.583385 1.077658 0.008482
v 6.581110 1.078294 0.003725
v 6.550178 1.032476 0.010460
v 6.549263 1.035465 0.012908
v 6.551050 1.032967 0.013135
v 6.557194 1.033569 0.013698
v 6.555976 1.032988 0.014833
v 6.583695 1.077951 0.008149
v 6.581731 1.078881 0.003058
v 6.578713 1.079102 -0.000865
v 6.579809 1.079974 -0.001566
v 6.550846 1.036461 0.014608
v 6.557131 1.037807 0.016198
v 6.554330 1.034006 0.015712
v 6.584188 1.078038 0.008049
v 6.582719 1.079055 0.002859
v 6.581286 1.080320 -0.002190
v 6.579793 1.080682 -0.007550
v 6.577816 1.080203 -0.006642
v 6.553475 1.031674 0.013280
v 6.558589 1.043919 0.017167
v 6.556779 1.044617 0.019376
v 6.555563 1.038805 0.018085
v 6.584678 1.077944 0.007864
v 6.582918 1.079977 -0.002457
v 6.576146 1.078353 -0.011729
v 6.552360 1.034898 0.015352
v 6.585152 1.077639 0.007968
v 6.583696 1.078867 0.002489
v 6.574647 1.077071 -0.010017
v 6.553324 1.039318 0.016933
v 6.551178 1.039745 0.015441
v 6.585442 1.077233 0.007869
v 6.584645 1.078257 0.002697
v 6.573266 1.073924 -0.014029
v 6.572819 1.072327 -0.011750
v 6.551980 1.045210 0.016279
v 6.550154 1.045465 0.013798
v 6.578339 1.078932 -0.013018
v 6.577045 1.075747 -0.018005
v 6.574768 1.075144 -0.016351
v 6.571570 1.069101 -0.014718
v 6.554319 1.044834 0.017867
v 6.555724 1.050052 0.018141
v 6.558535 1.049554 0.019198
v 6.551302 1.050769 0.014079
v 6.550439 1.050817 0.010939
v 6.580898 1.078549 -0.013319
v 6.573652 1.071297 -0.020035
v 6.560290 1.054492 0.019019
v 6.551810 1.056077 0.011158
v 6.552436 1.055835 0.007852
v 6.572077 1.070361 -0.017390
v 6.570436 1.065259 -0.017304
v 6.569429 1.060390 -0.019462
v 6.553213 1.050480 0.016597
v 6.571047 1.066196 -0.020217
v 6.554806 1.055654 0.016636
v 6.552770 1.055995 0.014208
v 6.557406 1.055121 0.018075
v 6.553679 1.061346 0.011314
v 6.568499 1.054965 -0.021354
v 6.567594 1.049457 -0.023145
v 6.554667 1.061226 0.014281
v 6.559235 1.060191 0.017988
v 6.562045 1.059430 0.018841
v 6.556738 1.065933 0.014253
v 6.570140 1.061240 -0.022622
v 6.569322 1.055807 -0.024720
v 6.556687 1.060831 0.016635
v 6.558678 1.065451 0.016550
v 6.563781 1.063747 0.018624
v 6.560599 1.068958 0.016337
v 6.572724 1.066852 -0.023046
v 6.571913 1.061848 -0.025653
v 6.567144 1.043335 -0.024989
v 6.567578 1.036074 -0.027040
v 6.567126 1.035471 -0.023711
v 6.562924 1.067978 0.017586
v 6.576034 1.071802 -0.021919
v 6.575216 1.067248 -0.025092
v 6.568558 1.050208 -0.026622
v 6.568168 1.043969 -0.028441
v 6.569183 1.029282 -0.026849
v 6.561108 1.064673 0.017839
v 6.579818 1.075493 -0.018277
v 6.578963 1.071769 -0.022313
v 6.571203 1.056443 -0.027919
v 6.570582 1.050798 -0.029908
v 6.570847 1.027568 -0.031899
v 6.571471 1.026380 -0.029222
v 6.568833 1.030031 -0.029332
v 6.565478 1.066822 0.018331
v 6.582435 1.074521 -0.017596
v 6.574502 1.062232 -0.027854
v 6.573898 1.056848 -0.030253
v 6.574423 1.025708 -0.031170
v 6.572644 1.025766 -0.027407
v 6.569182 1.032067 -0.031274
v 6.568472 1.036616 -0.030290
v 6.567156 1.069276 0.018000
v 6.564874 1.070726 0.017295
v 6.577660 1.062414 -0.028524
v 6.578267 1.067402 -0.025652
v 6.575299 1.025195 -0.028847
v 6.570251 1.037039 -0.033382
v 6.570522 1.030674 -0.033823
v 6.570211 1.044476 -0.031702
v 6.567144 1.073539 0.017033
v 6.568834 1.071730 0.017669
v 6.565606 1.075098 0.015900
v 6.581274 1.067190 -0.025094
v 6.578114 1.025606 -0.030073
v 6.572794 1.030683 -0.035860
v 6.573473 1.027184 -0.033945
v 6.573027 1.044804 -0.034113
v 6.570731 1.074685 0.017269
v 6.569044 1.077377 0.015589
v 6.568274 1.078538 0.013672
v 6.576568 1.027380 -0.034674
v 6.577735 1.026185 -0.032276
v 6.580780 1.029179 -0.032684
v 6.580694 1.028524 -0.030708
v 6.572733 1.037263 -0.035602
v 6.569996 1.075693 0.016605
v 6.573690 1.076462 0.015816
v 6.574178 1.075645 0.016370
v 6.572609 1.078790 0.013504
v 6.572331 1.079203 0.011747
v 6.582645 1.035471 -0.030376
v 6.583829 1.036105 -0.032694
v 6.575741 1.037210 -0.036236
v 6.576705 1.078348 0.012262
v 6.576622 1.078182 0.011158
v 6.585659 1.044927 -0.032434
v 6.584283 1.044432 -0.029559
v 6.578418 1.027698 -0.028059
v 6.575581 1.030589 -0.036313
v 6.573116 1.077831 0.014974
v 6.581337 1.077311 0.011777
v 6.576181 1.027456 -0.026760
v 6.579364 1.034512 -0.026227
v 6.577951 1.032076 -0.035698
v 6.579446 1.029918 -0.034638
v 6.577257 1.077446 0.014308
v 6.576730 1.078100 0.013358
v 6.577150 1.034306 -0.024692
v 6.578352 1.043439 -0.022288
v 6.581420 1.036562 -0.034385
v 6.577432 1.076559 0.014964
v 6.581458 1.077234 0.013773
v 6.581438 1.076945 0.011093
v 6.574702 1.034336 -0.023747
v 6.577895 1.076050 0.015390
v 6.581545 1.076790 0.014101
v 6.581777 1.076536 0.014315
v 6.581194 1.077561 0.013298
v 6.581626 1.077416 0.010923
v 6.573882 1.027745 -0.025800
v 6.574426 1.076340 0.016977
v 6.577979 1.076457 0.015898
v 6.581819 1.076739 0.014568
v 6.581182 1.077685 0.012750
v 6.581754 1.077807 0.010497
v 6.577849 1.078592 0.007756
v 6.570603 1.028600 -0.025633
v 6.578408 1.077227 0.016429
v 6.582033 1.077124 0.014834
v 6.581140 1.077602 0.012199
v 6.582116 1.077988 0.010111
v 6.569631 1.034978 -0.023404
v 6.582174 1.077368 0.015286
v 6.578690 1.077714 0.017334
v 6.569194 1.043128 -0.020947
v 6.582541 1.077436 0.015713
v 6.579423 1.077852 0.018187
v 6.575407 1.078247 0.019077
v 6.582882 1.077347 0.016218
v 6.580105 1.077673 0.019197
v 6.576379 1.078460 0.020537
v 6.577591 1.078189 0.021981
v 6.574736 1.077542 0.017818
v 6.583338 1.077079 0.016550
v 6.581017 1.077137 0.019860
v 6.572948 1.078056 0.023106
v 6.574554 1.077730 0.025015
v 6.576208 1.076792 0.026518
v 6.578791 1.077413 0.023194
v 6.570973 1.077031 0.019354
v 6.570852 1.075554 0.018129
v 6.583609 1.076660 0.016917
v 6.581559 1.076298 0.020595
v 6.579728 1.076113 0.023963
v 6.570969 1.075103 0.027919
v 6.571713 1.077844 0.021116
v 6.567977 1.073383 0.019252
v 6.584070 1.076262 0.017008
v 6.582480 1.075503 0.020778
v 6.580973 1.074826 0.024525
v 6.577580 1.075171 0.027288
v 6.579080 1.073465 0.027757
v 6.567916 1.075348 0.023430
v 6.584769 1.075999 0.017085
v 6.583879 1.074976 0.020932
v 6.583096 1.074085 0.024661
v 6.575145 1.072676 0.029815
v 6.573142 1.074218 0.029339
v 6.577064 1.070806 0.029817
v 6.582380 1.072991 0.027737
v 6.569077 1.075442 0.025851
v 6.567534 1.074701 0.021088
v 6.565681 1.071764 0.028197
v 6.567768 1.071428 0.030279
v 6.570376 1.070690 0.031499
v 6.575512 1.067875 0.031241
v 6.585659 1.072315 0.027588
v 6.565674 1.070525 0.020213
v 6.564681 1.071477 0.022636
v 6.564668 1.071836 0.025475
v 6.565887 1.067826 0.031677
v 6.572952 1.069417 0.031638
v 6.571530 1.066179 0.032868
v 6.574382 1.064945 0.032313
v 6.585659 1.073851 0.024507
v 6.585659 1.074861 0.020699
v 6.563811 1.067677 0.020883
v 6.562620 1.068386 0.026689
v 6.573437 1.061787 0.033068
v 6.588221 1.074085 0.024661
v 6.587438 1.074976 0.020932
v 6.585659 1.075941 0.016969
v 6.563675 1.068173 0.029561
v 6.568694 1.067208 0.032849
v 6.588937 1.072991 0.027737
v 6.588837 1.075503 0.020778
v 6.586548 1.075999 0.017085
v 6.560594 1.060162 0.021771
v 6.562185 1.064377 0.021366
v 6.562439 1.064551 0.030464
v 6.567586 1.063650 0.033746
v 6.570498 1.062794 0.033713
v 6.592237 1.073465 0.027757
v 6.561152 1.064800 0.024267
v 6.562679 1.068282 0.023614
v 6.569472 1.059094 0.034003
v 6.572439 1.058175 0.033343
v 6.590344 1.074826 0.024525
v 6.557508 1.050750 0.022407
v 6.559036 1.055473 0.022113
v 6.571414 1.054335 0.033510
v 6.591589 1.076113 0.023963
v 6.589758 1.076298 0.020595
v 6.587247 1.076262 0.017008
v 6.558371 1.056295 0.025291
v 6.556562 1.046336 0.022984
v 6.559721 1.060712 0.024859
v 6.561242 1.064804 0.027530
v 6.590300 1.077137 0.019860
v 6.587708 1.076660 0.016917
v 6.556254 1.047493 0.026215
v 6.556753 1.042570 0.024173
v 6.557675 1.041602 0.021262
v 6.564192 1.040741 0.014763
v 6.560005 1.060895 0.028115
v 6.587979 1.077079 0.016550
v 6.557081 1.051828 0.025684
v 6.559962 1.038981 0.022490
v 6.561357 1.060785 0.030869
v 6.558885 1.056803 0.028440
v 6.560403 1.056937 0.031098
v 6.557855 1.052673 0.028796
v 6.588435 1.077347 0.016218
v 6.591212 1.077673 0.019197
v 6.563686 1.060454 0.032885
v 6.564727 1.064201 0.032564
v 6.588776 1.077436 0.015713
v 6.591894 1.077852 0.018187
v 6.593726 1.078189 0.021981
v 6.592526 1.077413 0.023194
v 6.589143 1.077368 0.015286
v 6.592627 1.077714 0.017334
v 6.595910 1.078247 0.019077
v 6.594938 1.078460 0.020537
v 6.595109 1.076792 0.026518
v 6.596763 1.077730 0.025015
v 6.598370 1.078056 0.023106
v 6.593737 1.075171 0.027288
v 6.566543 1.059894 0.034048
v 6.589284 1.077124 0.014834
v 6.600348 1.075103 0.027919
v 6.596172 1.072676 0.029815
v 6.598176 1.074218 0.029339
v 6.594254 1.070806 0.029817
v 6.562755 1.056639 0.033066
v 6.565567 1.056030 0.034166
v 6.568469 1.055231 0.034121
v 6.595805 1.067875 0.031241
v 6.598365 1.069417 0.031638
v 6.600941 1.070690 0.031499
v 6.561921 1.052808 0.033180
v 6.564662 1.052149 0.034169
v 6.567502 1.051356 0.034170
v 6.559559 1.053070 0.031301
v 6.570390 1.050496 0.033689
v 6.599787 1.066179 0.032868
v 6.596935 1.064945 0.032313
v 6.558795 1.049021 0.031619
v 6.561105 1.048794 0.033215
v 6.563758 1.048140 0.034169
v 6.566493 1.047395 0.034160
v 6.569268 1.046605 0.033681
v 6.557088 1.048488 0.029260
v 6.597880 1.061787 0.033068
v 6.560227 1.044432 0.033232
v 6.558085 1.044628 0.031821
v 6.556755 1.044232 0.029710
v 6.562784 1.043896 0.033985
v 6.565361 1.043274 0.033940
v 6.567949 1.042610 0.033491
v 6.556292 1.043470 0.027068
v 6.600819 1.062794 0.033713
v 6.601845 1.059094 0.034003
v 6.598878 1.058175 0.033343
v 6.558307 1.040746 0.031775
v 6.562253 1.041336 0.033667
v 6.563968 1.039982 0.033512
v 6.566467 1.039244 0.032068
v 6.557654 1.039842 0.025895
v 6.556923 1.041173 0.027677
v 6.603731 1.063650 0.033746
v 6.602623 1.067208 0.032849
v 6.599903 1.054335 0.033510
v 6.562171 1.038508 0.032188
v 6.560258 1.040682 0.033199
v 6.564858 1.037446 0.029278
v 6.558841 1.038536 0.028014
v 6.561372 1.037460 0.024591
v 6.557219 1.040662 0.029725
v 6.605430 1.067826 0.031677
v 6.603549 1.071428 0.030279
v 6.563402 1.036922 0.026392
v 6.560338 1.038232 0.030194
v 6.564564 1.037042 0.020110
v 6.605636 1.071764 0.028197
v 6.602241 1.075442 0.025851
v 6.566725 1.036655 0.020270
v 6.562319 1.040022 0.017558
v 6.564265 1.038129 0.017742
v 6.571606 1.036865 0.010150
v 6.603401 1.075348 0.023430
v 6.599604 1.077844 0.021116
v 6.606649 1.071836 0.025475
v 6.606636 1.071477 0.022636
v 6.603783 1.074701 0.021088
v 6.600344 1.077031 0.019354
v 6.596581 1.077542 0.017818
v 6.592909 1.077227 0.016429
v 6.608697 1.068386 0.026689
v 6.603340 1.073383 0.019252
v 6.600465 1.075554 0.018129
v 6.596891 1.076340 0.016977
v 6.607642 1.068173 0.029561
v 6.593338 1.076457 0.015898
v 6.600586 1.074685 0.017269
v 6.605643 1.070525 0.020213
v 6.604161 1.069276 0.018000
v 6.602483 1.071730 0.017669
v 6.597139 1.075645 0.016370
v 6.593422 1.076050 0.015390
v 6.608878 1.064551 0.030464
v 6.589499 1.076739 0.014568
v 6.607506 1.067677 0.020883
v 6.605839 1.066822 0.018331
v 6.608638 1.068282 0.023614
v 6.597627 1.076462 0.015816
v 6.593885 1.076559 0.014964
v 6.589540 1.076536 0.014315
v 6.610075 1.064804 0.027530
v 6.610166 1.064800 0.024267
v 6.607536 1.063747 0.018624
v 6.609132 1.064377 0.021366
v 6.604173 1.073539 0.017033
v 6.601321 1.075693 0.016605
v 6.594060 1.077446 0.014308
v 6.589772 1.076790 0.014101
v 6.611312 1.060895 0.028115
v 6.610723 1.060162 0.021771
v 6.609272 1.059430 0.018841
v 6.602273 1.077377 0.015589
v 6.589859 1.077234 0.013773
v 6.609961 1.060785 0.030869
v 6.607631 1.060454 0.032885
v 6.606590 1.064201 0.032564
v 6.611027 1.054492 0.019019
v 6.598201 1.077831 0.014974
v 6.606443 1.070726 0.017295
v 6.608393 1.067978 0.017586
v 6.610914 1.056937 0.031098
v 6.613810 1.050750 0.022407
v 6.612782 1.049554 0.019198
v 6.612281 1.055473 0.022113
v 6.608524 1.071968 0.016089
v 6.605711 1.075098 0.015900
v 6.604774 1.059894 0.034048
v 6.614755 1.046336 0.022982
v 6.614538 1.044617 0.019376
v 6.612947 1.056295 0.025291
v 6.611596 1.060712 0.024859
v 6.606947 1.076157 0.013772
v 6.610209 1.064673 0.017839
v 6.612082 1.060191 0.017988
v 6.615063 1.047493 0.025959
v 6.614564 1.042570 0.024128
v 6.613642 1.041602 0.021262
v 6.607125 1.040741 0.014763
v 6.612728 1.043919 0.017167
v 6.612639 1.065451 0.016550
v 6.610718 1.068958 0.016337
v 6.614236 1.051828 0.025503
v 6.611355 1.038981 0.022490
v 6.612432 1.056803 0.028440
v 6.613462 1.052673 0.028555
v 6.612587 1.069586 0.014082
v 6.610201 1.072791 0.013882
v 6.613911 1.055121 0.018075
v 6.615593 1.050052 0.018141
v 6.611044 1.073129 0.011168
v 6.607571 1.076603 0.011163
v 6.603442 1.079033 0.011333
v 6.603043 1.078538 0.013672
v 6.616511 1.055654 0.016636
v 6.614630 1.060831 0.016635
v 6.607276 1.076322 0.008590
v 6.598708 1.078791 0.013504
v 6.616650 1.061226 0.014281
v 6.618547 1.055995 0.014208
v 6.620015 1.050769 0.014079
v 6.618104 1.050480 0.016597
v 6.614579 1.065933 0.014253
v 6.615552 1.066103 0.011367
v 6.617639 1.061346 0.011314
v 6.619507 1.056077 0.011158
v 6.619337 1.045210 0.016279
v 6.616998 1.044834 0.017867
v 6.613529 1.069830 0.011277
v 6.594587 1.078100 0.013358
v 6.617088 1.061159 0.008121
v 6.617993 1.039318 0.016933
v 6.615754 1.038805 0.018085
v 6.613073 1.069662 0.008379
v 6.610621 1.072913 0.008440
v 6.598986 1.079203 0.011747
v 6.594612 1.078348 0.012262
v 6.590123 1.077561 0.013298
v 6.616987 1.034006 0.015712
v 6.609333 1.072173 0.006168
v 6.603281 1.078717 0.009051
v 6.606375 1.075390 0.006504
v 6.602781 1.077702 0.007226
v 6.598872 1.078929 0.010043
v 6.594695 1.078182 0.011158
v 6.590135 1.077685 0.012750
v 6.620267 1.032967 0.013135
v 6.618957 1.034898 0.015352
v 6.617842 1.031674 0.013280
v 6.605179 1.073884 0.005356
v 6.598566 1.078089 0.008664
v 6.594301 1.077601 0.010316
v 6.590177 1.077602 0.012199
v 6.589980 1.077311 0.011777
v 6.620471 1.036461 0.014608
v 6.618360 1.030919 0.010297
v 6.615888 1.030758 0.012674
v 6.620139 1.039745 0.015441
v 6.598268 1.076801 0.007881
v 6.594325 1.076780 0.009658
v 6.589992 1.076901 0.011449
v 6.622098 1.039997 0.013268
v 6.622055 1.035465 0.012908
v 6.616130 1.030130 0.010046
v 6.615341 1.032988 0.014833
v 6.614186 1.037807 0.016198
v 6.602165 1.076100 0.006260
v 6.594040 1.076342 0.009344
v 6.589849 1.076682 0.011291
v 6.623155 1.035325 0.010563
v 6.621139 1.032476 0.010460
v 6.616372 1.030118 0.007273
v 6.614123 1.033569 0.013698
v 6.601736 1.075205 0.005703
v 6.620788 1.032375 0.007504
v 6.618412 1.030971 0.007031
v 6.616069 1.031867 0.004811
v 6.617846 1.032770 0.004105
v 6.614100 1.031826 0.012000
v 6.614120 1.031447 0.009786
v 6.603835 1.072090 0.004677
v 6.598052 1.076073 0.007432
v 6.614682 1.036521 0.003116
v 6.616395 1.037179 0.001230
v 6.614431 1.031304 0.007577
v 6.607579 1.070940 0.004825
v 6.605592 1.069460 0.003946
v 6.597992 1.076911 0.007053
v 6.594100 1.076869 0.008947
v 6.612753 1.042627 0.001804
v 6.614550 1.042945 -0.000370
v 6.614619 1.032699 0.005809
v 6.609633 1.068058 0.004324
v 6.611636 1.069073 0.005893
v 6.607349 1.066829 0.003215
v 6.604622 1.074362 0.003376
v 6.601798 1.076312 0.005108
v 6.589880 1.076945 0.011093
v 6.613574 1.065449 0.005612
v 6.611446 1.064581 0.003824
v 6.609007 1.063529 0.002489
v 6.615080 1.065949 0.008306
v 6.601740 1.078223 0.004136
v 6.589691 1.077416 0.010923
v 6.593724 1.077811 0.008608
v 6.613118 1.059852 0.003293
v 6.610467 1.058886 0.001771
v 6.597785 1.078385 0.006428
v 6.606838 1.071558 0.001896
v 6.608821 1.068395 0.000706
v 6.597124 1.079564 0.005237
v 6.593468 1.078592 0.007756
v 6.611828 1.053572 0.001057
v 6.607566 1.073434 -0.000352
v 6.604942 1.076412 0.001784
v 6.592743 1.078954 0.006983
v 6.589563 1.077807 0.010497
v 6.614645 1.054501 0.002738
v 6.616023 1.049156 0.002163
v 6.613189 1.048258 0.000344
v 6.604330 1.078016 -0.000390
v 6.600951 1.079745 0.002449
v 6.589201 1.077988 0.010111
v 6.615436 1.060662 0.005261
v 6.617113 1.055299 0.004857
v 6.599700 1.080545 0.000494
v 6.596175 1.080190 0.003811
v 6.588927 1.077947 0.009612
v 6.592195 1.078873 0.005985
v 6.618495 1.049947 0.004414
v 6.618881 1.055835 0.007852
v 6.620242 1.050522 0.007528
v 6.595102 1.080006 0.002480
v 6.588556 1.077672 0.009309
v 6.591455 1.078322 0.005379
v 6.619641 1.044535 0.004346
v 6.617312 1.043732 0.002079
v 6.598254 1.080292 -0.001282
v 6.596946 1.079218 -0.002668
v 6.594164 1.079194 0.001371
v 6.593620 1.077934 0.000612
v 6.591196 1.077553 0.004617
v 6.620878 1.050817 0.010939
v 6.618576 1.038141 0.002993
v 6.601353 1.078501 -0.004775
v 6.603046 1.078828 -0.002719
v 6.590842 1.077088 0.004354
v 6.588427 1.077287 0.008928
v 6.621993 1.045483 0.010737
v 6.621163 1.045465 0.013798
v 6.621344 1.045146 0.007409
v 6.606089 1.075567 -0.005642
v 6.607258 1.074866 -0.002998
v 6.588250 1.077055 0.008796
v 6.622360 1.039634 0.007755
v 6.620612 1.038996 0.005065
v 6.619754 1.033863 0.004827
v 6.609733 1.070784 -0.005094
v 6.609785 1.069775 -0.001998
v 6.588180 1.077275 0.008546
v 6.590702 1.077529 0.003853
v 6.623096 1.039989 0.010633
v 6.621062 1.035711 0.005916
v 6.622454 1.035029 0.007981
v 6.611705 1.065436 -0.003307
v 6.610595 1.064551 -0.000296
v 6.593091 1.077867 -0.000368
v 6.593314 1.077176 0.000074
v 6.611858 1.066044 -0.006772
v 6.613738 1.060917 -0.008125
v 6.613434 1.060421 -0.004433
v 6.612186 1.059708 -0.001213
v 6.595636 1.076547 -0.004008
v 6.596107 1.077555 -0.003455
v 6.610954 1.066376 -0.010084
v 6.608704 1.071291 -0.008091
v 6.615005 1.055029 -0.005419
v 6.613655 1.054345 -0.002063
v 6.597147 1.075348 -0.008450
v 6.595432 1.077437 -0.004697
v 6.597114 1.073405 -0.006955
v 6.598284 1.075505 -0.006826
v 6.606738 1.071161 -0.010499
v 6.604235 1.075252 -0.007885
v 6.615060 1.048944 -0.002861
v 6.594914 1.079048 -0.005561
v 6.598417 1.070541 -0.009493
v 6.592604 1.079102 -0.000865
v 6.590207 1.078294 0.003725
v 6.602135 1.074149 -0.009364
v 6.599637 1.077305 -0.006248
v 6.598498 1.072327 -0.011750
v 6.599747 1.069101 -0.014718
v 6.599720 1.067678 -0.012030
v 6.591508 1.079974 -0.001566
v 6.616348 1.043137 -0.003937
v 6.617463 1.036556 -0.005621
v 6.615758 1.035930 -0.002726
v 6.598052 1.073924 -0.014029
v 6.596670 1.077071 -0.010017
v 6.600958 1.064181 -0.014350
v 6.587933 1.077658 0.008482
v 6.600227 1.072485 -0.009711
v 6.616182 1.030272 -0.006381
v 6.595171 1.078353 -0.011729
v 6.593501 1.080203 -0.006642
v 6.587622 1.077951 0.008149
v 6.589586 1.078881 0.003058
v 6.602012 1.069195 -0.012321
v 6.604339 1.070446 -0.012011
v 6.618082 1.031151 -0.007999
v 6.617881 1.028871 -0.011161
v 6.615626 1.027544 -0.009621
v 6.591524 1.080682 -0.007550
v 6.588598 1.079055 0.002859
v 6.587129 1.078038 0.008049
v 6.606251 1.066100 -0.014216
v 6.608893 1.066432 -0.012641
v 6.618903 1.033052 -0.009752
v 6.618751 1.037101 -0.008717
v 6.617719 1.043688 -0.007332
v 6.586639 1.077944 0.007864
v 6.587621 1.078867 0.002489
v 6.604978 1.060328 -0.016428
v 6.602067 1.059418 -0.016236
v 6.603605 1.065266 -0.014585
v 6.610729 1.061270 -0.014337
v 6.619203 1.037483 -0.012216
v 6.619336 1.031842 -0.012475
v 6.586165 1.077639 0.007968
v 6.603112 1.054021 -0.017905
v 6.618578 1.031812 -0.015435
v 6.616795 1.028461 -0.014336
v 6.614244 1.026863 -0.012898
v 6.616452 1.049558 -0.006309
v 6.585876 1.077233 0.007869
v 6.585659 1.076997 0.007985
v 6.607871 1.061019 -0.016002
v 6.614759 1.028664 -0.016753
v 6.613359 1.026832 -0.009201
v 6.616885 1.050027 -0.010244
v 6.615403 1.055534 -0.009250
v 6.585225 1.077446 0.002499
v 6.609295 1.055508 -0.017484
v 6.606216 1.054852 -0.018007
v 6.612033 1.026314 -0.011832
v 6.613985 1.029439 -0.006551
v 6.613276 1.035228 -0.004186
v 6.584328 1.079081 -0.002485
v 6.585143 1.077770 -0.002390
v 6.607410 1.049308 -0.019473
v 6.604157 1.048625 -0.019573
v 6.610641 1.026795 -0.014142
v 6.612383 1.027366 -0.015575
v 6.611899 1.042609 -0.001963
v 6.611176 1.028511 -0.008892
v 6.583908 1.079126 -0.007830
v 6.582000 1.080266 -0.007894
v 6.605202 1.043229 -0.021242
v 6.610262 1.030036 -0.017658
v 6.609003 1.029413 -0.015974
v 6.609956 1.028300 -0.010890
v 6.609171 1.034355 -0.007686
v 6.607518 1.035838 -0.019803
v 6.610415 1.036451 -0.019837
v 6.608747 1.043305 -0.020269
v 6.606939 1.035307 -0.017175
v 6.607806 1.034301 -0.009819
v 6.605266 1.042294 -0.008508
v 6.583207 1.077385 -0.012930
v 6.611938 1.043808 -0.019526
v 6.604662 1.042839 -0.018059
v 6.609007 1.028613 -0.012861
v 6.606955 1.034480 -0.012137
v 6.584649 1.075625 -0.012151
v 6.584990 1.077430 -0.007513
v 6.612418 1.030865 -0.018543
v 6.585659 1.076442 -0.007291
v 6.585659 1.073566 -0.011176
v 6.585659 1.071131 -0.014919
v 6.584248 1.072970 -0.016389
v 6.585659 1.076974 0.002732
v 6.585659 1.077011 -0.002312
v 6.614164 1.032852 -0.018602
v 6.616485 1.031685 -0.017563
v 6.583913 1.070081 -0.020312
v 6.585659 1.068695 -0.018662
v 6.581803 1.071196 -0.021637
v 6.586174 1.077770 -0.002390
v 6.613329 1.037001 -0.019368
v 6.616275 1.037424 -0.017894
v 6.618488 1.037618 -0.015486
v 6.585659 1.065535 -0.022096
v 6.586668 1.075625 -0.012151
v 6.586328 1.077430 -0.007513
v 6.615056 1.044169 -0.017690
v 6.617372 1.044298 -0.014876
v 6.618160 1.044106 -0.011201
v 6.586092 1.077446 0.002499
v 6.587409 1.079126 -0.007830
v 6.613752 1.050207 -0.016897
v 6.616079 1.050270 -0.013996
v 6.586672 1.078257 0.002697
v 6.586989 1.079081 -0.002485
v 6.587404 1.070081 -0.020312
v 6.587069 1.072970 -0.016389
v 6.610622 1.049874 -0.018778
v 6.614594 1.055812 -0.012900
v 6.588399 1.079977 -0.002457
v 6.588882 1.074521 -0.017596
v 6.588110 1.077385 -0.012930
v 6.612323 1.055815 -0.015713
v 6.590031 1.080320 -0.002190
v 6.590419 1.078549 -0.013319
v 6.589317 1.080266 -0.007894
v 6.587688 1.066485 -0.023784
v 6.587936 1.061711 -0.026670
v 6.585659 1.060926 -0.024913
v 6.612902 1.061198 -0.011642
v 6.589514 1.071196 -0.021637
v 6.590044 1.067190 -0.025094
v 6.585659 1.055593 -0.027420
v 6.592978 1.078932 -0.013018
v 6.592354 1.071769 -0.022313
v 6.590506 1.062279 -0.028012
v 6.593050 1.067402 -0.025652
v 6.593657 1.062414 -0.028524
v 6.591499 1.075493 -0.018277
v 6.588271 1.050802 -0.031645
v 6.585659 1.050260 -0.029927
v 6.588135 1.056302 -0.029211
v 6.594272 1.075747 -0.018005
v 6.590879 1.056829 -0.030559
v 6.596101 1.067248 -0.025092
v 6.594157 1.056994 -0.031019
v 6.596815 1.062232 -0.027854
v 6.597419 1.056848 -0.030253
v 6.596550 1.075144 -0.016351
v 6.597665 1.071297 -0.020035
v 6.595284 1.071802 -0.021919
v 6.594532 1.051327 -0.033231
v 6.591142 1.051205 -0.032900
v 6.599404 1.061848 -0.025653
v 6.589897 1.036562 -0.034385
v 6.587488 1.036105 -0.032694
v 6.588730 1.044470 -0.033520
v 6.591591 1.044786 -0.034718
v 6.590537 1.029179 -0.032684
v 6.592522 1.036952 -0.035694
v 6.593366 1.032076 -0.035698
v 6.591871 1.029918 -0.034638
v 6.599240 1.070361 -0.017390
v 6.598593 1.066852 -0.023046
v 6.594948 1.044902 -0.035017
v 6.595576 1.037210 -0.036236
v 6.594749 1.027380 -0.034674
v 6.593582 1.026185 -0.032276
v 6.595737 1.030589 -0.036313
v 6.600270 1.066196 -0.020217
v 6.600881 1.065259 -0.017304
v 6.597906 1.051185 -0.032335
v 6.598290 1.044804 -0.034113
v 6.598584 1.037263 -0.035602
v 6.598523 1.030683 -0.035860
v 6.596894 1.025708 -0.031170
v 6.593204 1.025606 -0.030073
v 6.601888 1.060390 -0.019462
v 6.600114 1.056443 -0.027919
v 6.600735 1.050798 -0.029908
v 6.601066 1.037039 -0.033382
v 6.601106 1.044476 -0.031702
v 6.590623 1.028524 -0.030708
v 6.596018 1.025195 -0.028847
v 6.588672 1.035471 -0.030376
v 6.601995 1.055807 -0.024720
v 6.601177 1.061240 -0.022622
v 6.603149 1.043969 -0.028441
v 6.598673 1.025766 -0.027407
v 6.587034 1.044432 -0.029559
v 6.592899 1.027698 -0.028059
v 6.597844 1.027184 -0.033945
v 6.599846 1.026380 -0.029222
v 6.600471 1.027568 -0.031899
v 6.595136 1.027456 -0.026760
v 6.591953 1.034512 -0.026227
v 6.602818 1.054965 -0.021354
v 6.602134 1.029282 -0.026849
v 6.597435 1.027745 -0.025800
v 6.594167 1.034306 -0.024692
v 6.596615 1.034336 -0.023747
v 6.592965 1.043439 -0.022288
v 6.603724 1.049457 -0.023145
v 6.602759 1.050208 -0.026622
v 6.600795 1.030674 -0.033823
v 6.600714 1.028600 -0.025633
v 6.604173 1.043335 -0.024989
v 6.602845 1.036616 -0.030290
v 6.602135 1.032067 -0.031274
v 6.602484 1.030031 -0.029332
v 6.601686 1.034978 -0.023404
v 6.603739 1.036074 -0.027040
v 6.604191 1.035471 -0.023711
v 6.602123 1.043128 -0.020947
v 6.612476 1.038536 0.027909
v 6.609945 1.037460 0.024591
v 6.613663 1.039842 0.025807
v 6.606753 1.037042 0.020110
v 6.607052 1.038129 0.017742
v 6.607915 1.036922 0.026392
v 6.614394 1.041173 0.027425
v 6.615025 1.043470 0.026769
v 6.604592 1.036655 0.020270
v 6.608998 1.040022 0.017558
v 6.599711 1.036865 0.010150
v 6.610979 1.038232 0.030155
v 6.609147 1.038508 0.032188
v 6.606459 1.037446 0.029278
v 6.614562 1.044232 0.029341
v 6.614229 1.048488 0.028797
v 6.614099 1.040662 0.029470
v 6.613010 1.040746 0.031656
v 6.604850 1.039244 0.032068
v 6.611758 1.053070 0.031301
v 6.612522 1.049021 0.031411
v 6.611059 1.040682 0.033199
v 6.611090 1.044432 0.033232
v 6.613232 1.044628 0.031653
v 6.609396 1.052808 0.033180
v 6.608562 1.056639 0.033066
v 6.609064 1.041336 0.033667
v 6.607349 1.039982 0.033512
v 6.610212 1.048794 0.033215
v 6.605750 1.056030 0.034166
v 6.606655 1.052149 0.034169
v 6.607559 1.048140 0.034169
v 6.608533 1.043896 0.033985
v 6.605956 1.043274 0.033940
v 6.603368 1.042610 0.033491
v 6.602849 1.055231 0.034121
v 6.603816 1.051356 0.034170
v 6.604825 1.047395 0.034160
v 6.602049 1.046605 0.033681
v 6.600927 1.050496 0.033689
v 6.573411 1.051185 -0.032335
v 6.577160 1.056994 -0.031019
v 6.576786 1.051327 -0.033231
v 6.580812 1.062279 -0.028012
v 6.580438 1.056829 -0.030559
v 6.576369 1.044902 -0.035017
v 6.580175 1.051205 -0.032900
v 6.579726 1.044786 -0.034718
v 6.583629 1.066485 -0.023784
v 6.583381 1.061711 -0.026670
v 6.583046 1.050802 -0.031645
v 6.583182 1.056302 -0.029211
v 6.578795 1.036952 -0.035694
v 6.582587 1.044470 -0.033520
v 6.605266 1.042926 -0.008508
v 6.609319 1.033979 -0.008888
v 6.607819 1.033783 -0.009562
v 6.610818 1.034175 -0.008214
v 6.612860 1.025866 -0.008675
v 6.610373 1.024640 -0.010616
v 6.615480 1.026164 -0.006878
v 6.613452 1.034460 -0.006464
v 6.614182 1.019351 -0.008283
v 6.611242 1.018996 -0.009587
v 6.615354 1.034532 -0.003912
v 6.612818 1.043637 -0.003197
v 6.616849 1.019699 -0.006598
v 6.617526 1.026354 -0.004330
v 6.618968 1.020033 -0.004152
v 6.617624 1.014694 -0.005847
v 6.615027 1.014330 -0.007351
v 6.612149 1.013982 -0.008478
v 6.614550 1.042945 -0.000370
v 6.616490 1.034675 -0.000941
v 6.618780 1.026656 -0.001341
v 6.620220 1.020418 -0.001260
v 6.620786 1.015467 -0.000907
v 6.619657 1.015090 -0.003587
v 6.615635 1.010505 -0.006190
v 6.617871 1.010783 -0.004845
v 6.619567 1.011050 -0.002841
v 6.613130 1.010223 -0.007206
v 6.616823 1.035173 0.002068
v 6.614147 1.043810 0.002502
v 6.619028 1.027291 0.001774
v 6.620287 1.020918 0.001762
v 6.617628 1.008830 -0.003956
v 6.616158 1.007981 -0.004600
v 6.614196 1.007764 -0.004899
v 6.616254 1.035717 0.004902
v 6.618355 1.028023 0.004730
v 6.619369 1.021461 0.004588
v 6.619557 1.016053 0.004374
v 6.620673 1.015773 0.001855
v 6.616745 1.006860 -0.002380
v 6.618622 1.008208 -0.002308
v 6.614673 1.006518 -0.002494
v 6.614682 1.035994 0.007350
v 6.616849 1.028615 0.007239
v 6.617666 1.021972 0.006892
v 6.620256 1.011575 0.001878
v 6.620453 1.011313 -0.000495
v 6.619241 1.008303 -0.000130
v 6.617174 1.006785 0.000082
v 6.614961 1.006374 0.000174
v 6.615764 1.028970 0.009779
v 6.612609 1.036139 0.009605
v 6.615571 1.022466 0.008935
v 6.615421 1.016651 0.007982
v 6.617680 1.016348 0.006321
v 6.619088 1.008669 0.002002
v 6.617218 1.007397 0.002401
v 6.615201 1.007138 0.002651
v 6.617438 1.012025 0.005538
v 6.615357 1.012211 0.006812
v 6.619184 1.011819 0.003986
v 6.618552 1.009676 0.003486
v 6.617199 1.009031 0.004310
v 6.615370 1.008999 0.004705
v 6.597414 1.033743 -0.025206
v 6.600485 1.033695 -0.025254
v 6.601498 1.023854 -0.026547
v 6.598471 1.023860 -0.026551
v 6.603426 1.033569 -0.024243
v 6.602189 1.044087 -0.022472
v 6.599322 1.015201 -0.026512
v 6.602330 1.015510 -0.026786
v 6.604541 1.023885 -0.025601
v 6.605414 1.015871 -0.026133
v 6.596352 1.014919 -0.025774
v 6.605202 1.043229 -0.021242
v 6.605943 1.033495 -0.022291
v 6.607195 1.023996 -0.023683
v 6.602993 1.008704 -0.026162
v 6.600080 1.008100 -0.025572
v 6.597207 1.007510 -0.024524
v 6.608085 1.016223 -0.024436
v 6.608532 1.009857 -0.024438
v 6.605982 1.009334 -0.025839
v 6.607745 1.033603 -0.019517
v 6.606184 1.043805 -0.018063
v 6.609053 1.024226 -0.020760
v 6.609856 1.016502 -0.021580
v 6.600860 1.002891 -0.024213
v 6.598248 1.002311 -0.023162
v 6.606186 1.004080 -0.024718
v 6.608657 1.033749 -0.016282
v 6.610041 1.024507 -0.017347
v 6.610708 1.016718 -0.018174
v 6.610763 1.010248 -0.018569
v 6.610123 1.010143 -0.021799
v 6.600253 0.999276 -0.021383
v 6.608504 1.033792 -0.012947
v 6.610085 1.024769 -0.013956
v 6.610621 1.016881 -0.014829
v 6.609823 1.004863 -0.021238
v 6.610312 1.004963 -0.018334
v 6.610456 1.010230 -0.015397
v 6.609932 1.004915 -0.015493
v 6.604005 0.998633 -0.021361
v 6.602221 0.998073 -0.019650
v 6.602041 0.999695 -0.022716
v 6.609553 1.002232 -0.018037
v 6.609677 1.010150 -0.012254
v 6.608452 1.004579 -0.023575
v 6.604381 0.998182 -0.017728
v 6.603745 1.000971 -0.023608
v 6.603497 1.003479 -0.024864
v 6.610066 1.017017 -0.011513
v 6.609120 1.004792 -0.012682
v 6.607700 1.000777 -0.021985
v 6.605651 1.000412 -0.023111
v 6.607873 1.000952 -0.014028
v 6.609047 1.001226 -0.015978
v 6.609024 1.001140 -0.019882
v 6.606131 0.998840 -0.019808
v 6.607795 0.999453 -0.017715
v 6.606341 0.998967 -0.015671
v 6.568368 1.021360 -0.008635
v 6.566356 1.021244 -0.009555
v 6.570898 1.018925 -0.011402
v 6.570183 1.013152 -0.012369
v 6.566884 1.014466 -0.011220
v 6.563971 1.015749 -0.011108
v 6.563398 1.019967 -0.009966
v 6.575441 1.016606 -0.013249
v 6.566872 1.008428 -0.012142
v 6.569456 1.007764 -0.013205
v 6.571738 1.007251 -0.014928
v 6.573142 1.012189 -0.014367
v 6.564262 1.009250 -0.011975
v 6.568706 1.003147 -0.013779
v 6.566698 1.003562 -0.012766
v 6.564496 1.004137 -0.012530
v 6.575035 1.011959 -0.017030
v 6.567761 0.999957 -0.014227
v 6.569323 0.999559 -0.015686
v 6.570479 1.002805 -0.015277
v 6.566503 1.001152 -0.013339
v 6.565087 1.000606 -0.013268
v 6.566453 0.998850 -0.014683
v 6.570045 0.998065 -0.018158
v 6.570795 0.999295 -0.017171
v 6.568229 0.998219 -0.016429
v 6.571978 1.002446 -0.016969
v 6.571870 0.999982 -0.018547
v 6.571754 0.999140 -0.019720
v 6.572965 1.002200 -0.018862
v 6.574409 1.006773 -0.019490
v 6.573442 1.006881 -0.017080
v 6.573204 1.002195 -0.020960
v 6.575680 1.013508 -0.022900
v 6.575876 1.012415 -0.019995
v 6.574483 1.007046 -0.021985
v 6.576557 1.015892 -0.016733
v 6.578128 1.016689 -0.019961
v 6.576799 1.017104 -0.023470
v 6.577808 1.016887 -0.016104
v 6.577741 1.016273 -0.013882
v 6.579252 1.016847 -0.016976
v 6.580040 1.015942 -0.014514
v 6.581214 1.016445 -0.016737
v 6.582850 1.015609 -0.015218
v 6.581800 1.015219 -0.017819
v 6.585659 1.015277 -0.015394
v 6.582384 1.011041 -0.018843
v 6.588933 1.011041 -0.018843
v 6.589517 1.015219 -0.017819
v 6.585659 1.010652 -0.017893
v 6.590103 1.016445 -0.016737
v 6.588468 1.015609 -0.015218
v 6.579612 1.012009 -0.020948
v 6.580482 1.006217 -0.021296
v 6.582897 1.005832 -0.019846
v 6.585659 1.005689 -0.019250
v 6.593189 1.016689 -0.019961
v 6.592065 1.016847 -0.016976
v 6.591277 1.015942 -0.014514
v 6.577846 1.013360 -0.023462
v 6.583271 1.001517 -0.020867
v 6.588420 1.005832 -0.019846
v 6.588047 1.001517 -0.020867
v 6.585659 1.001472 -0.020530
v 6.593509 1.016887 -0.016104
v 6.593576 1.016273 -0.013882
v 6.590836 1.006217 -0.021296
v 6.591705 1.012009 -0.020948
v 6.585659 0.998450 -0.021823
v 6.594760 1.015892 -0.016733
v 6.595876 1.016606 -0.013249
v 6.593471 1.013360 -0.023462
v 6.596282 1.011959 -0.017030
v 6.595637 1.013508 -0.022900
v 6.595441 1.012415 -0.019995
v 6.594518 1.017104 -0.023470
v 6.601134 1.013152 -0.012369
v 6.600419 1.018925 -0.011402
v 6.598175 1.012189 -0.014367
v 6.578758 1.006802 -0.023261
v 6.596908 1.006773 -0.019490
v 6.604961 1.021244 -0.009555
v 6.602949 1.021360 -0.008635
v 6.599579 1.007251 -0.014928
v 6.579473 1.001958 -0.023252
v 6.581127 1.001671 -0.021800
v 6.597875 1.006881 -0.017080
v 6.581635 0.999477 -0.022325
v 6.580633 0.998818 -0.023297
v 6.583323 0.998546 -0.021980
v 6.596834 1.007046 -0.021985
v 6.592559 1.006802 -0.023261
v 6.599339 1.002446 -0.016969
v 6.582875 0.997372 -0.023260
v 6.598113 1.002195 -0.020960
v 6.591844 1.001958 -0.023252
v 6.590190 1.001671 -0.021800
v 6.585659 0.997072 -0.023220
v 6.598352 1.002200 -0.018862
v 6.587994 0.998546 -0.021980
v 6.589682 0.999477 -0.022325
v 6.588442 0.997372 -0.023260
v 6.601272 0.998065 -0.018158
v 6.599563 0.999140 -0.019720
v 6.599447 0.999982 -0.018547
v 6.590684 0.998818 -0.023297
v 6.600523 0.999295 -0.017171
v 6.603088 0.998219 -0.016429
v 6.601995 0.999559 -0.015686
v 6.604864 0.998850 -0.014683
v 6.603556 0.999957 -0.014227
v 6.602612 1.003147 -0.013779
v 6.600838 1.002805 -0.015277
v 6.606230 1.000606 -0.013268
v 6.604814 1.001152 -0.013339
v 6.604620 1.003562 -0.012766
v 6.604445 1.008428 -0.012142
v 6.601861 1.007764 -0.013205
v 6.606821 1.004137 -0.012530
v 6.604433 1.014466 -0.011220
v 6.607346 1.015749 -0.011108
v 6.607055 1.009250 -0.011975
v 6.607919 1.019967 -0.009966
v 6.605480 1.023796 -0.005869
v 6.607093 1.019226 -0.004529
v 6.607398 1.018103 -0.007071
v 6.608996 1.018236 -0.008586
v 6.605998 1.026348 -0.002183
v 6.608700 1.014857 -0.003303
v 6.609148 1.015732 -0.000792
v 6.607742 1.020618 -0.001322
v 6.609013 1.014086 -0.005496
v 6.610330 1.013890 -0.007127
v 6.610294 1.010890 -0.002303
v 6.609001 1.021291 0.002187
v 6.610598 1.010440 -0.004159
v 6.611671 1.010264 -0.005749
v 6.611800 1.007958 -0.001806
v 6.611944 1.008198 0.000037
v 6.610551 1.011403 -0.000312
v 6.611704 1.008522 -0.003375
v 6.612712 1.007738 -0.004164
v 6.613142 1.006692 -0.002086
v 6.611160 1.011768 0.001683
v 6.613316 1.006684 0.000179
v 6.613590 1.007269 0.002327
v 6.612278 1.008557 0.001860
v 6.610108 1.016235 0.001793
v 6.611534 1.016486 0.004205
v 6.612175 1.012005 0.003573
v 6.612720 1.009642 0.003209
v 6.610799 1.021635 0.005318
v 6.609339 1.026505 0.007544
v 6.607667 1.025910 0.002855
v 6.613651 1.012135 0.005246
v 6.613068 1.022036 0.007391
v 6.613374 1.016602 0.006198
v 6.613767 1.008927 0.004101
v 6.605940 1.029067 0.003788
v 6.604045 1.030133 0.001868
v 6.605429 1.030306 0.006673
v 6.602093 1.033918 0.005918
v 6.603951 1.031304 0.009358
v 6.600902 1.035707 0.008034
v 6.606421 1.027390 0.010744
v 6.612879 1.025786 0.008729
v 6.607735 1.024451 0.012256
v 6.610229 1.024646 0.010520
v 6.612988 1.025037 0.009872
v 6.599711 1.037497 0.010150
v 6.604548 1.027982 0.013926
v 6.602618 1.032362 0.012509
v 6.610725 1.022027 0.012155
v 6.615790 1.025940 0.010377
v 6.613163 1.022296 0.011102
v 6.602543 1.033778 0.016791
v 6.601154 1.038733 0.015485
v 6.605843 1.024837 0.015071
v 6.603834 1.029362 0.017925
v 6.604929 1.026023 0.018713
v 6.614046 1.037449 0.011894
v 6.615768 1.031643 0.012282
v 6.615816 1.022911 0.010976
v 6.613457 1.019408 0.012066
v 6.602597 1.039969 0.020820
v 6.606843 1.022230 0.016057
v 6.604173 1.031254 0.021964
v 6.615018 1.038648 0.014300
v 6.616254 1.033218 0.014780
v 6.616445 1.027488 0.012809
v 6.615842 1.019882 0.011575
v 6.603447 1.035463 0.021221
v 6.608521 1.021909 0.013690
v 6.615058 1.039625 0.016939
v 6.616842 1.028994 0.015322
v 6.616136 1.034667 0.017480
v 6.616722 1.030419 0.017997
v 6.616583 1.024204 0.013392
v 6.613795 1.016600 0.013019
v 6.615867 1.017032 0.012365
v 6.605052 1.037324 0.024813
v 6.602597 1.039969 0.020820
v 6.617079 1.025457 0.015871
v 6.615410 1.035696 0.020130
v 6.616690 1.021013 0.013947
v 6.612028 1.016494 0.014380
v 6.614127 1.014071 0.014245
v 6.611361 1.019238 0.013340
v 6.615890 1.014540 0.013536
v 6.604710 1.041395 0.024240
v 6.617261 1.022084 0.016374
v 6.616727 1.017970 0.014614
v 6.616654 1.015133 0.015532
v 6.609407 1.019186 0.014845
v 6.615501 1.012667 0.015884
v 6.606904 1.042638 0.026325
v 6.617280 1.023033 0.018911
v 6.617314 1.018836 0.016912
v 6.613538 1.011491 0.018027
v 6.614151 1.012154 0.015856
v 6.614911 1.011667 0.018177
v 6.607152 1.038885 0.026736
v 6.617032 1.026626 0.018478
v 6.616412 1.013012 0.016910
v 6.615939 1.012115 0.018954
v 6.613004 1.012696 0.016481
v 6.613857 1.011468 0.020769
v 6.612623 1.014007 0.015578
v 6.607431 1.035108 0.027025
v 6.616339 1.027518 0.020957
v 6.616803 1.013891 0.018052
v 6.611169 1.013911 0.017025
v 6.612174 1.012075 0.017858
v 6.610316 1.016460 0.015897
v 6.605460 1.033381 0.025266
v 6.605997 1.029694 0.025479
v 6.607775 1.031283 0.027091
v 6.613665 1.012380 0.023359
v 6.612307 1.011923 0.023276
v 6.615077 1.012040 0.021244
v 6.611122 1.012053 0.019704
v 6.612476 1.011336 0.020296
v 6.604984 1.027734 0.022433
v 6.608200 1.027447 0.027025
v 6.610807 1.013401 0.025252
v 6.616017 1.013540 0.021591
v 6.616669 1.013408 0.019681
v 6.611235 1.011733 0.022661
v 6.605868 1.024532 0.022748
v 6.605947 1.023169 0.019331
v 6.612320 1.013715 0.025003
v 6.611659 1.016621 0.025880
v 6.609904 1.016272 0.026248
v 6.617147 1.016119 0.019682
v 6.606644 1.026129 0.025544
v 6.607887 1.019469 0.016998
v 6.607004 1.020205 0.019952
v 6.613632 1.014577 0.024381
v 6.609307 1.019896 0.026665
v 6.609030 1.015686 0.025307
v 6.610018 1.013058 0.024528
v 6.607378 1.022551 0.025556
v 6.608725 1.023637 0.026903
v 6.608945 1.016689 0.017926
v 6.606814 1.021273 0.023029
v 6.611304 1.020344 0.026268
v 6.610881 1.024131 0.026444
v 6.609674 1.013332 0.023364
v 6.607813 1.018067 0.023274
v 6.613683 1.016753 0.024737
v 6.613553 1.020481 0.024964
v 6.608181 1.019042 0.025486
v 6.608855 1.015021 0.023477
v 6.609984 1.014027 0.018871
v 6.608089 1.017253 0.020569
v 6.615365 1.016683 0.023347
v 6.614840 1.013752 0.023265
v 6.609193 1.014433 0.021177
v 6.610260 1.012380 0.021849
v 6.616566 1.016457 0.021675
v 6.616760 1.020094 0.021559
v 6.615432 1.020399 0.023419
v 6.617160 1.015676 0.017568
v 6.617356 1.019558 0.019309
v 6.615233 1.024126 0.023293
v 6.616640 1.023751 0.021303
v 6.613250 1.024229 0.024975
v 6.614896 1.027935 0.023055
v 6.612878 1.028036 0.024868
v 6.610462 1.027978 0.026496
v 6.614547 1.031896 0.022792
v 6.615989 1.031480 0.020574
v 6.612543 1.031940 0.024740
v 6.610121 1.031884 0.026509
v 6.614072 1.036010 0.022476
v 6.612187 1.035935 0.024562
v 6.609824 1.035797 0.026435
v 6.613352 1.040277 0.022078
v 6.614419 1.040222 0.019602
v 6.611759 1.040017 0.024297
v 6.609540 1.039668 0.026179
v 6.613324 1.045026 0.019050
v 6.612512 1.044620 0.021639
v 6.611293 1.044140 0.023967
v 6.613736 1.044940 0.016386
v 6.609261 1.043517 0.025814
v 6.565837 1.023796 -0.005869
v 6.564224 1.019226 -0.004529
v 6.565320 1.026348 -0.002183
v 6.563920 1.018103 -0.007071
v 6.562321 1.018236 -0.008586
v 6.563575 1.020618 -0.001322
v 6.562170 1.015732 -0.000792
v 6.562617 1.014857 -0.003303
v 6.562304 1.014086 -0.005496
v 6.562316 1.021291 0.002187
v 6.563650 1.025910 0.002855
v 6.565377 1.029067 0.003788
v 6.567272 1.030133 0.001868
v 6.561023 1.010890 -0.002303
v 6.560719 1.010440 -0.004159
v 6.559646 1.010264 -0.005749
v 6.560987 1.013890 -0.007127
v 6.561978 1.026505 0.007544
v 6.569224 1.033918 0.005918
v 6.565888 1.030306 0.006673
v 6.560075 1.018996 -0.009587
v 6.559613 1.008522 -0.003375
v 6.559168 1.013982 -0.008478
v 6.567367 1.031304 0.009358
v 6.570415 1.035707 0.008034
v 6.559517 1.007958 -0.001806
v 6.558175 1.006692 -0.002086
v 6.558605 1.007738 -0.004164
v 6.558187 1.010223 -0.007206
v 6.571606 1.037497 0.010150
v 6.568699 1.032362 0.012509
v 6.566769 1.027982 0.013926
v 6.564897 1.027390 0.010744
v 6.559373 1.008198 0.000037
v 6.557121 1.007764 -0.004899
v 6.568774 1.033778 0.016791
v 6.570163 1.038733 0.015485
v 6.563582 1.024451 0.012256
v 6.560766 1.011403 -0.000312
v 6.556644 1.006518 -0.002494
v 6.568720 1.039969 0.020820
v 6.567870 1.035463 0.021221
v 6.567144 1.031254 0.021964
v 6.567483 1.029362 0.017925
v 6.561209 1.016235 0.001793
v 6.560157 1.011768 0.001683
v 6.556356 1.006374 0.000174
v 6.558001 1.006684 0.000179
v 6.566265 1.037324 0.024813
v 6.568720 1.039969 0.020820
v 6.566388 1.026023 0.018713
v 6.565474 1.024837 0.015071
v 6.559783 1.016486 0.004205
v 6.560518 1.021635 0.005318
v 6.557727 1.007269 0.002327
v 6.556117 1.007138 0.002651
v 6.566607 1.041395 0.024240
v 6.564475 1.022230 0.016057
v 6.562797 1.021909 0.013690
v 6.560592 1.022027 0.012155
v 6.561088 1.024646 0.010520
v 6.558249 1.022036 0.007391
v 6.558438 1.025786 0.008729
v 6.558329 1.025037 0.009872
v 6.555947 1.008999 0.004705
v 6.564414 1.042638 0.026325
v 6.561910 1.019186 0.014845
v 6.555553 1.028970 0.009779
v 6.558155 1.022296 0.011102
v 6.555501 1.022911 0.010976
v 6.555527 1.025940 0.010377
v 6.557666 1.012135 0.005246
v 6.555960 1.012211 0.006812
v 6.557550 1.008927 0.004101
v 6.555747 1.022466 0.008935
v 6.557860 1.019408 0.012066
v 6.555475 1.019882 0.011575
v 6.559957 1.019238 0.013340
v 6.555896 1.016651 0.007982
v 6.558597 1.009642 0.003209
v 6.559039 1.008557 0.001860
v 6.557943 1.016602 0.006198
v 6.555450 1.017032 0.012365
v 6.559289 1.016494 0.014380
v 6.557522 1.016600 0.013019
v 6.559143 1.012005 0.003573
v 6.557190 1.014071 0.014245
v 6.555428 1.014540 0.013536
v 6.558694 1.014007 0.015578
v 6.560148 1.013911 0.017025
v 6.561001 1.016460 0.015897
v 6.558313 1.012696 0.016481
v 6.557166 1.012154 0.015856
v 6.555816 1.012667 0.015884
v 6.562372 1.016689 0.017926
v 6.561333 1.014027 0.018871
v 6.560195 1.012053 0.019704
v 6.559143 1.012075 0.017858
v 6.563430 1.019469 0.016998
v 6.557779 1.011491 0.018027
v 6.556406 1.011667 0.018177
v 6.564313 1.020205 0.019952
v 6.563228 1.017253 0.020569
v 6.562124 1.014433 0.021177
v 6.565371 1.023169 0.019331
v 6.558841 1.011336 0.020296
v 6.557460 1.011468 0.020769
v 6.565449 1.024532 0.022748
v 6.564503 1.021273 0.023029
v 6.563504 1.018067 0.023274
v 6.562462 1.015021 0.023477
v 6.561643 1.013332 0.023364
v 6.561058 1.012380 0.021849
v 6.566333 1.027734 0.022433
v 6.560082 1.011733 0.022661
v 6.559010 1.011923 0.023276
v 6.563939 1.022551 0.025556
v 6.562287 1.015686 0.025307
v 6.563136 1.019042 0.025486
v 6.561299 1.013058 0.024528
v 6.565857 1.033381 0.025266
v 6.565320 1.029694 0.025479
v 6.560510 1.013401 0.025252
v 6.562010 1.019896 0.026665
v 6.561413 1.016272 0.026248
v 6.564166 1.038885 0.026736
v 6.563886 1.035108 0.027025
v 6.564673 1.026129 0.025544
v 6.563542 1.031283 0.027091
v 6.563118 1.027447 0.027025
v 6.562593 1.023637 0.026903
v 6.561778 1.039668 0.026213
v 6.562057 1.043517 0.025890
v 6.560024 1.044140 0.024009
v 6.559558 1.040017 0.024305
v 6.559130 1.035935 0.024562
v 6.561493 1.035797 0.026435
v 6.561196 1.031884 0.026509
v 6.557965 1.040277 0.022078
v 6.558805 1.044620 0.021639
v 6.558774 1.031940 0.024740
v 6.556770 1.031896 0.022792
v 6.557245 1.036010 0.022476
v 6.558439 1.028036 0.024868
v 6.560855 1.027978 0.026496
v 6.557993 1.045026 0.019050
v 6.556898 1.040222 0.019602
v 6.555907 1.035696 0.020130
v 6.556421 1.027935 0.023055
v 6.560436 1.024131 0.026444
v 6.558067 1.024229 0.024975
v 6.556084 1.024126 0.023293
v 6.556259 1.039625 0.016939
v 6.557581 1.044940 0.016386
v 6.555328 1.031480 0.020574
v 6.555182 1.034667 0.017480
v 6.554595 1.030419 0.017997
v 6.554978 1.027518 0.020957
v 6.557765 1.020481 0.024964
v 6.556299 1.038648 0.014300
v 6.555063 1.033218 0.014780
v 6.554285 1.026626 0.018478
v 6.554475 1.028994 0.015322
v 6.554238 1.025457 0.015871
v 6.554677 1.023751 0.021303
v 6.554037 1.023033 0.018911
v 6.559659 1.016621 0.025880
v 6.560013 1.020344 0.026268
v 6.557271 1.037449 0.011894
v 6.554734 1.024204 0.013392
v 6.554872 1.027488 0.012809
v 6.554557 1.020094 0.021559
v 6.555885 1.020399 0.023419
v 6.555549 1.031643 0.012282
v 6.558708 1.036139 0.009605
v 6.555952 1.016683 0.023347
v 6.557634 1.016753 0.024737
v 6.557652 1.012380 0.023359
v 6.558997 1.013715 0.025003
v 6.557685 1.014577 0.024381
v 6.556477 1.013752 0.023265
v 6.555300 1.013540 0.021591
v 6.556241 1.012040 0.021244
v 6.555378 1.012115 0.018954
v 6.554648 1.013408 0.019681
v 6.554751 1.016457 0.021675
v 6.554170 1.016119 0.019682
v 6.554627 1.021013 0.013947
v 6.554514 1.013891 0.018052
v 6.554905 1.013012 0.016910
v 6.553961 1.019558 0.019309
v 6.554003 1.018836 0.016912
v 6.554157 1.015676 0.017568
v 6.554590 1.017970 0.014614
v 6.554056 1.022084 0.016374
v 6.554663 1.015133 0.015532
v 6.551750 1.011050 -0.002841
v 6.552695 1.008208 -0.002308
v 6.552076 1.008303 -0.000130
v 6.550864 1.011313 -0.000495
v 6.550531 1.015467 -0.000907
v 6.551661 1.015090 -0.003587
v 6.553693 1.014694 -0.005847
v 6.553446 1.010783 -0.004845
v 6.553689 1.008830 -0.003956
v 6.554572 1.006860 -0.002380
v 6.551061 1.011575 0.001878
v 6.552349 1.020033 -0.004152
v 6.551097 1.020418 -0.001260
v 6.551030 1.020918 0.001762
v 6.550644 1.015773 0.001855
v 6.555682 1.010505 -0.006190
v 6.555160 1.007981 -0.004600
v 6.552537 1.026656 -0.001341
v 6.553792 1.026354 -0.004330
v 6.555837 1.026164 -0.006878
v 6.554468 1.019699 -0.006598
v 6.551760 1.016053 0.004374
v 6.555963 1.034532 -0.003912
v 6.557135 1.019351 -0.008283
v 6.560499 1.034175 -0.008214
v 6.558457 1.025866 -0.008675
v 6.557865 1.034460 -0.006464
v 6.556290 1.014330 -0.007351
v 6.554143 1.006785 0.000082
v 6.558499 1.043637 -0.003197
v 6.554099 1.007397 0.002401
v 6.552229 1.008669 0.002002
v 6.554827 1.034675 -0.000941
v 6.556767 1.042945 -0.000370
v 6.554118 1.009031 0.004310
v 6.552765 1.009676 0.003486
v 6.552134 1.011819 0.003986
v 6.554494 1.035173 0.002068
v 6.552289 1.027291 0.001774
v 6.557170 1.043810 0.002502
v 6.553878 1.012025 0.005538
v 6.551949 1.021461 0.004588
v 6.553651 1.021972 0.006892
v 6.553638 1.016348 0.006321
v 6.552962 1.028023 0.004730
v 6.555063 1.035717 0.004902
v 6.554468 1.028615 0.007239
v 6.556635 1.035994 0.007350
v 6.579835 1.048947 0.016065
v 6.585659 1.048844 0.016011
v 6.585659 1.052836 0.017965
v 6.580236 1.052975 0.018037
v 6.575745 1.053318 0.020173
v 6.575016 1.049271 0.018498
v 6.574274 1.045217 0.016783
v 6.579434 1.044920 0.014094
v 6.585659 1.044850 0.014058
v 6.591482 1.048947 0.016065
v 6.580638 1.057003 0.020009
v 6.572201 1.049825 0.025558
v 6.573115 1.053794 0.026180
v 6.574028 1.057762 0.026919
v 6.576475 1.057365 0.021849
v 6.579033 1.040892 0.012122
v 6.591883 1.044920 0.014094
v 6.592284 1.040892 0.012122
v 6.585659 1.040858 0.012104
v 6.571414 1.054335 0.033510
v 6.577164 1.061162 0.023405
v 6.573507 1.041150 0.014989
v 6.571606 1.036865 0.010150
v 6.578632 1.036865 0.010150
v 6.585659 1.036865 0.010150
v 6.597044 1.045217 0.016783
v 6.572439 1.058175 0.033343
v 6.570390 1.050496 0.033689
v 6.570179 1.041786 0.023517
v 6.571239 1.045831 0.024705
v 6.592685 1.036865 0.010150
v 6.574903 1.061488 0.027617
v 6.573437 1.061787 0.033068
v 6.569268 1.046605 0.033681
v 6.567949 1.042610 0.033491
v 6.566467 1.039244 0.032068
v 6.568883 1.038563 0.022912
v 6.599711 1.036865 0.010150
v 6.597810 1.041150 0.014989
v 6.575701 1.064731 0.028017
v 6.574382 1.064945 0.032313
v 6.567217 1.037035 0.023790
v 6.564858 1.037446 0.029278
v 6.566725 1.036655 0.020270
v 6.601139 1.041786 0.023517
v 6.575512 1.067875 0.031241
v 6.563402 1.036922 0.026392
v 6.602434 1.038563 0.022912
v 6.604850 1.039244 0.032068
v 6.603368 1.042610 0.033491
v 6.602049 1.046605 0.033681
v 6.600078 1.045831 0.024705
v 6.577250 1.069734 0.028281
v 6.577064 1.070806 0.029817
v 6.576468 1.067483 0.028230
v 6.604100 1.037035 0.023790
v 6.606459 1.037446 0.029278
v 6.599116 1.049825 0.025558
v 6.600927 1.050496 0.033689
v 6.596302 1.049271 0.018498
v 6.604592 1.036655 0.020270
v 6.579080 1.073465 0.027757
v 6.578339 1.067434 0.025897
v 6.607915 1.036922 0.026392
v 6.599903 1.054335 0.033510
v 6.595572 1.053318 0.020173
v 6.591081 1.052975 0.018037
v 6.581941 1.070092 0.026779
v 6.582380 1.072991 0.027737
v 6.578910 1.070288 0.027077
v 6.598202 1.053794 0.026180
v 6.597289 1.057762 0.026919
v 6.598878 1.058175 0.033343
v 6.590679 1.057003 0.020009
v 6.585659 1.056829 0.019918
v 6.585659 1.072315 0.027588
v 6.597880 1.061787 0.033068
v 6.585659 1.060573 0.021750
v 6.594842 1.057365 0.021849
v 6.594153 1.061162 0.023405
v 6.590303 1.060778 0.021857
v 6.581014 1.060778 0.021857
v 6.589376 1.070092 0.026779
v 6.588937 1.072991 0.027737
v 6.585659 1.069807 0.026778
v 6.589977 1.064051 0.023459
v 6.581340 1.064051 0.023459
v 6.577771 1.064455 0.024721
v 6.592237 1.073465 0.027757
v 6.585659 1.066812 0.024802
v 6.581640 1.067072 0.024938
v 6.596414 1.061488 0.027617
v 6.592407 1.070288 0.027077
v 6.594068 1.069734 0.028281
v 6.594254 1.070806 0.029817
v 6.595616 1.064731 0.028017
v 6.593546 1.064455 0.024721
v 6.596935 1.064945 0.032313
v 6.592978 1.067434 0.025897
v 6.594849 1.067483 0.028230
v 6.595805 1.067875 0.031241
v 6.589677 1.067072 0.024938
v 6.585659 1.063817 0.023337
vn -0.4657 0.2516 -0.8484
vn -0.8369 0.1587 -0.5238
vn -0.4456 0.2263 -0.8662
vn -0.6925 0.5865 -0.4201
vn -0.6865 0.6218 -0.3770
vn -0.6071 0.7391 -0.2919
vn -0.5931 0.7353 -0.3280
vn -0.8776 -0.4418 -0.1861
vn -0.9557 -0.2823 0.0829
vn -0.9494 -0.2521 0.1873
vn -0.8979 -0.4395 -0.0238
vn 0.6635 0.7395 0.1132
vn 0.7996 0.6005 0.0058
vn 0.6221 0.7106 -0.3287
vn 0.4536 0.8647 -0.2157
vn 0.4382 0.0251 -0.8985
vn 0.9933 -0.0950 -0.0662
vn 0.8279 -0.0849 -0.5545
vn 0.8108 0.0485 -0.5833
vn 0.7208 0.0495 -0.6913
vn 0.4641 0.0673 -0.8832
vn 0.4592 0.1182 -0.8804
vn 0.6848 0.1207 -0.7187
vn 0.5899 0.1448 -0.7944
vn -0.0000 0.1607 -0.9870
vn 0.8814 0.1444 0.4498
vn 0.9467 0.1834 0.2649
vn 0.9398 0.2173 0.2636
vn 0.8723 0.1631 0.4611
vn 0.2035 0.9377 0.2815
vn 0.2028 0.9337 0.2951
vn 0.4372 0.8280 0.3511
vn 0.4427 0.8304 0.3383
vn 0.8569 -0.1376 -0.4967
vn 0.7501 -0.1311 -0.6482
vn 0.7340 -0.0582 -0.6766
vn 0.5088 -0.1287 -0.8512
vn 0.4891 -0.0401 -0.8713
vn -0.4592 0.1182 -0.8804
vn -0.0000 0.1041 -0.9946
vn 0.7098 0.1638 -0.6851
vn 0.4279 0.1375 -0.8933
vn 0.4621 0.1729 -0.8698
vn 0.7222 0.1595 -0.6730
vn -0.0000 0.0800 -0.9968
vn -0.0000 -0.0308 -0.9995
vn -0.5096 0.0214 0.8602
vn -0.6754 0.0593 0.7351
vn -0.6686 -0.0560 0.7415
vn -0.5128 -0.1384 0.8473
vn 0.8570 -0.2526 -0.4492
vn 0.9915 -0.1276 0.0248
vn 0.9598 -0.2649 0.0926
vn 0.7459 -0.2304 -0.6249
vn -0.0000 -0.9999 -0.0127
vn -0.0000 -0.9102 0.4142
vn -0.3025 -0.8515 0.4284
vn -0.3606 -0.9327 0.0030
vn -0.9759 0.2039 0.0777
vn -0.9684 0.1731 -0.1794
vn -0.9819 0.1317 -0.1363
vn -0.9928 0.1160 0.0282
vn -0.4641 0.0673 -0.8832
vn -0.3778 -0.8756 -0.3011
vn -0.3951 -0.9162 0.0671
vn -0.7949 -0.6063 -0.0227
vn -0.7219 -0.5895 -0.3624
vn -0.6603 -0.4496 -0.6015
vn -0.6763 -0.4558 -0.5786
vn -0.8371 -0.4293 -0.3391
vn -0.8456 -0.4204 -0.3289
vn -0.4891 -0.0401 -0.8713
vn -0.0000 -0.1311 -0.9914
vn -0.5088 -0.1287 -0.8512
vn 0.4946 -0.2595 -0.8295
vn 0.6962 -0.4259 -0.5779
vn 0.4179 -0.6052 -0.6776
vn -0.7266 -0.0864 0.6816
vn -0.6747 -0.3238 0.6633
vn -0.5569 -0.2130 0.8028
vn -0.5664 -0.0858 0.8197
vn 0.7742 -0.6309 0.0515
vn 0.7293 -0.5882 -0.3495
vn -0.3030 0.3714 -0.8776
vn -0.2717 0.3032 -0.9134
vn -0.4664 0.3023 -0.8313
vn -0.5366 0.3372 -0.7736
vn -0.7208 0.0495 -0.6913
vn -0.7340 -0.0582 -0.6766
vn 0.0893 -0.4682 0.8791
vn 0.4842 -0.4064 0.7748
vn 0.5581 -0.3865 0.7342
vn 0.1324 -0.4347 0.8908
vn 0.1218 0.7379 0.6638
vn 0.1161 0.9200 0.3743
vn 0.1444 0.9202 0.3637
vn 0.1441 0.7345 0.6632
vn 0.9171 -0.1189 -0.3804
vn 0.9223 -0.3375 -0.1882
vn 0.6860 -0.6216 -0.3781
vn 0.7685 -0.2186 -0.6014
vn -0.6848 0.1207 -0.7187
vn -0.8108 0.0485 -0.5833
vn -0.8279 -0.0849 -0.5545
vn 0.1122 0.9913 -0.0696
vn 0.0331 0.9994 -0.0077
vn 0.2086 0.9606 0.1836
vn 0.2895 0.9493 0.1224
vn -0.4946 -0.2595 -0.8295
vn -0.7459 -0.2304 -0.6249
vn -0.7501 -0.1311 -0.6482
vn -0.0000 -0.2802 -0.9599
vn -0.0000 -0.6339 -0.7734
vn 0.3657 -0.8741 -0.3197
vn -0.0000 -0.9421 -0.3353
vn 0.1076 0.5877 0.8019
vn 0.1406 0.6323 0.7618
vn 0.0960 0.7285 0.6783
vn 0.2872 0.7276 -0.6230
vn 0.3114 0.6056 -0.7323
vn 0.2799 0.5764 -0.7678
vn 0.2325 0.7349 -0.6371
vn 0.8476 0.1570 -0.5069
vn 0.5261 0.2464 -0.8139
vn 0.4456 0.2263 -0.8662
vn -0.4382 0.0251 -0.8985
vn -0.9922 0.0562 0.1115
vn -0.9926 0.0137 -0.1206
vn -0.9926 -0.0399 -0.1148
vn -0.9918 -0.0056 0.1280
vn 0.9588 0.1273 -0.2540
vn -0.3829 -0.9065 0.1778
vn -0.7146 -0.6993 -0.0198
vn -0.4610 -0.7641 -0.4512
vn -0.0881 -0.9734 -0.2114
vn -0.3657 -0.8741 -0.3197
vn -0.9478 -0.3182 0.0200
vn -0.9387 -0.2103 0.2731
vn -0.9394 -0.1541 0.3063
vn -0.6962 -0.4259 -0.5779
vn -0.4179 -0.6052 -0.6776
vn -0.7293 -0.5882 -0.3495
vn -0.7742 -0.6309 0.0515
vn -0.9915 -0.1276 0.0248
vn -0.9933 -0.0950 -0.0662
vn -0.8569 -0.1376 -0.4967
vn 0.9394 -0.1541 0.3063
vn 0.9557 -0.2823 0.0829
vn 0.9494 -0.2521 0.1873
vn 0.9287 -0.1221 0.3501
vn -0.8570 -0.2526 -0.4492
vn 0.6117 0.6503 0.4505
vn 0.7113 0.4739 0.5191
vn 0.8682 0.4691 0.1620
vn 0.7701 0.6265 0.1201
vn 0.6801 0.7086 -0.1882
vn 0.3320 0.9250 -0.1848
vn 0.3755 0.9248 0.0617
vn 0.6989 0.7151 0.0087
vn -0.8459 0.2880 -0.4488
vn -0.8466 0.2664 -0.4608
vn -0.8142 0.5274 -0.2428
vn -0.2725 0.3703 -0.8880
vn -0.1737 0.4092 -0.8957
vn -0.7892 0.5727 -0.2219
vn 0.9759 0.2039 0.0777
vn 0.9928 0.1160 0.0282
vn 0.9819 0.1317 -0.1363
vn 0.9684 0.1731 -0.1794
vn 0.8754 0.0584 -0.4798
vn 0.7355 -0.0899 0.6716
vn 0.9969 0.0043 0.0782
vn 0.8148 0.5167 -0.2629
vn 0.7099 0.6318 -0.3113
vn 0.6239 0.7785 0.0686
vn 0.3025 -0.8515 0.4284
vn 0.2337 -0.5268 0.8172
vn -0.0000 -0.5571 0.8305
vn 0.9365 0.1857 -0.2976
vn 0.8976 0.1703 -0.4065
vn 0.7185 0.1948 -0.6677
vn 0.4422 -0.8859 -0.1402
vn 0.4560 -0.8745 0.1654
vn -0.0100 -0.9927 0.1206
vn -0.0003 -0.9629 -0.2698
vn 0.6834 -0.1208 0.7200
vn 0.9855 -0.0674 0.1555
vn 0.4914 0.7546 -0.4348
vn 0.3789 0.9226 -0.0720
vn 0.9974 -0.0367 -0.0621
vn 0.9299 -0.0211 -0.3672
vn 0.9148 0.0904 -0.3936
vn 0.9925 0.0551 -0.1089
vn -0.8976 0.1703 -0.4065
vn -0.7185 0.1948 -0.6677
vn -0.7222 0.1595 -0.6730
vn 0.7017 0.0899 -0.7068
vn 0.8985 0.1567 -0.4101
vn 0.4953 -0.2270 0.8386
vn 0.6442 -0.2630 0.7182
vn 0.6531 -0.2351 0.7198
vn 0.4504 -0.1880 0.8728
vn 0.6981 -0.0433 -0.7147
vn 0.1984 0.4496 -0.8710
vn 0.2578 0.3564 -0.8981
vn -0.0440 0.3046 -0.9515
vn -0.1278 0.3858 -0.9137
vn 0.6419 -0.2298 0.7315
vn 0.9577 -0.1964 0.2103
vn 0.9214 -0.2000 -0.3331
vn 0.6905 -0.2544 -0.6771
vn -0.2889 0.3028 -0.9082
vn -0.0091 0.2704 -0.9627
vn -0.0966 0.2336 -0.9675
vn -0.3212 0.2389 -0.9164
vn 0.7640 0.1208 -0.6338
vn 0.7789 0.0084 -0.6271
vn 0.6659 -0.0741 -0.7424
vn 0.6398 0.0991 -0.7621
vn -0.4621 0.1729 -0.8698
vn 0.3737 0.1966 -0.9065
vn 0.2148 0.1635 -0.9629
vn 0.3735 0.0424 -0.9267
vn 0.3293 -0.1014 -0.9388
vn -0.1836 -0.1450 0.9723
vn -0.4504 -0.1880 0.8728
vn -0.4953 -0.2270 0.8386
vn -0.2307 -0.1832 0.9556
vn 0.8443 -0.4932 0.2095
vn 0.9353 -0.3538 -0.0012
vn 0.9849 -0.1717 -0.0238
vn 0.8231 -0.5200 -0.2283
vn 0.7432 0.3715 -0.5564
vn 0.9116 0.2843 -0.2969
vn 0.9129 0.2502 -0.3224
vn 0.7532 0.3155 -0.5772
vn 0.0617 -0.0248 -0.9978
vn 0.1276 0.0930 -0.9875
vn -0.5628 0.7495 -0.3486
vn -0.2256 0.9131 -0.3396
vn -0.0724 0.7200 -0.6902
vn -0.3816 0.5947 -0.7076
vn 0.5974 -0.5504 0.5832
vn 0.4162 -0.8666 0.2753
vn 0.6212 -0.7835 0.0150
vn -0.6902 -0.6556 -0.3065
vn -0.8974 -0.2610 -0.3558
vn -0.7859 -0.1416 -0.6019
vn -0.6613 -0.3686 -0.6533
vn -0.0279 -0.3981 0.9169
vn -0.4311 -0.3682 0.8238
vn -0.3425 -0.3019 0.8897
vn 0.0003 -0.2854 0.9584
vn -0.4908 -0.3670 0.7902
vn -0.0708 -0.5200 0.8512
vn 0.0829 -0.2957 0.9517
vn 0.0642 0.1665 -0.9839
vn -0.1202 -0.0916 -0.9885
vn -0.6522 -0.1587 -0.7413
vn -0.0331 0.0641 -0.9974
vn -0.6635 0.7395 0.1132
vn -0.7996 0.6005 0.0058
vn -0.8384 0.4271 0.3387
vn -0.7437 0.5114 0.4306
vn 0.0034 -0.1647 -0.9863
vn -0.2097 -0.2128 -0.9543
vn 0.4652 0.4376 0.7695
vn 0.6635 0.5857 0.4656
vn 0.5530 0.7061 0.4422
vn 0.3880 0.5263 0.7566
vn 0.3216 -0.3047 -0.8965
vn -0.0056 -0.3408 -0.9401
vn 0.4369 0.1244 0.8909
vn 0.3758 0.1442 0.9154
vn 0.8693 0.3007 0.3922
vn 0.8734 0.2664 0.4077
vn 0.6155 -0.5929 -0.5193
vn 0.5096 0.0214 0.8602
vn 0.6754 0.0593 0.7351
vn 0.6478 0.1512 0.7467
vn 0.3995 -0.8902 -0.2189
vn -0.0905 0.9944 0.0545
vn -0.3972 0.4580 0.7953
vn -0.4307 0.4189 0.7994
vn -0.1595 0.9863 0.0412
vn 0.1290 -0.8860 -0.4455
vn 0.1914 -0.9813 0.0227
vn 0.2969 -0.6268 -0.7204
vn 0.4579 0.0336 0.8884
vn 0.1453 -0.0391 0.9886
vn 0.1475 -0.2097 0.9666
vn 0.4278 -0.3542 0.8316
vn -0.1483 0.8495 -0.5063
vn -0.3289 0.7200 -0.6111
vn -0.6221 0.7106 -0.3287
vn -0.4536 0.8647 -0.2157
vn -0.7774 -0.3455 0.5257
vn -0.5780 -0.6744 0.4595
vn -0.0951 -0.5615 0.8220
vn -0.2196 -0.2441 0.9445
vn -0.5681 0.2012 -0.7980
vn -0.7375 0.2071 -0.6428
vn -0.7131 0.2567 -0.6524
vn -0.5224 0.2295 -0.8213
vn -0.9257 0.3378 -0.1704
vn -0.9098 0.3584 0.2095
vn -0.8682 0.4691 0.1620
vn -0.8822 0.4161 -0.2206
vn -0.2198 -0.3950 -0.8920
vn -0.6859 -0.4512 -0.5709
vn -0.7086 -0.2557 -0.6576
vn -0.2671 0.7814 -0.5640
vn -0.3427 0.6481 -0.6801
vn -0.7029 0.5463 -0.4555
vn -0.6602 0.6593 -0.3599
vn 0.8469 -0.3367 0.4116
vn 0.7826 -0.3546 0.5117
vn 0.8388 -0.3517 0.4156
vn 0.8834 -0.3471 0.3149
vn -0.7826 -0.3546 0.5117
vn -0.8388 -0.3517 0.4156
vn -0.7226 -0.5826 0.3720
vn -0.5950 -0.6009 0.5338
vn 0.0369 -0.7670 -0.6406
vn 0.5085 -0.7465 -0.4291
vn -0.1968 -0.9746 0.1068
vn -0.0510 -0.8901 0.4530
vn -0.9416 -0.3358 -0.0240
vn -0.9410 -0.2456 0.2328
vn -0.7972 -0.5823 0.1596
vn -0.4195 -0.8795 -0.2248
vn 0.0624 -0.1220 0.9906
vn 0.1326 -0.1793 0.9748
vn -0.1348 -0.1866 0.9731
vn -0.1076 0.5877 0.8019
vn -0.1406 0.6323 0.7618
vn 0.0877 0.9933 0.0747
vn 0.1515 0.9832 0.1016
vn -0.2682 -0.4229 0.8656
vn 0.0288 -0.6640 0.7472
vn 0.4286 -0.5568 0.7115
vn 0.3437 -0.3139 0.8851
vn -0.6075 -0.6270 -0.4876
vn -0.3636 -0.5630 -0.7422
vn -0.0028 -0.8439 -0.5365
vn -0.8438 -0.3974 -0.3606
vn -0.5072 -0.3461 -0.7893
vn -0.9663 -0.1756 -0.1882
vn 0.6570 -0.3700 -0.6569
vn 0.4921 -0.4558 -0.7417
vn -0.0543 -0.3353 -0.9406
vn -0.5182 -0.6466 -0.5598
vn -0.5683 -0.5110 -0.6449
vn -0.2956 -0.5808 -0.7585
vn -0.1377 -0.8287 -0.5424
vn 0.2896 0.9561 0.0444
vn -0.0691 0.9971 0.0331
vn -0.0605 0.9269 0.3703
vn 0.2620 0.8737 0.4098
vn 0.3159 -0.9361 -0.1543
vn 0.4599 -0.8352 0.3017
vn 0.7651 -0.6376 0.0902
vn 0.8429 -0.3473 0.4110
vn 0.9478 -0.3182 0.0200
vn 0.9416 -0.3358 -0.0240
vn 0.8506 -0.4265 -0.3074
vn 0.8573 -0.4385 -0.2697
vn 0.3192 -0.6658 -0.6744
vn 0.6108 -0.7234 -0.3221
vn 0.8861 -0.0608 0.4596
vn 0.9663 -0.1756 -0.1882
vn 0.8963 0.0784 0.4364
vn 0.9635 -0.1096 0.2441
vn 0.9647 0.0364 0.2610
vn 0.9717 -0.2310 -0.0490
vn -0.9598 -0.2649 0.0926
vn 0.5539 -0.2705 -0.7874
vn 0.8499 -0.2549 -0.4611
vn 0.0189 -0.5284 -0.8488
vn 0.7053 -0.0927 -0.7028
vn 0.1674 0.0712 -0.9833
vn 0.1056 -0.1442 -0.9839
vn 0.8823 0.0969 -0.4606
vn 0.9950 0.0891 -0.0454
vn 0.9890 0.0889 -0.1185
vn 0.9934 0.0413 -0.1066
vn 0.9698 -0.0076 -0.2437
vn 0.9759 0.0447 -0.2136
vn -0.0000 -0.4396 0.8982
vn 0.1350 -0.5064 0.8517
vn 0.0835 -0.5581 0.8256
vn 0.3174 -0.0289 -0.9479
vn 0.2986 -0.1789 -0.9375
vn 0.0730 -0.4056 -0.9111
vn 0.9865 -0.1381 -0.0876
vn 0.9562 -0.2888 -0.0485
vn 0.8178 -0.5375 -0.2057
vn 0.9355 -0.2329 -0.2659
vn 0.9445 0.2386 -0.2259
vn -0.1394 -0.6859 -0.7142
vn 0.9820 0.1861 -0.0324
vn 0.9562 0.1278 0.2635
vn -0.7425 0.0833 0.6646
vn -0.7340 0.0189 0.6788
vn -0.5748 0.0058 0.8183
vn -0.5905 0.0607 0.8047
vn -0.6981 -0.0433 -0.7147
vn -0.6905 -0.2544 -0.6771
vn -0.9214 -0.2000 -0.3331
vn -0.9299 -0.0211 -0.3672
vn 0.0698 0.3204 -0.9447
vn 0.0634 0.2147 -0.9746
vn -0.2701 0.1687 -0.9479
vn 0.0966 0.2336 -0.9675
vn 0.6566 0.2826 -0.6993
vn 0.9321 0.2650 -0.2470
vn 0.8285 0.5596 -0.0197
vn -0.0000 0.9993 -0.0381
vn -0.0000 0.9441 -0.3297
vn 0.8507 0.4994 -0.1641
vn -0.5989 0.7046 0.3806
vn -0.5958 0.6960 0.4007
vn -0.7075 0.5613 0.4294
vn -0.6935 0.5959 0.4049
vn -0.8693 0.3007 0.3922
vn -0.8972 0.2714 -0.3484
vn -0.8753 0.2777 -0.3960
vn -0.8667 0.3230 0.3800
vn 0.0440 0.3046 -0.9515
vn 0.1278 0.3858 -0.9137
vn -0.5933 0.4674 -0.6554
vn -0.6221 0.3569 -0.6969
vn -0.1655 0.0617 0.9843
vn -0.1630 0.0999 0.9816
vn -0.4915 0.1869 0.8506
vn -0.4853 0.1449 0.8622
vn 0.4472 0.3756 -0.8118
vn 0.4274 0.4446 -0.7872
vn 0.8681 0.1824 0.4617
vn 0.9216 0.2911 -0.2569
vn 0.9705 0.2394 -0.0293
vn 0.9588 0.2825 -0.0302
vn 0.4748 0.1172 0.8723
vn 0.4620 0.0974 0.8815
vn 0.7385 0.1517 0.6570
vn 0.7404 0.1777 0.6483
vn 0.7549 0.0535 0.6536
vn 0.3369 0.1194 -0.9339
vn 0.3212 0.2389 -0.9164
vn 0.6176 0.2724 -0.7378
vn 0.6187 0.1830 -0.7640
vn -0.6176 0.2724 -0.7378
vn -0.6055 0.3340 -0.7224
vn 0.0091 0.2704 -0.9627
vn 0.6318 0.3195 -0.7062
vn 0.6221 0.3569 -0.6969
vn 0.8902 0.3760 -0.2574
vn 0.8478 0.2276 0.4789
vn 0.2889 0.3028 -0.9082
vn 0.6055 0.3340 -0.7224
vn 0.8549 0.3317 -0.3988
vn 0.8684 0.2787 -0.4102
vn 0.4915 0.1869 0.8506
vn 0.4853 0.1449 0.8622
vn 0.7484 0.2124 0.6284
vn 0.7552 0.2570 0.6030
vn 0.5933 0.4674 -0.6554
vn -0.6454 -0.0852 -0.7591
vn -0.4556 -0.1402 -0.8791
vn -0.4296 -0.3354 -0.8384
vn -0.6463 -0.2620 -0.7167
vn 0.5888 0.3947 -0.7054
vn 0.9374 0.2365 -0.2555
vn 0.9625 0.1451 -0.2291
vn 0.8370 0.1102 -0.5360
vn 0.8322 0.2077 -0.5141
vn 0.4942 -0.0283 -0.8689
vn 0.4556 -0.1402 -0.8791
vn -0.0707 -0.3071 -0.9490
vn 0.0456 -0.1815 -0.9823
vn 0.9343 0.2482 0.2559
vn 0.8053 0.2704 0.5276
vn 0.9189 0.2993 0.2568
vn 0.8869 0.3628 0.2859
vn 0.3606 -0.9327 0.0030
vn 0.9440 0.3275 -0.0396
vn 0.8347 0.3872 -0.3917
vn 0.5481 0.2993 0.7810
vn 0.5050 0.3778 0.7761
vn 0.2729 0.2560 0.9274
vn 0.3134 0.2022 0.9279
vn 0.4614 0.2222 -0.8589
vn 0.7635 0.1773 -0.6210
vn 0.7732 0.0701 -0.6303
vn 0.4501 0.1044 -0.8868
vn -0.2606 0.4539 -0.8521
vn 0.0844 0.5476 -0.8325
vn 0.5483 0.4860 -0.6806
vn 0.5299 0.5929 -0.6063
vn 0.4788 0.6546 -0.5850
vn -0.3879 0.4638 -0.7965
vn 0.8142 0.5274 -0.2428
vn 0.7594 0.2765 0.5889
vn 0.7045 0.2922 0.6467
vn 0.7892 0.5727 -0.2219
vn 0.7978 0.4644 -0.3845
vn 0.9190 0.3912 -0.0493
vn -0.4799 0.4795 -0.7347
vn 0.4407 0.6977 -0.5648
vn -0.9365 0.1857 -0.2976
vn 0.8384 0.4271 0.3387
vn 0.5713 0.3610 0.7371
vn 0.5537 0.8265 -0.1013
vn -0.2411 -0.1247 0.9625
vn 0.3633 -0.0277 0.9312
vn 0.3753 0.0182 0.9267
vn -0.2410 -0.0807 0.9672
vn 0.3093 0.9180 0.2481
vn -0.0330 0.9896 0.1401
vn -0.0593 0.9777 0.2014
vn 0.2751 0.9116 0.3055
vn 0.8756 0.4814 -0.0401
vn -0.4407 0.6977 -0.5648
vn 0.4799 0.4795 -0.7347
vn -0.3016 0.9119 -0.2785
vn -0.1006 0.6606 -0.7440
vn -0.0194 0.5523 -0.8334
vn -0.3810 0.5108 -0.7707
vn -0.4696 0.5924 -0.6546
vn 0.7859 -0.1416 -0.6019
vn 0.6613 -0.3686 -0.6533
vn -0.3735 0.0424 -0.9267
vn -0.7017 0.0899 -0.7068
vn -0.7098 0.1638 -0.6851
vn -0.4279 0.1375 -0.8933
vn -0.4231 0.8536 0.3039
vn -0.1887 0.9820 -0.0054
vn 0.1434 0.9892 0.0295
vn 0.1672 0.9855 0.0290
vn 0.4608 0.5996 -0.6543
vn -0.0533 0.6183 -0.7842
vn 0.3289 0.7200 -0.6111
vn 0.5842 0.5801 -0.5677
vn 0.1499 -0.5117 0.8460
vn 0.0883 -0.2009 0.9756
vn -0.2324 -0.3189 0.9189
vn 0.5511 0.5955 0.5845
vn 0.3662 0.6072 0.7051
vn 0.4307 0.4189 0.7994
vn -0.5455 -0.8363 0.0553
vn -0.5723 -0.7798 -0.2539
vn -0.1085 -0.9531 -0.2825
vn -0.1103 -0.9883 0.1053
vn 0.3972 0.4580 0.7953
vn 0.0905 0.9944 0.0545
vn 0.1595 0.9863 0.0412
vn -0.2226 0.7746 0.5920
vn 0.0438 0.9169 0.3966
vn -0.2086 0.9606 0.1836
vn -0.4411 0.8192 0.3665
vn -0.2799 0.5764 -0.7678
vn -0.3114 0.6056 -0.7323
vn -0.4260 0.7504 -0.5054
vn -0.5842 0.5801 -0.5677
vn -0.2101 0.6924 -0.6902
vn 0.0510 0.9985 -0.0212
vn 0.0034 0.9997 0.0239
vn 0.3016 0.9119 -0.2785
vn 0.8676 0.3989 0.2970
vn 0.7587 0.5035 0.4133
vn -0.9210 -0.2824 0.2684
vn -0.9197 -0.2337 -0.3154
vn -0.7914 -0.4972 -0.3556
vn -0.8124 -0.5827 0.0199
vn 0.7437 0.5114 0.4306
vn 0.4231 0.8536 0.3039
vn 0.1737 0.4092 -0.8957
vn -0.0600 0.5191 -0.8526
vn 0.2725 0.3703 -0.8880
vn -0.5989 -0.3878 0.7007
vn -0.5581 -0.3865 0.7342
vn -0.1324 -0.4347 0.8908
vn -0.1534 -0.4371 0.8862
vn -0.9689 0.1807 -0.1693
vn -0.6566 0.2826 -0.6993
vn -0.6318 0.3195 -0.7062
vn -0.9731 0.2019 -0.1108
vn 0.7314 0.5715 -0.3721
vn 0.2545 0.6912 -0.6764
vn 0.3006 0.6582 -0.6902
vn 0.5140 0.1165 -0.8498
vn 0.8466 0.2664 -0.4608
vn 0.4662 0.1931 -0.8634
vn 0.0724 0.7200 -0.6902
vn -0.2325 0.7349 -0.6371
vn 0.1483 0.8495 -0.5063
vn 0.9356 0.3039 0.1797
vn 0.7377 0.6487 0.1870
vn 0.6270 0.6842 0.3724
vn -0.7899 0.5347 0.3003
vn -0.7616 0.5837 0.2816
vn -0.2098 0.3268 0.9215
vn -0.2421 0.2791 0.9292
vn 0.3576 0.3565 -0.8631
vn 0.8407 0.4811 -0.2484
vn 0.4437 0.3016 -0.8439
vn 0.1887 0.9820 -0.0054
vn -0.3579 -0.4075 0.8401
vn -0.3565 -0.1282 0.9255
vn -0.1717 -0.9408 -0.2922
vn 0.3485 -0.8441 -0.4075
vn 0.4756 -0.8712 0.1217
vn 0.0909 -0.9649 0.2464
vn -0.9398 0.2173 0.2636
vn -0.9343 0.2482 0.2559
vn -0.9440 0.3275 -0.0396
vn -0.9588 0.2825 -0.0302
vn -0.9148 0.0904 -0.3936
vn 0.5628 0.7495 -0.3486
vn 0.3816 0.5947 -0.7076
vn 0.2256 0.9131 -0.3395
vn 0.8121 0.3223 0.4864
vn 0.9288 0.3645 0.0664
vn 0.8956 0.4381 0.0775
vn 0.7785 0.3939 0.4887
vn 0.4145 -0.8988 0.1426
vn 0.6824 -0.7186 0.1341
vn 0.5750 -0.6222 0.5313
vn 0.3077 -0.7842 0.5389
vn 0.4954 0.2498 -0.8320
vn 0.5224 0.2295 -0.8213
vn -0.0000 -0.3093 0.9510
vn -0.0000 -0.4304 0.9026
vn -0.2872 0.7276 -0.6230
vn -0.2235 0.9228 -0.3139
vn -0.1310 0.9403 -0.3143
vn 0.6605 0.3574 -0.6603
vn 0.6944 0.2957 -0.6560
vn 0.5930 0.4361 -0.6768
vn 0.2098 0.3268 0.9215
vn 0.1560 0.6694 0.7263
vn 0.0646 0.4674 0.8817
vn 0.9246 0.1931 0.3283
vn 0.8109 0.1624 0.5622
vn 0.7784 0.1221 0.6157
vn 0.9181 0.1373 0.3718
vn 0.1047 0.9931 0.0523
vn -0.2808 0.6321 -0.7222
vn 0.6163 -0.4780 -0.6258
vn 0.3802 -0.6507 -0.6573
vn 0.4296 -0.3354 -0.8384
vn 0.6463 -0.2620 -0.7167
vn 0.4026 0.4878 0.7746
vn 0.6160 0.7856 0.0576
vn 0.7852 0.5140 -0.3454
vn 0.5145 0.4996 -0.6969
vn 0.7034 0.6179 -0.3514
vn 0.5681 0.2012 -0.7980
vn 0.7548 0.6526 0.0668
vn 0.8380 0.5404 0.0755
vn 0.7131 0.2567 -0.6524
vn 0.7375 0.2071 -0.6428
vn 0.6913 0.2200 -0.6883
vn 0.6571 0.1543 -0.7378
vn -0.3361 0.9364 -0.1008
vn -0.3809 0.9228 -0.0578
vn -0.8366 -0.2501 0.4873
vn -0.8734 0.2664 0.4077
vn -0.4369 0.1244 0.8909
vn 0.1974 0.8629 0.4652
vn -0.7737 -0.2113 0.5973
vn -0.6559 -0.1928 0.7298
vn -0.5251 -0.2550 0.8119
vn -0.7266 -0.3157 0.6102
vn 0.5566 0.6937 0.4571
vn 0.4037 0.6008 0.6899
vn 0.3759 0.6513 0.6592
vn 0.3987 0.8133 0.4239
vn 0.7480 0.3378 0.5713
vn 0.9196 0.2986 0.2554
vn 0.9098 0.3584 0.2095
vn 0.8702 0.3455 -0.3512
vn 0.8428 0.4159 -0.3416
vn -0.8902 0.3760 -0.2574
vn -0.8478 0.2276 0.4789
vn -0.8681 0.1824 0.4617
vn -0.9216 0.2911 -0.2569
vn 0.8771 0.2144 -0.4299
vn -0.3293 -0.1014 -0.9388
vn 0.2391 -0.5973 -0.7656
vn 0.0543 -0.3353 -0.9406
vn 0.7266 0.4905 0.4811
vn -0.4954 0.2498 -0.8320
vn -0.6944 0.2957 -0.6560
vn -0.6605 0.3574 -0.6603
vn -0.4437 0.3016 -0.8439
vn 0.8840 -0.3603 0.2979
vn 0.8278 -0.4589 0.3227
vn 0.8735 -0.2718 0.4038
vn 0.9168 -0.2441 0.3161
vn 0.6366 -0.4856 -0.5991
vn 0.6351 -0.5653 -0.5264
vn 0.9043 0.2262 -0.3620
vn 0.9111 0.1695 -0.3757
vn -0.9052 0.0146 0.4248
vn -0.9802 -0.1107 0.1641
vn -0.8895 -0.0992 0.4460
vn -0.0498 0.9817 0.1838
vn -0.0998 0.9687 0.2272
vn 0.9875 0.1202 0.1015
vn 0.9805 0.1848 0.0667
vn 0.8974 -0.2610 -0.3558
vn 0.6902 -0.6556 -0.3065
vn 0.5958 0.6960 0.4007
vn 0.7075 0.5613 0.4294
vn 0.4209 -0.8519 -0.3115
vn -0.1943 -0.7364 -0.6480
vn 0.9162 0.0709 -0.3944
vn -0.0792 0.9742 0.2113
vn -0.3543 0.9316 -0.0814
vn -0.5838 0.7520 -0.3061
vn 0.8011 -0.5258 0.2861
vn 0.8120 -0.3156 0.4910
vn 0.3131 -0.3889 0.8664
vn 0.5144 -0.6299 0.5819
vn -0.4921 -0.4558 -0.7417
vn -0.6570 -0.3700 -0.6569
vn 0.8371 -0.4293 -0.3391
vn 0.9247 -0.3672 -0.1003
vn 0.8903 -0.4382 -0.1240
vn 0.8022 -0.4981 -0.3292
vn -0.7451 0.2153 0.6313
vn -0.7552 0.2570 0.6030
vn -0.9196 0.2986 0.2554
vn -0.9168 0.2649 0.2988
vn 0.2808 0.6321 -0.7222
vn -0.0000 0.9909 0.1349
vn -0.1047 0.9931 0.0523
vn 0.5838 0.7520 -0.3061
vn 0.3543 0.9316 -0.0814
vn -0.6544 0.6537 -0.3800
vn 0.6544 0.6537 -0.3800
vn 0.8687 -0.0650 0.4910
vn 0.7796 -0.0070 0.6262
vn 0.7957 -0.0220 0.6053
vn -0.0613 0.9912 -0.1177
vn -0.4388 0.8985 0.0144
vn -0.3093 0.9180 0.2481
vn 0.0330 0.9896 0.1401
vn -0.1822 -0.8793 0.4401
vn -0.5774 -0.6626 -0.4771
vn -0.0187 0.9997 0.0184
vn 0.7231 -0.6884 -0.0567
vn 0.3186 -0.9244 0.2098
vn 0.1716 -0.9848 -0.0282
vn 0.6162 -0.7502 -0.2399
vn -0.3737 0.1966 -0.9065
vn -0.2148 0.1635 -0.9629
vn 0.9473 0.2967 -0.1205
vn 0.9257 0.3378 -0.1704
vn 0.5989 0.7046 0.3806
vn 0.6935 0.5959 0.4049
vn 0.9284 -0.2918 0.2301
vn 0.8991 -0.3679 0.2372
vn 0.8763 -0.3913 0.2810
vn 0.9046 -0.3058 0.2970
vn -0.4942 -0.0283 -0.8689
vn -0.6493 0.0440 -0.7593
vn 0.9581 -0.2704 0.0940
vn 0.7999 -0.2715 0.5352
vn -0.6293 -0.5824 0.5146
vn -0.6049 -0.7239 0.3317
vn -0.2871 -0.6317 0.7201
vn -0.2884 0.9161 0.2786
vn -0.4252 -0.7046 0.5681
vn -0.5667 -0.5807 0.5845
vn -0.1350 -0.5064 0.8517
vn -0.0835 -0.5581 0.8256
vn 0.4388 0.8985 0.0144
vn 0.6495 -0.1849 0.7376
vn 0.8623 0.0315 0.5055
vn 0.6686 -0.0560 0.7415
vn -0.5302 -0.3698 0.7630
vn 0.0708 -0.5200 0.8512
vn -0.0829 -0.2957 0.9517
vn -0.7662 -0.2352 0.5980
vn -0.8159 -0.1076 0.5681
vn -0.9247 -0.3672 -0.1003
vn -0.9355 -0.3477 -0.0634
vn 0.0545 0.9827 0.1771
vn 0.0613 0.9912 -0.1177
vn 0.8525 -0.4382 -0.2851
vn 0.6089 -0.4299 -0.6667
vn 0.3925 -0.4857 -0.7811
vn 0.8226 -0.5224 -0.2245
vn 0.1769 0.8926 0.4146
vn 0.1930 0.9176 0.3476
vn -0.2729 0.2560 0.9274
vn -0.8078 0.4907 0.3266
vn 0.3878 0.9176 0.0868
vn -0.9123 0.2038 -0.3552
vn -0.9167 0.1150 -0.3828
vn -0.9715 0.0711 -0.2262
vn 0.0254 0.0821 -0.9963
vn -0.2954 0.0192 -0.9552
vn 0.8799 0.4630 -0.1073
vn 0.8378 0.5459 -0.0082
vn 0.9522 0.2813 0.1189
vn 0.5762 0.7855 -0.2257
vn 0.6856 0.7277 0.0194
vn -0.3879 0.9140 0.1190
vn -0.6927 0.7201 0.0405
vn -0.6856 0.7277 0.0194
vn -0.3878 0.9176 0.0868
vn 0.4908 -0.3670 0.7902
vn 0.5128 -0.1384 0.8473
vn 0.8367 -0.2501 0.4872
vn 0.7761 0.6306 -0.0064
vn -0.3755 0.9248 0.0617
vn -0.6989 0.7151 0.0087
vn -0.9321 0.2650 -0.2470
vn -0.9445 0.2386 -0.2259
vn -0.5405 -0.2937 0.7885
vn -0.6559 -0.1227 0.7448
vn -0.8345 -0.0587 0.5479
vn -0.7658 -0.2312 0.6001
vn 0.8780 0.1348 0.4594
vn 0.6602 0.6593 -0.3599
vn 0.2671 0.7814 -0.5640
vn 0.1741 0.9042 -0.3901
vn 0.9576 0.2838 0.0504
vn -0.7551 0.1514 0.6379
vn -0.8763 0.2064 0.4353
vn -0.8516 0.1952 0.4865
vn -0.7210 0.1386 0.6789
vn -0.5566 0.6937 0.4571
vn -0.4944 0.8153 0.3015
vn -0.5881 0.7170 0.3741
vn 0.8701 0.2000 0.4505
vn 0.0600 0.5191 -0.8526
vn -0.2684 0.8517 -0.4500
vn -0.3320 0.9250 -0.1848
vn 0.8942 0.4077 -0.1847
vn 0.7029 0.5463 -0.4555
vn 0.3427 0.6481 -0.6801
vn 0.9947 0.1000 0.0216
vn 0.9920 -0.1197 0.0401
vn 0.9417 -0.3066 -0.1382
vn 0.9833 0.0521 -0.1744
vn 0.9546 0.2935 0.0502
vn 0.9728 0.2291 0.0352
vn 0.8884 0.2850 -0.3600
vn -0.3454 0.1584 0.9250
vn -0.3758 0.1442 0.9154
vn 0.4762 0.2821 0.8329
vn 0.9815 0.1886 0.0323
vn 0.9731 0.2019 -0.1108
vn 0.9736 0.2152 -0.0758
vn 0.9037 0.3432 -0.2558
vn 0.9671 0.2534 -0.0242
vn -0.2911 -0.3352 -0.8960
vn -0.4980 -0.4110 -0.7636
vn -0.4039 -0.4682 -0.7859
vn -0.1376 -0.3654 -0.9206
vn 0.6083 0.2015 0.7677
vn 0.8420 0.2620 0.4716
vn 0.9689 0.1807 -0.1693
vn 0.9715 0.0711 -0.2262
vn 0.5788 0.2383 0.7798
vn 0.3361 0.9364 -0.1008
vn 0.3809 0.9228 -0.0578
vn 0.6071 0.7391 -0.2919
vn 0.5931 0.7353 -0.3280
vn 0.3454 0.1584 0.9250
vn 0.8667 0.3230 0.3800
vn 0.6493 0.0440 -0.7593
vn -0.8525 -0.4382 -0.2851
vn -0.6089 -0.4299 -0.6667
vn -0.6268 -0.5426 -0.5591
vn -0.8339 -0.4911 -0.2518
vn -0.8756 0.4814 -0.0401
vn -0.8869 0.3628 0.2859
vn -0.4652 0.4376 0.7695
vn -0.5050 0.3778 0.7761
vn 0.8448 0.3974 0.3582
vn -0.0811 0.9508 -0.2989
vn -0.0457 0.9491 -0.3115
vn 0.0900 0.9945 -0.0534
vn 0.9755 -0.0869 -0.2022
vn 0.2037 0.7780 -0.5943
vn 0.0457 0.9491 -0.3115
vn 0.1150 0.9612 -0.2508
vn 0.2510 0.7830 -0.5691
vn 0.2421 0.2791 0.9292
vn 0.7256 0.4482 -0.5222
vn 0.3956 0.5323 -0.7484
vn 0.9203 0.0020 -0.3912
vn 0.9167 0.1150 -0.3828
vn 0.9123 0.2038 -0.3552
vn -0.8053 0.2704 0.5276
vn -0.9189 0.2993 0.2568
vn -0.3956 0.5323 -0.7484
vn -0.4274 0.4446 -0.7872
vn -0.7432 0.3715 -0.5564
vn -0.7256 0.4482 -0.5222
vn -0.1948 0.7605 -0.6194
vn -0.2895 0.9493 0.1224
vn 0.5811 -0.8124 -0.0487
vn 0.0998 0.9687 0.2272
vn 0.0498 0.9817 0.1838
vn 0.9052 0.0146 0.4248
vn 0.9097 0.0829 0.4070
vn 0.7425 0.0833 0.6646
vn 0.7340 0.0189 0.6788
vn 0.7565 0.2562 -0.6017
vn 0.4596 0.3046 -0.8343
vn -0.3829 -0.8184 0.4285
vn 0.0069 -0.8660 0.5001
vn -0.8485 -0.3425 0.4033
vn -0.6195 -0.3094 0.7215
vn -0.5044 -0.6076 0.6135
vn -0.7314 -0.6146 0.2954
vn 0.1717 -0.9408 -0.2922
vn 0.2482 -0.8726 0.4207
vn -0.0909 -0.9649 0.2464
vn -0.9517 -0.2542 0.1723
vn -0.8307 -0.2538 0.4955
vn -0.9435 -0.3276 0.0488
vn 0.2606 0.4539 -0.8521
vn 0.3879 0.4638 -0.7965
vn -0.4788 0.6546 -0.5850
vn -0.5299 0.5929 -0.6063
vn 0.7899 0.5347 0.3003
vn 0.8078 0.4907 0.3266
vn -0.6150 0.0787 0.7846
vn -0.3753 0.0182 0.9267
vn -0.3967 0.0359 0.9172
vn 0.0221 0.4600 -0.8876
vn 0.0472 0.3945 -0.9177
vn -0.9171 -0.1189 -0.3804
vn -0.9203 0.0020 -0.3912
vn -0.7732 0.0701 -0.6303
vn -0.7685 -0.2186 -0.6014
vn -0.1682 -0.5483 0.8192
vn -0.3767 -0.5234 0.7643
vn 0.7616 0.5837 0.2816
vn 0.2851 -0.2926 0.9127
vn 0.5581 -0.2367 0.7953
vn 0.6549 -0.1612 0.7383
vn 0.3791 -0.2204 0.8987
vn -0.4756 -0.8712 0.1217
vn -0.3485 -0.8441 -0.4075
vn 0.4245 -0.2308 -0.8755
vn -0.6398 0.0991 -0.7621
vn 0.0864 -0.0145 0.9962
vn 0.1040 -0.0013 0.9946
vn -0.1640 0.0421 0.9856
vn 0.6693 -0.7420 0.0385
vn 0.3409 -0.9310 -0.1307
vn 0.4737 -0.7587 -0.4471
vn 0.9106 -0.2793 0.3046
vn 0.9377 -0.2594 0.2313
vn -0.1701 -0.6573 -0.7342
vn 0.3150 -0.7173 -0.6215
vn -0.1030 -0.8733 0.4762
vn -0.2115 -0.9652 0.1539
vn -0.5168 -0.3500 -0.7813
vn 0.5091 0.8302 0.2272
vn -0.0000 0.7941 -0.6078
vn 0.7908 0.4714 -0.3904
vn 0.8391 0.4489 -0.3073
vn -0.0000 0.8181 -0.5750
vn -0.0960 0.7285 0.6783
vn -0.2614 0.7336 -0.6273
vn -0.1938 0.9255 -0.3253
vn -0.5974 -0.5504 0.5832
vn -0.1499 -0.5117 0.8460
vn -0.0883 -0.2009 0.9756
vn -0.6419 -0.2298 0.7315
vn -0.7852 0.5140 -0.3454
vn -0.8380 0.5404 0.0755
vn -0.7548 0.6526 0.0668
vn -0.7034 0.6179 -0.3514
vn -0.1672 0.9855 0.0290
vn -0.1445 0.9202 0.3637
vn -0.8955 -0.1987 0.3982
vn -0.0000 0.1229 -0.9924
vn 0.8124 -0.5827 0.0199
vn 0.5487 -0.5256 0.6502
vn 0.2614 0.7336 -0.6273
vn -0.4560 -0.8745 0.1654
vn 0.0100 -0.9927 0.1206
vn -0.0069 -0.8660 0.5001
vn -0.4550 -0.7618 0.4612
vn -0.5487 -0.5256 0.6502
vn 0.9185 0.2594 0.2984
vn 0.9580 0.2772 -0.0732
vn -0.3473 -0.1183 -0.9302
vn -0.0424 -0.2340 -0.9713
vn 0.0424 -0.2340 -0.9713
vn -0.0254 0.0821 -0.9963
vn 0.3473 -0.1183 -0.9302
vn -0.1441 0.7345 0.6632
vn 0.5480 -0.2905 0.7844
vn 0.4595 -0.2822 0.8421
vn 0.4467 -0.2964 0.8441
vn 0.5168 -0.3500 -0.7813
vn 0.4993 -0.0723 -0.8634
vn -0.4993 -0.0723 -0.8634
vn -0.0570 -0.6033 0.7955
vn 0.4148 -0.5654 0.7129
vn 0.5405 -0.2937 0.7885
vn -0.0771 -0.3443 0.9357
vn -0.1161 0.9200 0.3743
vn -0.1218 0.7379 0.6638
vn -0.4026 0.4878 0.7746
vn 0.3385 -0.3007 0.8916
vn -0.3385 -0.3007 0.8916
vn -0.4467 -0.2964 0.8441
vn -0.7614 -0.6478 0.0251
vn -0.7375 -0.6290 0.2459
vn -0.7420 -0.6212 0.2520
vn -0.7463 -0.6654 0.0146
vn 0.1203 0.6519 0.7487
vn -0.8170 -0.2253 0.5309
vn -0.8077 -0.1878 0.5589
vn -0.9449 -0.2691 0.1862
vn -0.9450 -0.2974 0.1360
vn -0.0993 0.9911 0.0891
vn -0.3488 0.6102 0.7114
vn 0.5100 0.5754 -0.6394
vn -0.7480 0.3378 0.5713
vn -0.4762 0.2821 0.8329
vn -0.4408 0.4309 0.7874
vn -0.7113 0.4739 0.5191
vn -0.2753 0.7141 -0.6436
vn -0.1434 0.9892 0.0295
vn -0.1754 0.8517 0.4939
vn -0.7676 -0.0126 0.6408
vn 0.0119 -0.2027 0.9792
vn -0.1339 -0.1172 0.9840
vn 0.1682 -0.5483 0.8192
vn -0.5144 -0.6299 0.5819
vn -0.2482 -0.8726 0.4207
vn -0.7058 0.5003 -0.5016
vn -0.6243 0.4484 -0.6397
vn -0.2316 0.7833 -0.5769
vn 0.1938 0.9255 -0.3253
vn 0.0792 0.9742 0.2113
vn -0.6162 -0.7502 -0.2399
vn -0.8022 -0.4981 -0.3292
vn -0.6634 -0.5252 -0.5331
vn -0.5258 -0.7441 -0.4121
vn 0.7614 -0.6478 0.0251
vn 0.8103 -0.5797 -0.0859
vn 0.7831 -0.5950 -0.1808
vn 0.7463 -0.6654 0.0146
vn 0.8672 -0.2812 0.4109
vn 0.9248 -0.2465 0.2897
vn 0.9321 -0.2463 0.2656
vn 0.8864 -0.2779 0.3702
vn 0.2316 0.7833 -0.5769
vn 0.0811 0.9508 -0.2989
vn -0.0900 0.9945 -0.0534
vn -0.1122 0.9913 -0.0696
vn -0.8285 0.5596 -0.0197
vn -0.6801 0.7086 -0.1882
vn -0.8507 0.4994 -0.1641
vn -0.0331 0.9994 -0.0077
vn 0.2695 0.9517 0.1472
vn -0.2695 0.9517 0.1472
vn -0.4744 0.8208 0.3182
vn 0.4744 0.8208 0.3182
vn -0.5564 -0.4304 -0.7107
vn 0.2296 0.9546 0.1900
vn 0.9947 0.0886 0.0530
vn -0.1973 0.8629 0.4652
vn -0.5511 0.5955 0.5845
vn -0.3662 0.6072 0.7051
vn 0.5680 0.7259 0.3879
vn -0.5680 0.7259 0.3879
vn -0.9316 -0.0046 0.3634
vn -0.7253 0.0461 0.6869
vn -0.7076 0.1584 0.6886
vn -0.9150 0.1593 0.3707
vn -0.8499 -0.2549 -0.4611
vn -0.5539 -0.2705 -0.7874
vn -0.3192 -0.6658 -0.6744
vn -0.6108 -0.7234 -0.3221
vn -0.0191 0.6248 0.7805
vn 0.2622 0.7668 0.5860
vn -0.0864 -0.0145 0.9962
vn -0.0753 -0.0469 0.9961
vn 0.1578 0.0180 0.9873
vn 0.1640 0.0421 0.9856
vn 0.6823 0.4387 -0.5848
vn -0.1560 0.6694 0.7263
vn 0.0605 0.9269 0.3703
vn -0.2620 0.8737 0.4098
vn 0.7370 0.3842 -0.5562
vn -0.4372 0.8280 0.3511
vn -0.4427 0.8304 0.3383
vn -0.3759 0.6513 0.6592
vn -0.4037 0.6008 0.6899
vn -0.3987 0.8133 0.4239
vn 0.3767 -0.5234 0.7643
vn 0.4648 0.8109 0.3555
vn -0.2028 0.9337 0.2951
vn -0.2035 0.9377 0.2815
vn -0.1930 0.9176 0.3476
vn -0.1769 0.8926 0.4146
vn -0.0000 0.9605 0.2782
vn -0.0000 0.9637 0.2671
vn 0.3707 0.6020 0.7072
vn 0.0631 0.4749 0.8778
vn -0.2561 0.4378 0.8618
vn -0.2045 0.3201 0.9250
vn -0.3334 0.4209 -0.8436
vn -0.0000 0.9126 0.4089
vn -0.0000 0.9436 0.3312
vn -0.7231 -0.6884 -0.0567
vn -0.8903 -0.4382 -0.1240
vn 0.4408 0.4309 0.7874
vn -0.0000 0.4102 -0.9120
vn 0.5366 0.3372 -0.7736
vn 0.5731 0.3675 -0.7324
vn -0.0000 0.4585 -0.8887
vn -0.2924 0.2607 0.9201
vn -0.2701 0.1926 0.9434
vn -0.1777 0.2330 0.9561
vn 0.7872 0.3544 -0.5048
vn 0.8390 0.3091 -0.4478
vn -0.0893 -0.4682 0.8791
vn -0.4842 -0.4064 0.7748
vn -0.6071 -0.7375 -0.2959
vn -0.3998 -0.9100 -0.1097
vn -0.5834 -0.8086 0.0757
vn -0.7837 -0.6085 -0.1248
vn -0.2394 0.0842 0.9673
vn -0.1464 0.1167 0.9823
vn 0.9517 -0.2542 0.1723
vn 0.8307 -0.2538 0.4955
vn 0.7767 -0.2855 0.5615
vn 0.9075 -0.3199 0.2722
vn 0.2235 0.9228 -0.3139
vn 0.2410 -0.0807 0.9672
vn 0.2330 -0.0524 0.9711
vn 0.8753 0.2777 -0.3960
vn 0.8962 0.2723 -0.3503
vn 0.8822 0.4161 -0.2206
vn 0.1057 0.3389 0.9349
vn 0.1390 0.2010 0.9697
vn 0.8256 0.2701 0.4955
vn 0.8360 0.1497 0.5279
vn 0.9164 0.1893 0.3526
vn 0.9276 0.2629 0.2653
vn -0.8814 0.1444 0.4498
vn -0.8963 0.0784 0.4364
vn -0.7978 0.4644 -0.3845
vn -0.8347 0.3872 -0.3917
vn -0.9190 0.3912 -0.0493
vn -0.1201 0.0232 0.9925
vn 0.1630 0.0999 0.9816
vn -0.3369 0.1194 -0.9339
vn -0.6187 0.1830 -0.7640
vn 0.0187 0.9997 0.0184
vn 0.5881 0.7170 0.3741
vn -0.9392 -0.2485 0.2372
vn -0.9062 -0.2738 0.3222
vn -0.9106 -0.2793 0.3046
vn -0.9377 -0.2594 0.2313
vn 0.2512 0.0261 0.9676
vn -0.4239 0.0768 0.9024
vn -0.4165 0.0481 0.9079
vn 0.2311 -0.0218 0.9727
vn 0.9287 0.2414 -0.2815
vn 0.4944 0.8153 0.3015
vn 0.4411 0.8192 0.3665
vn 0.5774 -0.6626 -0.4771
vn 0.5723 -0.7798 -0.2539
vn 0.1085 -0.9531 -0.2825
vn 0.1943 -0.7364 -0.6480
vn 0.9169 -0.2501 0.3111
vn 0.8730 -0.2220 0.4342
vn 0.8764 -0.2590 0.4061
vn 0.9118 -0.3145 0.2639
vn 0.4122 -0.5617 0.7174
vn 0.0546 -0.6489 0.7589
vn 0.0601 -0.8848 0.4622
vn 0.5836 -0.5854 0.5627
vn -0.0828 -0.9630 0.2564
vn -0.6290 -0.5532 -0.5461
vn 0.1202 -0.0916 -0.9885
vn 0.2097 -0.2128 -0.9543
vn -0.0034 -0.1647 -0.9863
vn -0.0617 -0.0248 -0.9978
vn 0.3030 0.3714 -0.8776
vn 0.2717 0.3032 -0.9134
vn -0.0698 0.3204 -0.9447
vn -0.0472 0.3945 -0.9177
vn -0.9562 -0.2888 -0.0485
vn -0.8178 -0.5375 -0.2057
vn -0.6693 -0.7420 0.0385
vn -0.9116 -0.3711 0.1770
vn 0.9724 0.2320 -0.0248
vn -0.9302 0.2410 -0.2768
vn -0.9721 0.2335 -0.0221
vn -0.9577 0.2780 -0.0746
vn -0.7784 0.1221 0.6157
vn -0.7562 0.1060 0.6457
vn -0.6449 0.0871 0.7593
vn -0.1917 -0.0174 0.9813
vn -0.1666 -0.0308 0.9855
vn -0.1040 -0.0013 0.9946
vn 0.5392 -0.5121 0.6686
vn 0.4041 -0.4682 0.7858
vn -0.8121 0.3223 0.4864
vn -0.5788 0.2383 0.7798
vn -0.5481 0.2993 0.7810
vn -0.7785 0.3939 0.4887
vn -0.8303 0.2526 -0.4968
vn -0.6913 0.2200 -0.6883
vn -0.6571 0.1543 -0.7378
vn -0.8322 0.2077 -0.5141
vn 0.9320 0.2321 0.2785
vn 0.8506 0.1959 0.4879
vn 0.2226 0.7746 0.5920
vn -0.0438 0.9169 0.3966
vn -0.5145 0.4996 -0.6969
vn -0.5930 0.4361 -0.6768
vn -0.9473 0.2967 -0.1205
vn -0.5713 0.3610 0.7371
vn -0.2296 0.9546 0.1900
vn -0.4648 0.8109 0.3555
vn -0.2622 0.7668 0.5860
vn 0.0191 0.6248 0.7805
vn 0.2561 0.4378 0.8618
vn 0.3229 0.3592 0.8756
vn 0.1655 0.0617 0.9843
vn 0.2045 0.3201 0.9250
vn 0.2924 0.2607 0.9201
vn -0.6239 0.7785 0.0686
vn -0.7701 0.6265 0.1201
vn -0.6117 0.6503 0.4505
vn -0.3707 0.6020 0.7072
vn -0.0631 0.4749 0.8778
vn 0.2684 0.8517 -0.4500
vn -0.1741 0.9042 -0.3901
vn -0.1057 0.3389 0.9349
vn 0.1777 0.2330 0.9561
vn -0.6799 0.1123 0.7247
vn -0.4197 0.1061 0.9015
vn -0.8448 0.3974 0.3582
vn -0.3134 0.2022 0.9279
vn -0.9840 -0.0026 -0.1784
vn -0.9625 0.1451 -0.2291
vn -0.8370 0.1102 -0.5360
vn -0.8511 -0.0309 -0.5241
vn -0.5888 0.3947 -0.7054
vn -0.2578 0.3564 -0.8981
vn -0.9950 0.0891 -0.0454
vn -0.8823 0.0969 -0.4606
vn -0.9717 -0.2310 -0.0490
vn 0.6671 -0.5280 0.5255
vn 0.7795 -0.5831 -0.2290
vn 0.8042 -0.5944 0.0043
vn -0.4281 -0.3428 0.8362
vn -0.5483 0.4860 -0.6806
vn -0.1984 0.4496 -0.8710
vn -0.0993 -0.1613 0.9819
vn 0.1201 0.0232 0.9925
vn 0.2124 -0.0019 0.9772
vn 0.2394 0.0842 0.9673
vn 0.1464 0.1167 0.9823
vn 0.9687 0.2297 0.0939
vn 0.9565 0.2458 0.1571
vn 0.9384 0.2398 0.2486
vn -0.5581 -0.2367 0.7953
vn -0.6549 -0.1612 0.7383
vn -0.0715 -0.5000 0.8631
vn -0.1917 -0.2200 0.9565
vn -0.2054 -0.6382 0.7420
vn 0.5182 -0.6466 -0.5598
vn 0.1377 -0.8287 -0.5424
vn 0.2956 -0.5808 -0.7585
vn 0.5683 -0.5110 -0.6449
vn 0.7814 -0.6109 -0.1272
vn 0.6058 -0.7380 -0.2974
vn 0.7942 -0.5097 -0.3309
vn -0.8549 0.3317 -0.3988
vn -0.8684 0.2787 -0.4102
vn -0.1390 0.2010 0.9697
vn 0.1917 -0.0174 0.9813
vn -0.8517 -0.2394 -0.4662
vn -0.6163 -0.4780 -0.6258
vn 0.1340 -0.3042 0.9431
vn -0.0000 1.0000 -0.0045
vn -0.0000 1.0000 0.0066
vn 0.7990 0.6012 0.0102
vn 0.6398 -0.5793 0.5050
vn -0.8573 -0.4385 -0.2697
vn 0.0056 -0.3408 -0.9401
vn -0.3216 -0.3047 -0.8965
vn 0.1526 -0.7948 0.5873
vn 0.0167 -0.9342 0.3563
vn 0.2200 -0.9724 0.0773
vn 0.3931 -0.8633 0.3165
vn 0.1769 -0.9806 -0.0839
vn 0.3421 -0.9210 -0.1864
vn 0.3987 -0.9105 -0.1098
vn 0.5432 -0.7461 -0.3849
vn -0.1500 -0.0687 0.9863
vn 0.6045 0.0534 -0.7948
vn -0.6165 -0.6068 -0.5017
vn -0.7949 -0.5096 -0.3294
vn -0.5432 -0.7461 -0.3849
vn -0.4969 -0.7767 -0.3869
vn -0.3421 -0.9210 -0.1864
vn -0.1769 -0.9806 -0.0839
vn -0.9169 -0.2501 0.3111
vn -0.9168 -0.2441 0.3161
vn -0.9290 -0.3013 0.2149
vn -0.9371 -0.3238 0.1303
vn -0.7266 0.4905 0.4811
vn -0.6635 0.5857 0.4656
vn -0.8148 0.5167 -0.2629
vn -0.7099 0.6318 -0.3113
vn -0.4914 0.7546 -0.4348
vn -0.3789 0.9226 -0.0720
vn -0.1150 0.9612 -0.2508
vn -0.2510 0.7830 -0.5691
vn -0.2037 0.7780 -0.5943
vn -0.6823 0.4387 -0.5848
vn -0.7370 0.3842 -0.5562
vn -0.5100 0.5754 -0.6394
vn -0.2545 0.6912 -0.6764
vn -0.9355 -0.2329 -0.2659
vn -0.4798 -0.4977 -0.7225
vn -0.4737 -0.7587 -0.4471
vn 0.1033 -0.9628 -0.2498
vn 0.5258 -0.7441 -0.4121
vn -0.3006 0.6582 -0.6902
vn -0.0877 0.9933 0.0747
vn -0.1515 0.9832 0.1016
vn -0.3633 -0.0277 0.9312
vn 0.2753 0.7141 -0.6436
vn -0.7872 0.3544 -0.5048
vn -0.8780 0.1349 0.4594
vn -0.8623 0.0315 0.5055
vn -0.8177 -0.3678 0.4427
vn -0.5532 -0.7661 0.3274
vn -0.4378 -0.6739 0.5951
vn 0.0993 0.9911 0.0891
vn -0.8390 0.3091 -0.4478
vn 0.6737 -0.3975 0.6231
vn 0.2019 -0.4443 0.8728
vn 0.1960 -0.4414 0.8756
vn 0.6701 -0.3849 0.6347
vn -0.5091 0.8302 0.2272
vn -0.0646 0.4674 0.8817
vn -0.1203 0.6519 0.7487
vn -0.3880 0.5263 0.7566
vn -0.6351 -0.5653 -0.5264
vn -0.7063 -0.6057 -0.3665
vn 0.9802 -0.1107 0.1641
vn 0.8895 -0.0992 0.4460
vn 0.8177 -0.3678 0.4427
vn 0.9116 -0.3711 0.1770
vn -0.5537 0.8265 -0.1013
vn -0.7045 0.2922 0.6467
vn -0.6155 -0.5929 -0.5193
vn -0.3995 -0.8902 -0.2189
vn -0.6212 -0.7835 0.0150
vn -0.8231 -0.5200 -0.2283
vn 0.8485 -0.3425 0.4033
vn 0.6195 -0.3094 0.7215
vn -0.5530 0.7061 0.4422
vn -0.9755 -0.0869 -0.2022
vn 0.9355 -0.3477 -0.0634
vn 0.9449 -0.2691 0.1862
vn 0.9450 -0.2974 0.1360
vn -0.7617 -0.3250 0.5606
vn -0.5202 -0.5040 0.6895
vn -0.6441 -0.2688 0.7161
vn -0.7842 -0.2298 0.5763
vn -0.3229 0.3592 0.8756
vn 0.6290 -0.5532 -0.5461
vn 0.0828 -0.9630 0.2564
vn 0.7914 -0.4972 -0.3556
vn 0.6800 -0.4276 0.5957
vn 0.7658 -0.2312 0.6001
vn -0.2969 -0.6268 -0.7204
vn -0.1290 -0.8860 -0.4455
vn -0.8966 -0.2801 0.3430
vn -0.6284 -0.3876 0.6745
vn -0.6534 -0.3827 0.6532
vn -0.8120 -0.3156 0.4910
vn -0.7053 -0.0927 -0.7028
vn -0.7314 0.5715 -0.3721
vn -0.2896 0.9561 0.0444
vn -0.6160 0.7856 0.0576
vn -0.6083 0.2016 0.7677
vn -0.6834 -0.1208 0.7200
vn -0.7355 -0.0899 0.6716
vn -0.9969 0.0043 0.0782
vn -0.9855 -0.0674 0.1555
vn -0.9522 0.2813 0.1189
vn -0.9576 0.2838 0.0504
vn 0.0691 0.9971 0.0331
vn -0.3530 -0.2194 0.9095
vn -0.2462 -0.3124 0.9175
vn -0.8226 -0.5224 -0.2245
vn 0.4308 -0.8743 -0.2235
vn 0.8149 -0.5660 0.1249
vn 0.7226 -0.5826 0.3720
vn 0.1968 -0.9746 0.1068
vn 0.6441 -0.2688 0.7161
vn 0.7842 -0.2298 0.5763
vn 0.7737 -0.2113 0.5973
vn 0.6559 -0.1928 0.7298
vn -0.8956 0.4381 0.0775
vn -0.9288 0.3645 0.0664
vn -0.8701 0.2000 0.4505
vn -0.8420 0.2620 0.4716
vn -0.9546 0.2935 0.0502
vn -0.9728 0.2291 0.0352
vn -0.6478 0.1512 0.7467
vn -0.7957 -0.0220 0.6053
vn -0.7982 -0.0586 0.5996
vn -0.2501 0.0272 0.9678
vn -0.2766 0.0698 0.9584
vn -0.8702 0.3455 -0.3512
vn -0.8884 0.2850 -0.3600
vn -0.8428 0.4159 -0.3416
vn -0.5762 0.7855 -0.2257
vn -0.4682 0.1210 0.8753
vn 0.9376 0.0019 0.3478
vn 0.9226 0.1543 0.3536
vn -0.9562 0.1278 0.2635
vn -0.9820 0.1861 -0.0324
vn -0.9647 0.0364 0.2610
vn -0.7767 -0.2855 0.5615
vn -0.6442 -0.2630 0.7182
vn -0.6531 -0.2351 0.7198
vn 0.1310 0.9403 -0.3143
vn 0.7505 0.1557 0.6423
vn 0.4631 0.1241 0.8776
vn 0.4228 0.1114 0.8994
vn 0.7172 0.1419 0.6822
vn -0.5750 -0.6222 0.5313
vn -0.3077 -0.7842 0.5389
vn -0.6495 -0.1849 0.7376
vn -0.7999 -0.2715 0.5352
vn -0.4145 -0.8988 0.1426
vn -0.6824 -0.7186 0.1341
vn 0.1822 -0.8793 0.4401
vn 0.2871 -0.6317 0.7201
vn -0.5899 0.1448 -0.7944
vn -0.9581 -0.2704 0.0940
vn 0.0621 -0.9074 0.4157
vn 0.7314 -0.6146 0.2954
vn 0.9435 -0.3276 0.0488
vn 0.5302 -0.3698 0.7630
vn -0.9098 0.2323 0.3438
vn -0.7259 0.1914 0.6607
vn -0.9947 0.0886 0.0530
vn 0.3530 -0.2194 0.9095
vn -0.1706 -0.4391 0.8821
vn -0.1850 -0.4400 0.8787
vn 0.4959 -0.8577 0.1358
vn -0.2878 -0.7034 0.6499
vn -0.4209 -0.8519 -0.3115
vn -0.9283 -0.3696 0.0409
vn -0.8526 -0.4281 0.2997
vn -0.9918 -0.1208 0.0427
vn -0.2391 -0.5972 -0.7656
vn 0.5455 -0.8363 0.0553
vn 0.1103 -0.9883 0.1053
vn 0.6049 -0.7239 0.3317
vn -0.6701 -0.3849 0.6347
vn -0.6737 -0.3975 0.6231
vn -0.9046 -0.3058 0.2970
vn -0.1056 -0.1442 -0.9839
vn -0.1674 0.0712 -0.9833
vn 0.5072 -0.3461 -0.7893
vn -0.9208 -0.3761 0.1032
vn -0.9202 -0.3877 -0.0541
vn -0.9075 -0.3199 0.2722
vn -0.9665 -0.2339 -0.1059
vn -0.3576 0.3565 -0.8631
vn -0.4162 -0.8666 0.2753
vn -0.0177 -0.8172 0.5761
vn -0.0545 0.9827 0.1771
vn -0.0000 0.3714 -0.9285
vn 0.4664 0.3023 -0.8313
vn 0.3488 0.6102 0.7114
vn -0.3338 0.6045 0.7233
vn -0.4343 0.0294 0.9003
vn -0.4434 0.0988 0.8909
vn -0.7594 0.2765 0.5889
vn -0.8407 0.4811 -0.2484
vn -0.4116 -0.3569 0.8386
vn -0.6881 -0.3875 0.6134
vn -0.1497 0.8497 0.5055
vn -0.9384 0.2398 0.2486
vn -0.9320 0.2321 0.2785
vn 0.1754 0.8517 0.4939
vn -0.9765 -0.0113 0.2153
vn -0.9838 0.1301 0.1234
vn -0.7587 0.5035 0.4133
vn -0.6270 0.6842 0.3724
vn -0.7377 0.6487 0.1870
vn -0.8676 0.3989 0.2970
vn -0.0642 0.1665 -0.9839
vn -0.9662 -0.2318 -0.1125
vn 0.8776 -0.4418 -0.1861
vn 0.7063 -0.6057 -0.3665
vn 0.8979 -0.4395 -0.0238
vn -0.9043 0.2262 -0.3620
vn -0.7640 0.1208 -0.6338
vn -0.9111 0.1695 -0.3757
vn 0.1159 0.9474 -0.2983
vn 0.7096 -0.3813 0.5925
vn 0.4260 0.7504 -0.5054
vn -0.9947 0.1001 0.0232
vn -0.9841 0.0531 -0.1694
vn 0.6865 0.6218 -0.3770
vn 0.6925 0.5865 -0.4201
vn -0.8337 -0.5444 0.0927
vn -0.6659 -0.0741 -0.7424
vn -0.8754 0.0584 -0.4798
vn -0.7789 0.0084 -0.6271
vn 0.2101 0.6924 -0.6902
vn -0.0034 0.9997 0.0239
vn -0.9815 0.1886 0.0323
vn -0.7990 0.6012 0.0102
vn -0.9162 0.0709 -0.3944
vn -0.8985 0.1567 -0.4101
vn 0.9298 -0.3660 0.0398
vn -0.0510 0.9985 -0.0212
vn 0.2701 0.1926 0.9434
vn 0.4758 -0.3897 0.7885
vn -0.8723 0.1631 0.4611
vn -0.9356 0.3039 0.1797
vn -0.4608 0.5996 -0.6543
vn -0.4472 0.3756 -0.8118
vn -0.4596 0.3046 -0.8343
vn -0.7565 0.2562 -0.6017
vn -0.7532 0.3155 -0.5772
vn -0.9467 0.1834 0.2649
vn 0.9632 -0.0319 -0.2668
vn 0.9595 -0.0811 -0.2698
vn 0.4823 -0.3052 -0.8211
vn 0.5323 -0.2144 -0.8190
vn -0.8378 0.5459 -0.0082
vn -0.9664 0.1698 -0.1931
vn -0.9890 0.0889 -0.1185
vn -0.9875 0.1202 0.1015
vn -0.9805 0.1848 0.0667
vn 0.5532 -0.7660 0.3274
vn 0.0533 0.6183 -0.7842
vn -0.9223 -0.3375 -0.1882
vn 0.2821 0.0666 0.9571
vn -0.8799 0.4630 -0.1073
vn -0.8942 0.4077 -0.1847
vn -0.9671 0.2534 -0.0242
vn -0.9287 -0.1221 0.3501
vn -0.3845 -0.8660 0.3198
vn 0.2884 0.9161 0.2786
vn -0.2751 0.9116 0.3055
vn -0.0844 0.5476 -0.8325
vn 0.6789 0.1134 0.7254
vn 0.0593 0.9777 0.2014
vn 0.3565 -0.1282 0.9255
vn 0.3579 -0.4075 0.8401
vn 0.1011 -0.4948 -0.8631
vn 0.6268 -0.5426 -0.5591
vn -0.8861 -0.0608 0.4596
vn 0.3879 0.9140 0.1190
vn 0.3829 -0.8184 0.4285
vn -0.9635 -0.1096 0.2441
vn 0.4311 -0.3682 0.8238
vn 0.7937 -0.3204 0.5170
vn 0.8330 -0.3094 0.4586
vn 0.9926 -0.0399 -0.1148
vn -0.7651 -0.6376 0.0902
vn -0.3159 -0.9361 -0.1543
vn -0.4599 -0.8352 0.3017
vn -0.7761 0.6306 -0.0064
vn -0.4286 -0.5568 0.7115
vn -0.9705 0.2394 -0.0293
vn -0.2124 -0.0019 0.9772
vn -0.7937 -0.3204 0.5170
vn -0.8365 -0.3081 0.4531
vn -0.3437 -0.3139 0.8851
vn 0.2682 -0.4229 0.8656
vn 0.4281 -0.3428 0.8362
vn -0.1159 0.9474 -0.2983
vn -0.9577 -0.1964 0.2103
vn 0.8966 -0.2801 0.3430
vn 0.9355 -0.2516 0.2481
vn 0.9392 -0.2485 0.2372
vn 0.9062 -0.2738 0.3222
vn -0.9974 -0.0367 -0.0621
vn -0.9925 0.0551 -0.1089
vn -0.1276 0.0930 -0.9875
vn 0.5564 -0.4304 -0.7107
vn 0.3668 -0.3960 -0.8418
vn -0.0730 -0.4056 -0.9111
vn 0.3636 -0.5630 -0.7422
vn 0.0028 -0.8439 -0.5365
vn -0.8443 -0.4932 0.2095
vn 0.3338 0.6045 0.7233
vn 0.4798 -0.4977 -0.7225
vn -0.3668 -0.3960 -0.8418
vn 0.9201 -0.3187 -0.2276
vn 0.8438 -0.3974 -0.3606
vn -0.6877 -0.7227 0.0694
vn -0.7831 -0.5950 -0.1808
vn -0.8469 -0.3367 0.4116
vn -0.3174 -0.0289 -0.9479
vn -0.8834 -0.3471 0.3149
vn -0.6322 0.6615 -0.4034
vn -0.8391 0.4489 -0.3073
vn -0.9352 -0.2213 0.2764
vn -0.7908 0.4714 -0.3904
vn -0.9934 0.0413 -0.1066
vn -0.9900 0.0855 0.1118
vn -0.2986 -0.1789 -0.9375
vn -0.0000 0.7447 -0.6674
vn -0.5646 0.6271 -0.5366
vn 0.5856 -0.8072 0.0744
vn -0.6045 0.0534 -0.7948
vn -0.0000 0.6043 -0.7967
vn -0.9428 -0.3053 -0.1336
vn -0.8771 0.2144 -0.4299
vn 0.6927 0.7201 0.0405
vn -0.8011 -0.5258 0.2861
vn -0.6860 -0.6216 -0.3781
vn -0.5811 -0.8124 -0.0487
vn -0.4311 0.1275 -0.8932
vn 0.7676 -0.0126 0.6408
vn 0.6559 -0.1227 0.7448
vn 0.8345 -0.0587 0.5479
vn 0.8913 0.0704 0.4479
vn -0.9446 -0.1732 0.2789
vn -0.9365 -0.2486 0.2474
vn 0.5646 0.6271 -0.5366
vn 0.6322 0.6615 -0.4034
vn 0.1948 0.7605 -0.6194
vn 0.1497 0.8497 0.5055
vn -0.8110 0.1623 0.5620
vn 0.7058 0.5003 -0.5016
vn 0.6243 0.4484 -0.6397
vn 0.3810 0.5108 -0.7707
vn 0.4696 0.5924 -0.6546
vn 0.3334 0.4209 -0.8436
vn 0.6634 -0.5252 -0.5331
vn 0.6763 -0.4558 -0.5786
vn 0.1006 0.6606 -0.7440
vn 0.0194 0.5523 -0.8334
vn -0.0221 0.4600 -0.8876
vn -0.9037 0.3432 -0.2558
vn 0.0707 -0.3071 -0.9490
vn 0.4311 0.1275 -0.8932
vn 0.9197 -0.2337 -0.3154
vn 0.2701 0.1687 -0.9479
vn -0.0634 0.2147 -0.9746
vn 0.9069 -0.2808 0.3141
vn 0.8365 -0.3081 0.4531
vn 0.2954 0.0192 -0.9552
vn -0.9121 0.1106 0.3946
vn -0.9181 0.1373 0.3718
vn -0.9116 0.2843 -0.2969
vn 0.6150 0.0787 0.7846
vn 0.6449 0.0871 0.7593
vn 0.4165 0.0481 0.9079
vn 0.3967 0.0359 0.9172
vn -0.4245 -0.2308 -0.8755
vn -0.4501 0.1044 -0.8868
vn 0.1701 -0.6573 -0.7342
vn -0.3150 -0.7173 -0.6215
vn -0.2191 -0.9726 0.0772
vn -0.9736 0.2152 -0.0758
vn -0.2019 -0.4443 0.8728
vn 0.9352 -0.2213 0.2764
vn 0.7571 -0.5606 0.3356
vn 0.7949 -0.6063 -0.0227
vn 0.9662 -0.2318 -0.1125
vn -0.4614 0.2222 -0.8589
vn -0.7635 0.1773 -0.6210
vn 0.9210 -0.2824 0.2684
vn 0.5989 -0.3878 0.7007
vn -0.9129 0.2502 -0.3224
vn 0.1626 -0.9138 0.3723
vn 0.3829 -0.9065 0.1778
vn 0.4242 0.0791 0.9021
vn -0.5480 -0.2905 0.7844
vn -0.4595 -0.2822 0.8421
vn -0.3131 -0.3889 0.8664
vn 0.6534 -0.3827 0.6532
vn -0.1340 -0.3042 0.9431
vn -0.0624 -0.1220 0.9906
vn -0.1326 -0.1793 0.9748
vn 0.6877 -0.7227 0.0694
vn 0.7266 -0.3157 0.6102
vn -0.9097 0.0829 0.4070
vn -0.8764 -0.2590 0.4061
vn -0.8024 -0.4517 0.3900
vn -0.9164 0.1893 0.3526
vn -0.9276 0.2629 0.2653
vn -0.9634 0.2681 0.0024
vn -0.9729 0.2280 0.0374
vn 0.6165 -0.6068 -0.5017
vn 0.4969 -0.7767 -0.3869
vn 0.7146 -0.6993 -0.0198
vn 0.8329 -0.4527 0.3185
vn 0.9167 0.2192 0.3340
vn -0.1477 -0.7948 0.5886
vn -0.0153 -0.9342 0.3565
vn 0.2054 -0.6382 0.7420
vn 0.0715 -0.5000 0.8631
vn 0.8246 -0.5266 0.2067
vn -0.1475 -0.2097 0.9666
vn -0.1453 -0.0391 0.9886
vn -0.1578 0.0180 0.9873
vn 0.1420 -0.9894 -0.0293
vn -0.1440 -0.9880 -0.0556
vn -0.1877 -0.9386 -0.2896
vn -0.2067 -0.9406 -0.2693
vn 0.8456 -0.4204 -0.3289
vn 0.6603 -0.4496 -0.6015
vn 0.0753 -0.0469 0.9961
vn 0.1666 -0.0308 0.9855
vn 0.0993 -0.1613 0.9819
vn 0.1917 -0.2200 0.9565
vn 0.1500 -0.0687 0.9863
vn -0.5731 0.3675 -0.7324
vn 0.4980 -0.4110 -0.7636
vn 0.4039 -0.4682 -0.7859
vn 0.8460 0.2880 -0.4488
vn 0.2430 0.7777 -0.5798
vn -0.5140 0.1165 -0.8498
vn -0.4662 0.1931 -0.8634
vn 0.1575 -0.5645 -0.8103
vn -0.3203 -0.6728 -0.6669
vn 0.7266 -0.0864 0.6816
vn 0.8574 0.2576 -0.4455
vn 0.8303 0.2526 -0.4968
vn -0.1626 -0.9138 0.3723
vn -0.0456 -0.1815 -0.9823
vn -0.9374 0.2365 -0.2555
vn -0.9264 0.2610 -0.2713
vn 0.9442 0.2767 -0.1787
vn 0.9634 0.2681 0.0024
vn 0.9264 0.2610 -0.2713
vn -0.9525 0.2907 0.0906
vn -0.9442 0.2767 -0.1787
vn -0.3802 -0.6507 -0.6573
vn 0.7907 -0.1151 0.6013
vn 0.7963 -0.1558 0.5845
vn 0.9410 -0.2456 0.2328
vn 0.9387 -0.2103 0.2731
vn -0.1998 0.0915 0.9755
vn 0.2307 -0.1832 0.9556
vn 0.1836 -0.1450 0.9723
vn -0.8913 0.0704 0.4479
vn -0.8672 -0.2812 0.4109
vn -0.9248 -0.2465 0.2897
vn -0.9069 -0.2808 0.3141
vn -0.8330 -0.3094 0.4586
vn -0.8256 0.2701 0.4955
vn -0.8360 0.1497 0.5279
vn -0.0621 -0.9074 0.4157
vn 0.2545 -0.7027 -0.6645
vn -0.9247 -0.2617 -0.2766
vn 0.7562 0.1060 0.6457
vn 0.5905 0.0607 0.8047
vn -0.7571 -0.5606 0.3356
vn -0.8278 -0.4589 0.3227
vn 0.7662 -0.2352 0.5980
vn 0.2911 -0.3352 -0.8960
vn -0.5323 -0.2144 -0.8190
vn -0.6213 -0.1899 -0.7602
vn 0.1376 -0.3654 -0.9206
vn 0.0771 -0.3443 0.9357
vn 0.7219 -0.5895 -0.3624
vn 0.3778 -0.8756 -0.3011
vn -0.9353 -0.3538 -0.0012
vn -0.9849 -0.1717 -0.0238
vn -0.6800 -0.4276 0.5957
vn -0.4148 -0.5654 0.7129
vn 0.0570 -0.6033 0.7955
vn 0.0331 0.0641 -0.9974
vn 0.0951 -0.5615 0.8220
vn 0.5780 -0.6744 0.4595
vn -0.8730 -0.2220 0.4342
vn -0.8735 -0.2718 0.4038
vn 0.7086 -0.2557 -0.6576
vn 0.6522 -0.1587 -0.7413
vn 0.9121 0.1106 0.3946
vn 0.2198 -0.3950 -0.8920
vn 0.6859 -0.4512 -0.5709
vn 0.4610 -0.7641 -0.4512
vn 0.1394 -0.6859 -0.7142
vn 0.0881 -0.9734 -0.2114
vn -0.0189 -0.5284 -0.8488
vn -0.1914 -0.9813 0.0227
vn -0.1988 -0.8186 0.5389
vn 0.2878 -0.7034 0.6499
vn 0.2462 -0.3124 0.9175
vn -0.9856 0.0850 0.1464
vn -0.9137 0.3622 -0.1843
vn 0.3203 -0.6728 -0.6669
vn -0.4959 -0.8577 0.1358
vn 0.4754 -0.2703 0.8372
vn 0.7325 -0.2279 0.6415
vn 0.5034 -0.5131 0.6952
vn 0.9150 -0.3946 0.0838
vn 0.8339 -0.4911 -0.2518
vn -0.4823 -0.3052 -0.8211
vn -0.5392 -0.5121 0.6686
vn -0.4041 -0.4682 0.7858
vn 0.2324 -0.3189 0.9189
vn 0.0177 -0.8172 0.5761
vn -0.6671 -0.5280 0.5255
vn -0.8329 -0.4527 0.3185
vn -0.3925 -0.4857 -0.7811
vn 0.2119 0.0869 0.9734
vn -0.4603 0.1177 0.8799
vn 0.9247 -0.2617 -0.2766
vn -0.2545 -0.7027 -0.6645
vn 0.5044 -0.6076 0.6135
vn -0.1420 -0.9894 -0.0293
vn 0.2067 -0.9406 -0.2693
vn 0.1877 -0.9386 -0.2896
vn 0.1440 -0.9880 -0.0556
vn -0.3320 -0.9376 0.1034
vn -0.1487 -0.9254 -0.3487
vn -0.5034 -0.5131 0.6952
vn -0.0000 -0.6754 0.7375
vn -0.0000 -0.3168 0.9485
vn 0.3320 -0.9376 0.1034
vn 0.1487 -0.9254 -0.3487
vn -0.8429 -0.3473 0.4110
vn -0.0000 -0.2534 0.9674
vn -0.7325 -0.2279 0.6415
vn -0.4754 -0.2703 0.8372
vn 0.7982 -0.0586 0.5996
vn -0.8970 -0.1736 0.4065
vn 0.8970 -0.1736 0.4065
vn 0.8159 -0.1076 0.5681
vn -0.2851 -0.2926 0.9127
vn -0.0000 -0.3204 0.9473
vn -0.3791 -0.2204 0.8987
vn -0.0119 -0.2027 0.9792
vn 0.1339 -0.1172 0.9840
vn -0.2338 -0.5268 0.8172
vn 0.9665 -0.2339 -0.1059
vn 0.1348 -0.1866 0.9731
vn 0.1988 -0.8186 0.5389
vn 0.8603 -0.4199 0.2889
vn 0.9202 -0.3877 -0.0541
vn 0.6682 -0.6113 -0.4240
vn 0.9454 0.1772 -0.2735
vn 0.9664 0.1698 -0.1931
vn -0.6398 -0.5793 0.5050
vn -0.6948 -0.1318 -0.7070
vn -0.9698 -0.0076 -0.2437
vn -0.9759 0.0447 -0.2136
vn -0.4758 -0.3897 0.7885
vn -0.8246 -0.5266 0.2067
vn -0.9118 -0.3145 0.2639
vn 0.6293 -0.5824 0.5146
vn -0.8497 -0.4007 0.3427
vn 0.9290 -0.3013 0.2149
vn 0.8497 -0.4007 0.3427
vn 0.9371 -0.3238 0.1303
vn -0.3409 -0.9310 -0.1307
vn -0.8966 -0.4373 0.0696
vn -0.8103 -0.5797 -0.0859
vn 0.8024 -0.4517 0.3900
vn 0.4550 -0.7618 0.4612
vn 0.5202 -0.5040 0.6895
vn 0.9765 -0.0113 0.2153
vn 0.7617 -0.3250 0.5606
vn 0.7774 -0.3455 0.5257
vn 0.8337 -0.5444 0.0927
vn 0.9208 -0.3761 0.1032
vn 0.9856 0.0850 0.1464
vn -0.1033 -0.9628 -0.2498
vn 0.5251 -0.2550 0.8119
vn 0.7375 -0.6290 0.2459
vn 0.7420 -0.6212 0.2520
vn 0.1218 -0.9118 0.3921
vn -0.1575 -0.5645 -0.8103
vn -0.1218 -0.9118 0.3921
vn 0.8966 -0.4373 0.0696
vn -0.8864 -0.2779 0.3702
vn 0.6948 -0.1318 -0.7070
vn 0.8170 -0.2253 0.5309
vn 0.9137 0.3622 -0.1843
vn 0.8541 0.2461 -0.4581
vn 0.9365 -0.2486 0.2474
vn 0.9446 -0.1732 0.2789
vn -0.9150 -0.3946 0.0838
vn -0.9687 0.2297 0.0939
vn -0.9547 0.2108 -0.2100
vn -0.9454 0.1772 -0.2735
vn -0.8840 -0.3603 0.2979
vn -0.9632 -0.0319 -0.2668
vn -0.9246 0.1931 0.3283
vn -0.9595 -0.0811 -0.2698
vn 0.9922 0.0562 0.1115
vn 0.9900 0.0855 0.1118
vn -0.9865 -0.1380 -0.0876
vn 0.2196 -0.2441 0.9445
vn 0.2411 -0.1247 0.9625
vn 0.8275 -0.5440 -0.1388
vn 0.8077 -0.1878 0.5589
vn -0.8506 -0.4265 -0.3074
vn 0.1850 -0.4400 0.8787
vn 0.9918 -0.0056 0.1280
vn -0.9565 0.2458 0.1571
vn -0.8574 0.2576 -0.4455
vn -0.8042 -0.5944 0.0043
vn -0.5085 -0.7465 -0.4291
vn -0.7795 -0.5831 -0.2290
vn -0.1011 -0.4948 -0.8631
vn -0.4422 -0.8859 -0.1402
vn -0.0369 -0.7670 -0.6406
vn 0.0003 -0.9629 -0.2698
vn 0.9547 0.2108 -0.2100
vn -0.7796 -0.0070 0.6262
vn -0.8687 -0.0650 0.4910
vn -0.6366 -0.4856 -0.5991
vn 0.6213 -0.1899 -0.7602
vn -0.7856 -0.5634 0.2559
vn -0.8991 -0.3679 0.2372
vn -0.8763 -0.3913 0.2810
vn -0.8081 -0.5362 0.2438
vn 0.3951 -0.9162 0.0671
vn -0.9201 -0.3187 -0.2276
vn -0.1716 -0.9848 -0.0282
vn 0.2115 -0.9652 0.1539
vn 0.9729 0.2280 0.0374
vn -0.3186 -0.9244 0.2098
vn 0.1030 -0.8733 0.4762
vn -0.7963 -0.1558 0.5845
vn -0.7907 -0.1151 0.6013
vn -0.8541 0.2461 -0.4581
vn -0.2311 -0.0218 0.9727
vn -0.2330 -0.0524 0.9711
vn 0.8751 0.2073 0.4373
vn 0.0279 -0.3981 0.9169
vn -0.0000 -0.4858 0.8741
vn 0.5748 0.0058 0.8183
vn 0.9926 0.0137 -0.1206
vn 0.5664 -0.0858 0.8197
vn 0.4378 -0.6739 0.5951
vn 0.6747 -0.3238 0.6633
vn 0.5569 -0.2130 0.8028
vn 0.8517 -0.2394 -0.4662
vn 0.9840 -0.0026 -0.1784
vn 0.8511 -0.0309 -0.5241
vn 0.6454 -0.0852 -0.7591
vn 0.9838 0.1301 0.1234
vn 0.8955 -0.1987 0.3982
vn 0.9525 0.2907 0.0906
vn -0.1960 -0.4414 0.8756
vn -0.9355 -0.2516 0.2481
vn 0.5667 -0.5807 0.5845
vn 0.4252 -0.7046 0.5681
vn -0.9284 -0.2918 0.2301
vn 0.8081 -0.5362 0.2438
vn -0.9321 -0.2463 0.2656
vn 0.7856 -0.5634 0.2559
vn 0.4359 -0.8813 0.1823
vn 0.3772 -0.8973 0.2293
vn 0.1805 -0.9802 0.0807
vn 0.1083 -0.9873 0.1160
vn -0.4359 -0.8813 0.1823
vn -0.3772 -0.8973 0.2293
vn -0.1805 -0.9802 0.0807
vn -0.1083 -0.9873 0.1160
vn 0.6284 -0.3876 0.6745
vn 0.1706 -0.4391 0.8821
vn 0.1534 -0.4371 0.8862
vn -0.0003 -0.2854 0.9584
vn 0.3425 -0.3019 0.8897
vt 0.000000 0.000000
s 1
f 1/1/1 2/1/2 3/1/3
f 903/1/4 904/1/5 897/1/6 902/1/7
f 1515/1/8 1523/1/9 1520/1/10 1516/1/11
f 883/1/12 915/1/13 914/1/14 908/1/15
f 53/1/16 58/1/17 45/1/18 44/1/19
f 36/1/20 31/1/21 28/1/22 35/1/23
f 29/1/24 35/1/23 28/1/22 18/1/25
f 947/1/26 997/1/27 939/1/28 940/1/29
f 550/1/30 549/1/31 543/1/32 544/1/33
f 45/1/18 66/1/34 38/1/35 37/1/36
f 38/1/35 39/1/37 30/1/38 37/1/36
f 10/1/39 18/1/25 19/1/40
f 1298/1/41 1293/1/42 1289/1/43 1297/1/44
f 20/1/45 31/1/21 30/1/38 21/1/46
f 389/1/47 383/1/48 378/1/49 377/1/50
f 64/1/51 66/1/34 62/1/52 65/1/53
f 38/1/35 66/1/34 64/1/51 63/1/54
f 50/1/55 1442/1/56 1438/1/57 42/1/58
f 68/1/59 73/1/60 72/1/61 71/1/62
f 20/1/45 14/1/63 10/1/39 19/1/40
f 18/1/25 28/1/22 19/1/40
f 1856/1/64 1875/1/65 1849/1/66 1848/1/67
f 1558/1/68 1578/1/69 1608/1/70 1600/1/71
f 13/1/72 21/1/46 23/1/73 22/1/74
f 46/1/75 63/1/54 59/1/76 55/1/77
f 1826/1/78 1831/1/79 1830/1/80 1827/1/81
f 64/1/51 65/1/53 61/1/82 60/1/83
f 1095/1/84 1104/1/85 1091/1/86 1093/1/87
f 6/1/88 14/1/63 13/1/72 12/1/89
f 1985/1/90 1957/1/91 1982/1/92 1981/1/93
f 497/1/94 503/1/95 492/1/96 491/1/97
f 1160/1/98 1161/1/99 1145/1/100 1156/1/101
f 2/1/2 7/1/102 6/1/88 5/1/103
f 6/1/88 12/1/89 8/1/104 5/1/103
f 522/1/105 526/1/106 527/1/107 525/1/108
f 26/1/109 27/1/110 17/1/111 22/1/74
f 23/1/73 47/1/112 26/1/109 22/1/74
f 46/1/75 55/1/77 48/1/113 47/1/112
f 56/1/114 49/1/115 48/1/113 55/1/77
f 472/1/116 496/1/117 491/1/97 485/1/118
f 277/1/119 278/1/120 245/1/121 272/1/122
f 43/1/123 51/1/124 52/1/125
f 2/1/2 5/1/103 4/1/126 3/1/3
f 1816/1/127 1845/1/128 1842/1/129 1841/1/130
f 43/1/123 54/1/131 51/1/124
f 1447/1/132 1448/1/133 1317/1/134 1326/1/135
f 41/1/136 49/1/115 50/1/55 42/1/58
f 1524/1/137 1587/1/138 1531/1/139 1523/1/9
f 32/1/140 40/1/141 41/1/136 33/1/142
f 41/1/136 42/1/58 34/1/143 33/1/142
f 16/1/144 9/1/145 8/1/104 15/1/146
f 1693/1/147 1694/1/148 1686/1/149 1692/1/150
f 32/1/140 33/1/142 24/1/151 27/1/110
f 690/1/152 708/1/153 704/1/154 698/1/155
f 1019/1/156 1020/1/157 371/1/158 1011/1/159
f 67/1/160 68/1/59 69/1/161
f 213/1/162 262/1/163 252/1/164 220/1/165
f 1318/1/166 1319/1/167 1313/1/168 1312/1/169
f 1225/1/170 1334/1/171 1320/1/172 1319/1/167
f 699/1/173 700/1/174 696/1/175 698/1/155
f 1446/1/176 1444/1/177 1413/1/178 1442/1/56
f 1306/1/179 1312/1/169 1305/1/180 1296/1/181
f 1677/1/182 1698/1/183 1697/1/184 1690/1/185
f 1320/1/172 1334/1/171 1329/1/186 1323/1/187
f 696/1/175 700/1/174 701/1/188 697/1/189
f 1315/1/190 1316/1/191 1308/1/192 1314/1/193
f 76/1/194 84/1/195 85/1/196
f 1308/1/192 1302/1/197 1298/1/41 1307/1/198
f 1357/1/199 1363/1/200 1354/1/201 1353/1/202
f 1308/1/192 1316/1/191 1303/1/203 1302/1/197
f 979/1/204 1000/1/205 986/1/206 988/1/207
f 1329/1/186 1335/1/208 1324/1/209 1323/1/187
f 1321/1/210 1330/1/211 1303/1/203 1316/1/191
f 199/1/212 196/1/213 179/1/214 191/1/215
f 898/1/216 918/1/217 906/1/218 899/1/219
f 84/1/195 94/1/220 85/1/196
f 1290/1/221 1296/1/181 1289/1/43 1286/1/222
f 1298/1/41 1302/1/197 1294/1/223 1293/1/42
f 1303/1/203 1304/1/224 1294/1/223 1302/1/197
f 1461/1/225 1462/1/226 1456/1/227 1460/1/228
f 1324/1/209 1339/1/229 1328/1/230 1322/1/231
f 1328/1/230 1340/1/232 1321/1/210 1322/1/231
f 1105/1/233 1138/1/234 1137/1/235 1130/1/236
f 1294/1/223 1292/1/237 1287/1/238 1293/1/42
f 269/1/239 270/1/240 257/1/241 267/1/242
f 1338/1/243 1343/1/244 1342/1/245 1339/1/229
f 313/1/246 327/1/247 319/1/248 312/1/249
f 1977/1/250 1987/1/251 1983/1/252 1978/1/253
f 377/1/50 373/1/254 360/1/255 369/1/256
f 109/1/257 1/1/1 3/1/3
f 1291/1/258 1295/1/259 53/1/16 1288/1/260
f 250/1/261 251/1/262 227/1/263 243/1/264
f 1299/1/265 1300/1/266 1291/1/258 1292/1/237
f 748/1/267 770/1/268 755/1/269 749/1/270
f 1311/1/271 1333/1/272 1299/1/265 1304/1/224
f 772/1/273 771/1/274 740/1/275 746/1/276
f 1321/1/210 1340/1/232 1336/1/277 1330/1/211
f 772/1/273 790/1/278 789/1/279 784/1/280
f 1342/1/245 1341/1/281 1336/1/277 1340/1/232
f 244/1/282 284/1/283 236/1/284 237/1/285
f 1325/1/286 1341/1/281 1331/1/287 1326/1/135
f 1336/1/277 1341/1/281 1325/1/286 1337/1/288
f 1188/1/289 1198/1/290 1192/1/291 1187/1/292
f 259/1/293 260/1/294 254/1/295 258/1/296
f 1604/1/297 1605/1/298 1589/1/299 1597/1/300
f 288/1/301 308/1/302 294/1/303 287/1/304
f 589/1/305 603/1/306 573/1/307 590/1/308
f 1309/1/309 1310/1/310 1301/1/311 1300/1/266
f 386/1/312 426/1/313 395/1/314 387/1/315
f 129/1/316 130/1/317 131/1/318
f 129/1/316 131/1/318 132/1/319
f 1025/1/320 1030/1/321 1024/1/322 1018/1/323
f 1677/1/182 1690/1/185 1685/1/324 1678/1/325
f 1024/1/322 1008/1/326 1002/1/327 1018/1/323
f 1524/1/137 1594/1/328 1593/1/329 1587/1/138
f 1024/1/322 1035/1/330 1015/1/331 1008/1/326
f 1461/1/225 1466/1/332 1465/1/333 1464/1/334
f 721/1/335 722/1/336 715/1/337 714/1/338
f 1010/1/339 1009/1/340 966/1/341 960/1/342
f 1015/1/331 1023/1/343 1022/1/344 1016/1/345
f 1029/1/346 1026/1/347 1022/1/344 1023/1/343
f 148/1/348 336/1/349 330/1/350 303/1/351
f 1570/1/352 1572/1/353 1551/1/354 1564/1/355
f 775/1/356 798/1/357 780/1/358 776/1/359
f 1015/1/331 1016/1/345 996/1/360 1008/1/326
f 966/1/341 975/1/361 974/1/362 973/1/363
f 1701/1/364 1755/1/365 1708/1/366 1702/1/367
f 1294/1/223 1304/1/224 1299/1/265 1292/1/237
f 996/1/360 1016/1/345 1001/1/368 995/1/369
f 966/1/341 973/1/363 959/1/370 960/1/342
f 853/1/371 960/1/342 959/1/370 958/1/372
f 981/1/373 982/1/374 959/1/370 973/1/363
f 974/1/362 991/1/375 981/1/373 973/1/363
f 24/1/151 25/1/376 16/1/144 15/1/146
f 1001/1/368 1047/1/377 994/1/378 995/1/369
f 1311/1/271 1337/1/288 1332/1/379 1333/1/272
f 1021/1/380 1028/1/381 1027/1/382 1026/1/347
f 994/1/378 1054/1/383 990/1/384 991/1/375
f 1539/1/385 1547/1/386 1542/1/387 1534/1/388
f 1919/1/389 1913/1/389 1910/1/390 1918/1/391
f 1027/1/382 1052/1/392 1046/1/393 1039/1/394
f 1627/1/395 1575/1/396 1568/1/397 1557/1/398
f 966/1/341 1009/1/340 1002/1/327 975/1/361
f 853/1/371 958/1/372 947/1/26 882/1/399
f 1317/1/134 1327/1/400 1325/1/286 1326/1/135
f 990/1/384 1060/1/401 983/1/402 982/1/374
f 1802/1/403 1823/1/404 1809/1/405 1801/1/406
f 89/1/407 113/1/408 92/1/409 87/1/410
f 1103/1/411 1116/1/412 1109/1/413 1104/1/85
f 1013/1/414 1028/1/381 1021/1/380 1014/1/415
f 947/1/26 940/1/29 875/1/416 882/1/399
f 1012/1/417 1045/1/418 1040/1/419 1038/1/420
f 347/1/421 348/1/422 344/1/423 343/1/424
f 396/1/425 595/1/426 583/1/427 412/1/428
f 194/1/429 209/1/430 202/1/431 195/1/432
f 641/1/433 634/1/434 620/1/435 640/1/436
f 1105/1/233 1130/1/236 1099/1/437 1098/1/438
f 875/1/416 940/1/29 934/1/439 869/1/440
f 1003/1/441 1004/1/442 939/1/28 997/1/27
f 1190/1/443 1194/1/444 1186/1/445 1185/1/446
f 1194/1/444 1188/1/289 1189/1/447 1186/1/445
f 1033/1/448 1069/1/449 1063/1/450 1058/1/451
f 192/1/452 201/1/453 199/1/212 191/1/215
f 986/1/206 1007/1/454 993/1/455 987/1/456
f 863/1/457 869/1/440 934/1/439 928/1/458
f 1006/1/459 1069/1/449 1013/1/414 1007/1/454
f 1006/1/459 1074/1/460 1063/1/450 1069/1/449
f 1006/1/459 1007/1/454 986/1/206 1000/1/205
f 1063/1/450 1074/1/460 1070/1/461 1064/1/462
f 738/1/463 1191/1/464 744/1/465 737/1/466
f 963/1/467 988/1/207 986/1/206 987/1/456
f 1853/1/468 1874/1/469 1862/1/470 1854/1/471
f 989/1/472 1074/1/460 1006/1/459 1000/1/205
f 1240/1/473 1241/1/474 1234/1/475 1233/1/476
f 1228/1/477 1236/1/478 1237/1/479 1229/1/480
f 934/1/439 940/1/29 939/1/28 933/1/481
f 872/1/482 928/1/458 927/1/483 921/1/484
f 56/1/114 57/1/485 50/1/55 49/1/115
f 939/1/28 1004/1/442 932/1/486 933/1/481
f 1070/1/461 1081/1/487 932/1/486 1004/1/442
f 763/1/488 764/1/489 743/1/490 756/1/491
f 1124/1/492 1133/1/493 1132/1/494 1125/1/495
f 988/1/207 971/1/496 972/1/497 979/1/204
f 989/1/472 1000/1/205 979/1/204 980/1/498
f 971/1/496 956/1/499 949/1/500 965/1/501
f 849/1/502 871/1/503 858/1/504 843/1/505
f 932/1/486 1081/1/487 937/1/506 931/1/507
f 937/1/506 1081/1/487 989/1/472 980/1/498
f 944/1/508 965/1/501 949/1/500 943/1/509
f 77/1/510 84/1/195 76/1/194 73/1/60
f 872/1/482 921/1/484 876/1/511 871/1/503
f 858/1/504 859/1/512 836/1/513 843/1/505
f 1603/1/514 1610/1/515 1611/1/516 1607/1/517
f 957/1/518 1075/1/519 977/1/520 970/1/521
f 876/1/511 921/1/484 920/1/522 915/1/13
f 225/1/523 224/1/524 232/1/525
f 1086/1/526 1088/1/527 1083/1/528 1082/1/529
f 906/1/218 918/1/217 925/1/530 919/1/531
f 97/1/532 88/1/533 86/1/534 96/1/535
f 250/1/261 268/1/536 264/1/537 258/1/296
f 503/1/95 509/1/538 479/1/539 492/1/96
f 945/1/540 972/1/497 952/1/541 946/1/542
f 232/1/525 224/1/524 239/1/543
f 1458/1/544 1463/1/545 1460/1/228 1459/1/546
f 865/1/547 870/1/548 850/1/549 859/1/512
f 842/1/550 847/1/551 834/1/552 826/1/553
f 850/1/549 851/1/554 830/1/555 844/1/556
f 630/1/557 631/1/558 624/1/559 625/1/560
f 821/1/561 844/1/556 830/1/555 822/1/562
f 901/1/563 936/1/564 903/1/4 902/1/7
f 953/1/565 944/1/508 936/1/564 901/1/563
f 903/1/4 930/1/566 909/1/567 904/1/5
f 935/1/568 942/1/569 929/1/570 930/1/566
f 1136/1/571 1107/1/572 1110/1/573 1134/1/574
f 876/1/511 915/1/13 883/1/12 877/1/575
f 883/1/12 884/1/576 865/1/547 877/1/575
f 812/1/577 843/1/505 836/1/513 829/1/578
f 812/1/577 848/1/579 849/1/502 843/1/505
f 1974/1/580 1991/1/581 1980/1/582 1975/1/583
f 409/1/584 180/1/585 186/1/586 408/1/587
f 920/1/522 938/1/588 914/1/14 915/1/13
f 715/1/337 709/1/589 707/1/590 714/1/338
f 1224/1/591 1225/1/170 1222/1/592 1223/1/593
f 805/1/594 829/1/578 821/1/561 813/1/595
f 56/1/114 60/1/83 61/1/82 57/1/485
f 914/1/14 946/1/542 907/1/596 908/1/15
f 935/1/568 943/1/509 941/1/597 942/1/569
f 948/1/598 950/1/599 929/1/570 942/1/569
f 447/1/600 456/1/601 455/1/602 448/1/603
f 855/1/604 857/1/605 849/1/502 848/1/579
f 855/1/604 862/1/606 863/1/457 857/1/605
f 883/1/12 908/1/15 888/1/607 884/1/576
f 858/1/504 877/1/575 865/1/547 859/1/512
f 1830/1/80 1829/1/608 1817/1/609 1827/1/81
f 443/1/610 467/1/611 459/1/612 451/1/613
f 190/1/614 214/1/615 215/1/616 206/1/617
f 89/1/407 87/1/410 79/1/618 88/1/533
f 779/1/619 804/1/620 805/1/594 803/1/621
f 781/1/622 787/1/623 786/1/624 785/1/625
f 818/1/626 833/1/627 809/1/628 811/1/629
f 868/1/630 880/1/631 875/1/416 869/1/440
f 1315/1/190 1323/1/187 1324/1/209 1322/1/231
f 1970/1/632 1979/1/633 1977/1/250 1978/1/253
f 821/1/561 822/1/562 814/1/634 813/1/595
f 814/1/634 807/1/635 806/1/636 813/1/595
f 861/1/637 886/1/638 868/1/630 862/1/606
f 861/1/637 862/1/606 855/1/604 856/1/639
f 728/1/640 749/1/270 735/1/641 729/1/642
f 1548/1/643 1639/1/644 1635/1/645 1636/1/646
f 830/1/555 831/1/647 823/1/648 822/1/562
f 1252/1/649 1253/1/650 1244/1/651 1245/1/652
f 851/1/554 860/1/653 831/1/647 830/1/555
f 779/1/619 803/1/621 775/1/356 774/1/654
f 796/1/655 856/1/639 802/1/656 797/1/657
f 881/1/658 882/1/399 875/1/416 880/1/631
f 881/1/658 899/1/219 853/1/371 882/1/399
f 974/1/362 995/1/369 994/1/378 991/1/375
f 773/1/659 797/1/657 779/1/619 774/1/654
f 796/1/655 797/1/657 773/1/659 791/1/660
f 887/1/661 892/1/662 881/1/658 880/1/631
f 1223/1/593 1227/1/663 1226/1/664 1224/1/591
f 895/1/665 902/1/7 897/1/6 891/1/666
f 368/1/667 391/1/668 390/1/669 389/1/47
f 865/1/547 884/1/576 873/1/670 870/1/548
f 1493/1/671 1501/1/672 1500/1/673 1496/1/674
f 539/1/675 546/1/676 547/1/677 545/1/678
f 716/1/679 737/1/466 732/1/680 724/1/681
f 773/1/659 774/1/654 755/1/269 770/1/268
f 793/1/682 886/1/638 861/1/637 864/1/683
f 197/1/684 203/1/685 188/1/686 189/1/687
f 959/1/370 982/1/374 983/1/402 958/1/372
f 793/1/682 864/1/683 786/1/624 787/1/623
f 786/1/624 864/1/683 796/1/655 791/1/660
f 1059/1/688 1064/1/462 1003/1/441 1060/1/401
f 97/1/532 103/1/689 89/1/407 88/1/533
f 906/1/218 919/1/531 840/1/690 846/1/691
f 769/1/692 791/1/660 773/1/659 770/1/268
f 274/1/693 295/1/694 279/1/695 273/1/696
f 1653/1/697 1661/1/698 1660/1/699 1656/1/700
f 1708/1/366 1709/1/701 1688/1/702 1702/1/367
f 894/1/703 913/1/704 898/1/216 892/1/662
f 1822/1/705 1841/1/130 1837/1/706 1836/1/707
f 889/1/708 895/1/665 891/1/666 878/1/709
f 775/1/356 803/1/621 806/1/636 798/1/357
f 769/1/692 770/1/268 748/1/267 764/1/489
f 1636/1/646 1541/1/710 1540/1/711 1548/1/643
f 925/1/530 926/1/712 837/1/713 919/1/531
f 929/1/570 950/1/599 951/1/714 923/1/715
f 840/1/690 838/1/716 834/1/552 839/1/717
f 834/1/552 838/1/716 818/1/626 826/1/553
f 1826/1/78 1827/1/81 1809/1/405 1823/1/404
f 917/1/718 926/1/712 925/1/530 918/1/217
f 885/1/719 878/1/709 891/1/666 890/1/720
f 891/1/666 897/1/6 896/1/721 890/1/720
f 1149/1/722 1164/1/723 1162/1/724 1157/1/725
f 853/1/371 846/1/691 845/1/726 852/1/727
f 1745/1/728 1753/1/729 1754/1/730 1746/1/731
f 616/1/732 614/1/733 610/1/734 615/1/735
f 283/1/736 332/1/737 282/1/738
f 326/1/739 325/1/740 332/1/737
f 904/1/5 910/1/741 896/1/721 897/1/6
f 326/1/739 332/1/737 333/1/742
f 1700/1/743 1707/1/744 1699/1/745 1692/1/150
f 364/1/746 365/1/747 357/1/748 363/1/749
f 819/1/750 826/1/553 818/1/626 811/1/629
f 839/1/717 834/1/552 847/1/551 854/1/751
f 333/1/742 332/1/737 338/1/752
f 1059/1/688 1060/1/401 990/1/384 1054/1/383
f 927/1/483 933/1/481 932/1/486 931/1/507
f 1763/1/753 1765/1/754 1756/1/755 1747/1/756
f 338/1/752 332/1/737 343/1/424
f 845/1/726 846/1/691 840/1/690 839/1/717
f 95/1/757 101/1/758 94/1/220 84/1/195
f 732/1/680 754/1/759 725/1/760 724/1/681
f 951/1/714 964/1/761 922/1/762 923/1/715
f 343/1/424 332/1/737 347/1/421
f 1928/1/763 1929/1/764 1923/1/765 1924/1/766
f 1870/1/767 1874/1/469 1853/1/468 1867/1/768
f 809/1/628 833/1/627 832/1/769 825/1/770
f 835/1/771 841/1/772 819/1/750 827/1/773
f 347/1/421 332/1/737 354/1/774
f 1932/1/775 1933/1/776 1912/1/777 1925/1/778
f 948/1/598 968/1/779 957/1/518 950/1/599
f 957/1/518 970/1/521 951/1/714 950/1/599
f 1319/1/167 1318/1/166 1222/1/592 1225/1/170
f 817/1/780 825/1/770 824/1/781 820/1/782
f 828/1/783 827/1/773 801/1/784 795/1/785
f 16/1/144 25/1/376 1429/1/786 1424/1/787
f 1608/1/70 1619/1/788 1601/1/789 1600/1/71
f 354/1/774 332/1/737 361/1/790
f 836/1/513 844/1/556 821/1/561 829/1/578
f 1075/1/519 957/1/518 968/1/779 976/1/791
f 1659/1/792 1667/1/793 1655/1/794 1654/1/795
f 547/1/677 555/1/796 551/1/797 545/1/678
f 447/1/600 448/1/603 425/1/798 439/1/799
f 361/1/790 332/1/737 370/1/800
f 409/1/584 428/1/801 429/1/802 422/1/803
f 1117/1/804 1111/1/805 1109/1/413 1116/1/412
f 961/1/806 962/1/807 941/1/597 954/1/808
f 967/1/809 968/1/779 948/1/598 962/1/807
f 370/1/800 332/1/737 374/1/810
f 985/1/811 1065/1/812 992/1/813 984/1/814
f 801/1/784 810/1/815 794/1/816 795/1/785
f 752/1/817 795/1/785 794/1/816 790/1/278
f 817/1/780 820/1/782 794/1/816 810/1/815
f 374/1/810 332/1/737 379/1/818
f 985/1/811 1071/1/819 1066/1/820 1065/1/812
f 805/1/594 813/1/595 806/1/636 803/1/621
f 288/1/301 287/1/304 181/1/821 174/1/822
f 1887/1/823 1890/1/824 1868/1/825 1883/1/826
f 794/1/816 820/1/782 789/1/279 790/1/278
f 912/1/827 789/1/279 820/1/782 824/1/781
f 967/1/809 1100/1/828 1094/1/829 1085/1/830
f 949/1/500 956/1/499 955/1/831 954/1/808
f 1784/1/832 1790/1/833 1789/1/834 1785/1/835
f 597/1/836 625/1/560 604/1/837 598/1/838
f 1291/1/258 1300/1/266 1301/1/311 1295/1/259
f 752/1/817 790/1/278 772/1/273 746/1/276
f 789/1/279 912/1/827 783/1/839 784/1/280
f 257/1/241 272/1/122 245/1/121 253/1/840
f 976/1/791 1085/1/830 1076/1/841 1077/1/842
f 45/1/18 37/1/36 36/1/20 44/1/19
f 961/1/806 1114/1/843 1101/1/844 1100/1/828
f 1101/1/844 1102/1/845 1094/1/829 1100/1/828
f 758/1/846 1173/1/847 759/1/848 751/1/849
f 788/1/850 905/1/851 894/1/703 893/1/852
f 396/1/425 412/1/428 411/1/853 406/1/854
f 716/1/679 739/1/855 738/1/463 737/1/466
f 783/1/839 912/1/827 911/1/856 905/1/851
f 993/1/455 1148/1/857 1129/1/858 987/1/456
f 1129/1/858 1138/1/234 1121/1/859 1122/1/860
f 1528/1/861 1552/1/862 1517/1/863 1519/1/864
f 955/1/831 1122/1/860 1121/1/859 1114/1/843
f 772/1/273 784/1/280 777/1/865 771/1/274
f 777/1/865 784/1/280 783/1/839 782/1/866
f 993/1/455 1014/1/415 1154/1/867 1148/1/857
f 1021/1/380 1158/1/868 1154/1/867 1014/1/415
f 1303/1/203 1330/1/211 1311/1/271 1304/1/224
f 777/1/865 782/1/866 781/1/622 778/1/869
f 281/1/870 317/1/871 296/1/872 289/1/873
f 740/1/275 771/1/274 757/1/874 734/1/875
f 1226/1/664 1232/1/876 1228/1/477 1224/1/591
f 1129/1/858 1148/1/857 1137/1/235 1138/1/234
f 1476/1/877 1477/1/878 1481/1/879 1480/1/880
f 781/1/622 785/1/625 763/1/488 778/1/869
f 227/1/263 251/1/262 230/1/881 229/1/882
f 425/1/798 448/1/603 318/1/883 419/1/884
f 757/1/874 756/1/491 726/1/885 734/1/875
f 518/1/886 519/1/887 522/1/105 521/1/888
f 801/1/784 811/1/629 809/1/628 810/1/815
f 1021/1/380 1164/1/723 1163/1/889 1158/1/868
f 703/1/890 627/1/891 628/1/892 702/1/893
f 743/1/490 764/1/489 748/1/267 742/1/894
f 1101/1/844 1115/1/895 1096/1/896 1102/1/845
f 1096/1/896 1115/1/895 1105/1/233 1098/1/438
f 1158/1/868 1163/1/889 1159/1/897 1139/1/898
f 1154/1/867 1158/1/868 1139/1/898 1155/1/899
f 1163/1/889 1164/1/723 1149/1/722 1161/1/99
f 204/1/900 229/1/882 212/1/901 203/1/685
f 427/1/902 441/1/903 421/1/904 420/1/905
f 1094/1/829 1102/1/845 1086/1/526 1090/1/906
f 1013/1/414 1014/1/415 993/1/455 1007/1/454
f 604/1/837 625/1/560 624/1/559 619/1/907
f 1145/1/100 1161/1/99 1149/1/722 1144/1/908
f 316/1/909 317/1/871 281/1/870 309/1/910
f 1625/1/911 1630/1/912 1629/1/913 1626/1/914
f 1130/1/236 1131/1/915 1123/1/916 1099/1/437
f 1877/1/917 1875/1/65 1697/1/184 1706/1/918
f 1417/1/919 1423/1/920 1415/1/921 1414/1/922
f 1127/1/923 1144/1/908 1140/1/924 1135/1/925
f 1425/1/926 1431/1/927 1417/1/919 1419/1/928
f 210/1/929 226/1/930 217/1/931 211/1/932
f 1163/1/889 1161/1/99 1160/1/98 1159/1/897
f 743/1/490 742/1/894 712/1/933 719/1/934
f 1794/1/935 1801/1/406 1800/1/936 1795/1/937
f 1089/1/938 1098/1/438 1099/1/437 1097/1/939
f 62/1/52 66/1/34 45/1/18 58/1/17
f 445/1/940 446/1/941 452/1/942
f 445/1/940 452/1/942 453/1/943
f 1140/1/924 1150/1/944 1146/1/945 1135/1/925
f 712/1/933 742/1/894 728/1/640 713/1/946
f 1407/1/947 1441/1/948 1411/1/949 1406/1/950
f 971/1/496 988/1/207 963/1/467 956/1/499
f 1127/1/923 1135/1/925 1128/1/951 1119/1/952
f 1132/1/494 1156/1/101 1126/1/953 1125/1/495
f 148/1/348 302/1/954 288/1/301 174/1/822
f 1003/1/441 1064/1/462 1070/1/461 1004/1/442
f 648/1/955 642/1/956 641/1/433 647/1/957
f 1569/1/958 1565/1/959 1559/1/960 1568/1/397
f 755/1/269 776/1/359 735/1/641 749/1/270
f 1928/1/763 1924/1/766 1906/1/961 1922/1/962
f 1118/1/963 1143/1/964 1127/1/923 1119/1/952
f 1765/1/754 1766/1/965 1757/1/966 1756/1/755
f 1118/1/963 1119/1/952 1110/1/573 1113/1/967
f 1128/1/951 1134/1/574 1110/1/573 1119/1/952
f 710/1/968 729/1/642 721/1/335 714/1/338
f 1042/1/969 1043/1/970 1037/1/971 1041/1/972
f 780/1/358 741/1/973 735/1/641 776/1/359
f 807/1/635 814/1/634 816/1/974 815/1/975
f 98/1/976 1365/1/977 1359/1/978 91/1/979
f 285/1/980 305/1/981 292/1/982 286/1/983
f 1124/1/492 1125/1/495 1117/1/804 1116/1/412
f 806/1/636 807/1/635 799/1/984 798/1/357
f 799/1/984 792/1/985 780/1/358 798/1/357
f 1136/1/571 1141/1/986 481/1/987 1107/1/572
f 469/1/988 483/1/989 459/1/612
f 283/1/736 486/1/990 332/1/737
f 1489/1/991 1270/1/992 1278/1/993 1490/1/994
f 395/1/314 426/1/313 427/1/902 420/1/905
f 1146/1/945 1142/1/995 1128/1/951 1135/1/925
f 732/1/680 767/1/996 753/1/997 754/1/759
f 1112/1/998 1120/1/999 1118/1/963 1113/1/967
f 484/1/1000 478/1/1001 489/1/1002
f 721/1/335 741/1/973 730/1/1003 722/1/336
f 780/1/358 792/1/985 730/1/1003 741/1/973
f 488/1/1004 494/1/1005 493/1/1006
f 490/1/1007 489/1/1002 495/1/1008
f 1106/1/1009 1113/1/967 1110/1/573 1107/1/572
f 1284/1/1010 1283/1/1011 1279/1/1012 1280/1/1013
f 792/1/985 800/1/1014 736/1/1015 730/1/1003
f 917/1/718 918/1/217 898/1/216 913/1/704
f 282/1/738 332/1/737 498/1/1016
f 493/1/1006 494/1/1005 499/1/1017
f 1152/1/1018 1151/1/1019 1146/1/945 1150/1/944
f 1506/1/1020 1504/1/1021 1503/1/1022 1505/1/1023
f 497/1/94 501/1/1024 332/1/737
f 1616/1/1025 1606/1/1026 1609/1/1027 1613/1/1028
f 501/1/1024 502/1/1029 332/1/737
f 497/1/94 332/1/737 503/1/95
f 181/1/821 287/1/304 274/1/693 189/1/687
f 498/1/1016 332/1/737 504/1/1030
f 368/1/667 389/1/47 377/1/50 369/1/256
f 710/1/968 714/1/338 707/1/590 706/1/1031
f 585/1/1032 621/1/1033 566/1/1034 578/1/1035
f 502/1/1029 508/1/1036 332/1/737
f 799/1/984 808/1/1037 800/1/1014 792/1/985
f 503/1/95 332/1/737 509/1/538
f 504/1/1030 332/1/737 510/1/1038
f 1889/1/1039 1890/1/824 1729/1/1040 1725/1/1041
f 505/1/1042 512/1/1043 444/1/1044
f 1067/1/1045 1082/1/529 1083/1/528 1078/1/1046
f 707/1/590 709/1/589 703/1/890 702/1/893
f 508/1/1036 514/1/1047 332/1/737
f 807/1/635 815/1/975 808/1/1037 799/1/984
f 515/1/1048 332/1/737 486/1/990
f 509/1/538 332/1/737 515/1/1048
f 516/1/1049 332/1/737 325/1/740
f 510/1/1038 332/1/737 516/1/1049
f 1585/1/1050 1618/1/1051 1576/1/1052 1577/1/1053
f 1669/1/1054 1675/1/1055 1674/1/1056 1670/1/1057
f 1934/1/1058 1935/1/1059 1927/1/1060 1926/1/1061
f 514/1/1047 518/1/886 332/1/737
f 703/1/890 635/1/1062 626/1/1063 627/1/891
f 518/1/886 521/1/888 332/1/737
f 622/1/1064 623/1/1065 627/1/891 626/1/1063
f 1051/1/1066 1066/1/820 1062/1/1067 1057/1/1068
f 623/1/1065 629/1/1069 628/1/892 627/1/891
f 521/1/888 524/1/1070 332/1/737
f 618/1/1071 619/1/907 623/1/1065 622/1/1064
f 624/1/559 629/1/1069 623/1/1065 619/1/907
f 619/1/907 618/1/1071 611/1/1072 604/1/837
f 524/1/1070 529/1/1073 332/1/737
f 1550/1/1074 1578/1/69 1558/1/68 1552/1/862
f 632/1/1075 629/1/1069 624/1/559 631/1/558
f 632/1/1075 697/1/189 628/1/892 629/1/1069
f 832/1/769 926/1/712 917/1/718 924/1/1076
f 707/1/590 702/1/893 701/1/188 706/1/1031
f 297/1/1077 268/1/536 242/1/1078 291/1/1079
f 529/1/1073 537/1/1080 332/1/737
f 604/1/837 611/1/1072 605/1/1081 598/1/838
f 662/1/1082 661/1/1083 653/1/1084 658/1/1085
f 163/1/1086 168/1/1087 157/1/1088 158/1/1089
f 630/1/557 638/1/1090 636/1/1091 631/1/558
f 1202/1/1092 1203/1/1093 1197/1/1094 1196/1/1095
f 705/1/1096 713/1/946 710/1/968 706/1/1031
f 464/1/1097 485/1/118 474/1/1098 465/1/1099
f 712/1/933 713/1/946 705/1/1096 711/1/1100
f 598/1/838 605/1/1081 599/1/1101 581/1/1102
f 537/1/1080 543/1/32 332/1/737
f 726/1/885 756/1/491 743/1/490 719/1/934
f 588/1/1103 633/1/1104 597/1/836 593/1/1105
f 487/1/1106 451/1/613 459/1/612 483/1/989
f 696/1/175 697/1/189 632/1/1075 691/1/1107
f 543/1/32 549/1/31 332/1/737
f 581/1/1102 599/1/1101 582/1/1108 576/1/1109
f 575/1/1110 593/1/1105 581/1/1102 576/1/1109
f 588/1/1103 593/1/1105 575/1/1110 580/1/1111
f 576/1/1109 582/1/1108 577/1/1112 571/1/1113
f 1697/1/184 1875/1/65 1856/1/64 1690/1/185
f 690/1/152 691/1/1107 636/1/1091 686/1/1114
f 690/1/152 698/1/155 696/1/175 691/1/1107
f 645/1/1115 638/1/1090 637/1/1116 644/1/1117
f 819/1/750 841/1/772 842/1/550 826/1/553
f 1089/1/938 1087/1/1118 1083/1/528 1088/1/527
f 562/1/1119 580/1/1111 575/1/1110 570/1/1120
f 876/1/511 877/1/575 858/1/504 871/1/503
f 38/1/35 63/1/54 46/1/75 39/1/37
f 1585/1/1050 1623/1/1121 1622/1/1122 1618/1/1051
f 685/1/1123 708/1/153 690/1/152 686/1/1114
f 1084/1/1124 1217/1/1125 1215/1/1126 1080/1/1127
f 643/1/1128 652/1/1129 651/1/1130 644/1/1117
f 1126/1/953 1156/1/101 1145/1/100 1143/1/964
f 963/1/467 1122/1/860 955/1/831 956/1/499
f 718/1/1131 727/1/1132 726/1/885 719/1/934
f 718/1/1131 719/1/934 712/1/933 711/1/1100
f 1977/1/250 1996/1/1133 1993/1/1134 1987/1/251
f 613/1/1135 683/1/1136 682/1/1137 674/1/1138
f 659/1/1139 667/1/1140 651/1/1130 652/1/1129
f 1374/1/1141 1375/1/1142 1370/1/1143 1373/1/1144
f 551/1/797 570/1/1120 571/1/1113 550/1/30
f 515/1/1048 480/1/1145 479/1/539 509/1/538
f 571/1/1113 577/1/1112 549/1/31 550/1/30
f 577/1/1112 332/1/737 549/1/31
f 13/1/72 22/1/74 17/1/111 12/1/89
f 577/1/1112 582/1/1108 332/1/737
f 1800/1/936 1781/1/1146 1780/1/1147 1795/1/937
f 733/1/1148 747/1/1149 740/1/275 734/1/875
f 733/1/1148 734/1/875 726/1/885 727/1/1132
f 685/1/1123 739/1/855 716/1/679 708/1/153
f 725/1/760 727/1/1132 718/1/1131 720/1/1150
f 636/1/1091 691/1/1107 632/1/1075 631/1/558
f 739/1/855 685/1/1123 677/1/1151 676/1/1152
f 1263/1/1153 1264/1/1154 1256/1/1155 1255/1/1156
f 148/1/348 174/1/822 172/1/1157 173/1/1158
f 222/1/1159 223/1/1160 215/1/616 221/1/1161
f 704/1/154 724/1/681 725/1/760 720/1/1150
f 668/1/1162 750/1/1163 676/1/1152 667/1/1140
f 185/1/1164 193/1/1165 192/1/452 191/1/215
f 716/1/679 724/1/681 704/1/154 708/1/153
f 909/1/567 916/1/1166 910/1/741 904/1/5
f 941/1/597 962/1/807 948/1/598 942/1/569
f 539/1/675 545/1/678 544/1/33 538/1/1167
f 1959/1/1168 1965/1/1169 1952/1/1170 1953/1/1171
f 599/1/1101 332/1/737 582/1/1108
f 733/1/1148 754/1/759 753/1/997 747/1/1149
f 1777/1/1172 1787/1/1173 1788/1/1174 1779/1/1175
f 751/1/849 752/1/817 746/1/276 745/1/1176
f 539/1/675 538/1/1167 530/1/1177 534/1/1178
f 599/1/1101 605/1/1081 332/1/737
f 337/1/1179 341/1/1180 321/1/1181 329/1/1182
f 1114/1/843 1121/1/859 1115/1/895 1101/1/844
f 1657/1/1183 1695/1/1184 1696/1/1185 1689/1/1186
f 137/1/1187 141/1/1188 136/1/1189 134/1/1190
f 368/1/667 367/1/1191 609/1/1192
f 111/1/1193 124/1/1194 105/1/1195 104/1/1196
f 868/1/630 886/1/638 887/1/661 880/1/631
f 1210/1/1197 1212/1/1198 1208/1/1199 1207/1/1200
f 605/1/1081 611/1/1072 332/1/737
f 1839/1/1201 1840/1/1202 1834/1/1203 1835/1/1204
f 744/1/465 767/1/996 732/1/680 737/1/466
f 753/1/997 765/1/1205 745/1/1176 747/1/1149
f 34/1/143 25/1/376 24/1/151 33/1/142
f 594/1/1206 612/1/1207 600/1/1208 595/1/426
f 611/1/1072 618/1/1071 332/1/737
f 1792/1/1209 1799/1/1210 1794/1/935 1791/1/1211
f 678/1/1212 1205/1/1213 1202/1/1092 1201/1/1214
f 1362/1/1215 1363/1/200 1357/1/199 1361/1/1216
f 28/1/22 31/1/21 20/1/45 19/1/40
f 618/1/1071 622/1/1064 332/1/737
f 888/1/607 889/1/708 873/1/670 884/1/576
f 527/1/107 534/1/1178 530/1/1177 525/1/108
f 410/1/1217 416/1/1218 417/1/1219 413/1/1220
f 622/1/1064 626/1/1063 332/1/737
f 1869/1/1221 1873/1/1222 1866/1/1223 1865/1/1224
f 1548/1/643 1643/1/1225 1642/1/1226 1639/1/644
f 533/1/1227 546/1/676 539/1/675 534/1/1178
f 533/1/1227 534/1/1178 527/1/107 532/1/1228
f 285/1/980 286/1/983 266/1/1229 280/1/1230
f 600/1/1208 602/1/1231 583/1/427 595/1/426
f 626/1/1063 635/1/1062 332/1/737
f 575/1/1110 576/1/1109 571/1/1113 570/1/1120
f 236/1/284 291/1/1079 242/1/1078 235/1/1232
f 531/1/1233 556/1/1234 540/1/1235 532/1/1228
f 533/1/1227 553/1/1236 552/1/1237 546/1/676
f 552/1/1237 554/1/1238 547/1/677 546/1/676
f 1191/1/464 738/1/463 750/1/1163 1195/1/1239
f 668/1/1162 1201/1/1214 1195/1/1239 750/1/1163
f 552/1/1237 567/1/1240 561/1/1241 554/1/1238
f 548/1/1242 565/1/1243 558/1/1244 556/1/1234
f 540/1/1235 559/1/1245 560/1/1246 553/1/1236
f 927/1/483 928/1/458 934/1/439 933/1/481
f 1195/1/1239 1196/1/1095 1190/1/443 1191/1/464
f 1195/1/1239 1201/1/1214 1202/1/1092 1196/1/1095
f 1020/1/157 394/1/1247 385/1/1248 364/1/746
f 560/1/1246 579/1/1249 568/1/1250 567/1/1240
f 1786/1/1251 1787/1/1173 1782/1/1252 1785/1/835
f 418/1/1253 431/1/1254 411/1/853 412/1/428
f 26/1/109 47/1/112 48/1/113 40/1/141
f 1099/1/437 1123/1/916 1103/1/411 1097/1/939
f 1851/1/1255 1859/1/1256 1858/1/1257 1852/1/1258
f 208/1/1259 207/1/1260 199/1/212 201/1/453
f 166/1/1261 169/1/1262 163/1/1086 162/1/1263
f 1370/1/1143 1363/1/200 1362/1/1215 1368/1/1264
f 1197/1/1094 1198/1/290 1188/1/289 1194/1/444
f 1677/1/182 1678/1/325 1672/1/1265 1676/1/1266
f 853/1/371 1017/1/1267 1010/1/339 960/1/342
f 208/1/1259 231/1/1268 216/1/1269 207/1/1260
f 1197/1/1094 1203/1/1093 1199/1/1270 1198/1/290
f 591/1/1271 592/1/1272 574/1/1273 587/1/1274
f 1538/1/1275 1649/1/1276 1646/1/1277 1643/1/1225
f 1086/1/526 1102/1/845 1096/1/896 1088/1/527
f 1429/1/786 1430/1/1278 1398/1/1279 1424/1/787
f 1199/1/1270 1193/1/1280 1192/1/291 1198/1/290
f 1199/1/1270 1200/1/1281 1184/1/1282 1193/1/1280
f 1742/1/1283 1743/1/1284 1737/1/1285 1739/1/1286
f 759/1/848 1168/1/1287 766/1/1288 760/1/1289
f 200/1/1290 201/1/453 192/1/452 198/1/1291
f 586/1/1292 587/1/1274 568/1/1250 579/1/1249
f 591/1/1271 642/1/956 596/1/1293 592/1/1272
f 59/1/76 60/1/83 56/1/114 55/1/77
f 1847/1/1294 1854/1/471 1855/1/1295 1848/1/67
f 1021/1/380 1165/1/1296 1162/1/724 1164/1/723
f 999/1/1297 1044/1/1298 1005/1/1299 379/1/818
f 61/1/82 1450/1/1300 1446/1/176 57/1/485
f 1515/1/8 1522/1/1301 1524/1/137 1523/1/9
f 222/1/1159 231/1/1268 208/1/1259 223/1/1160
f 1754/1/730 1763/1/753 1747/1/756 1746/1/731
f 105/1/1195 118/1/1302 112/1/1303 103/1/689
f 1178/1/1304 1179/1/1305 1171/1/1306 1177/1/1307
f 1171/1/1306 1174/1/1308 1169/1/1309 1167/1/1310
f 1169/1/1309 1170/1/1311 766/1/1288 1167/1/1310
f 1202/1/1092 1205/1/1213 1204/1/1312 1203/1/1093
f 1053/1/1313 1054/1/383 994/1/378 1047/1/377
f 693/1/1314 608/1/1315 368/1/667
f 613/1/1135 608/1/1315 693/1/1314
f 693/1/1314 368/1/667 609/1/1192
f 613/1/1135 693/1/1314 694/1/1316
f 693/1/1314 609/1/1192 695/1/1317
f 689/1/1318 695/1/1317 692/1/1319
f 689/1/1318 694/1/1316 695/1/1317
f 693/1/1314 695/1/1317 694/1/1316
f 1474/1/1320 1475/1/1321 1469/1/1322 1473/1/1323
f 310/1/1324 311/1/1325 292/1/982 305/1/981
f 564/1/1326 565/1/1243 548/1/1242 557/1/1327
f 535/1/1328 557/1/1327 548/1/1242 541/1/1329
f 535/1/1328 541/1/1329 523/1/1330 528/1/1331
f 513/1/1332 528/1/1331 523/1/1330 519/1/887
f 573/1/307 578/1/1035 558/1/1244 565/1/1243
f 590/1/308 573/1/307 565/1/1243 564/1/1326
f 542/1/1333 563/1/1334 564/1/1326 557/1/1327
f 542/1/1333 557/1/1327 535/1/1328 536/1/1335
f 538/1/1167 544/1/33 543/1/32 537/1/1080
f 43/1/123 44/1/19 36/1/20 35/1/23
f 513/1/1332 514/1/1047 508/1/1036 507/1/1336
f 1846/1/1337 1738/1/1338 1744/1/1339 1840/1/1202
f 949/1/500 954/1/808 941/1/597 943/1/509
f 1747/1/756 1756/1/755 1750/1/1340 1748/1/1341
f 506/1/1342 507/1/1336 500/1/1343 473/1/1344
f 573/1/307 603/1/306 585/1/1032 578/1/1035
f 1809/1/405 1827/1/81 1817/1/609 1818/1/1345
f 507/1/1336 508/1/1036 502/1/1029 500/1/1343
f 635/1/1062 717/1/1346 332/1/737
f 572/1/1347 590/1/308 564/1/1326 563/1/1334
f 383/1/48 384/1/1348 345/1/1349 378/1/49
f 1832/1/1350 1833/1/1351 1828/1/1352 1831/1/79
f 472/1/116 473/1/1344 500/1/1343 496/1/117
f 496/1/117 500/1/1343 502/1/1029 501/1/1024
f 717/1/1346 723/1/1353 332/1/737
f 840/1/690 919/1/531 837/1/713 838/1/716
f 589/1/305 590/1/308 572/1/1347 584/1/1354
f 1313/1/168 1314/1/193 1308/1/192 1307/1/198
f 1901/1/1355 1902/1/1356 1895/1/1357 1900/1/1358
f 463/1/1359 471/1/1360 455/1/602 456/1/601
f 1320/1/172 1314/1/193 1313/1/168 1319/1/167
f 723/1/1353 731/1/1361 332/1/737
f 496/1/117 501/1/1024 497/1/94 491/1/97
f 610/1/734 614/1/733 585/1/1032 603/1/306
f 610/1/734 603/1/306 589/1/305 602/1/1231
f 583/1/427 602/1/1231 589/1/305 584/1/1354
f 1818/1/1345 1800/1/936 1801/1/406 1809/1/405
f 472/1/116 485/1/118 464/1/1097 471/1/1360
f 455/1/602 471/1/1360 464/1/1097 457/1/1362
f 731/1/1361 736/1/1015 332/1/737
f 620/1/435 621/1/1033 585/1/1032 614/1/733
f 620/1/435 634/1/434 586/1/1292 621/1/1033
f 540/1/1235 553/1/1236 533/1/1227 532/1/1228
f 418/1/1253 439/1/799 425/1/798 431/1/1254
f 1511/1/1363 1522/1/1301 1515/1/8 1509/1/1364
f 616/1/732 640/1/436 620/1/435 614/1/733
f 1598/1/1365 1624/1/1366 1590/1/1367 1591/1/1368
f 594/1/1206 595/1/426 396/1/425 391/1/668
f 748/1/267 749/1/270 728/1/640 742/1/894
f 455/1/602 457/1/1362 318/1/883 448/1/603
f 228/1/1369 235/1/1232 219/1/1370 220/1/165
f 326/1/739 296/1/872 317/1/871 325/1/740
f 115/1/1371 116/1/1372 106/1/1373 108/1/1374
f 600/1/1208 615/1/735 610/1/734 602/1/1231
f 1354/1/201 1375/1/1142 1360/1/1375 1355/1/1376
f 318/1/883 457/1/1362 298/1/1377 311/1/1325
f 464/1/1097 465/1/1099 298/1/1377 457/1/1362
f 429/1/802 446/1/941 423/1/1378 422/1/803
f 1752/1/1379 1759/1/1380 1760/1/1381 1753/1/729
f 1495/1/1382 1502/1/1383 1499/1/1384 1494/1/1385
f 643/1/1128 644/1/1117 637/1/1116 639/1/1386
f 752/1/817 761/1/1387 762/1/1388
f 431/1/1254 425/1/798 419/1/884 417/1/1219
f 411/1/853 431/1/1254 417/1/1219 416/1/1218
f 468/1/1389 469/1/988 459/1/612 467/1/611
f 1279/1/1012 1283/1/1011 1282/1/1390 1281/1/1391
f 115/1/1371 117/1/1392 120/1/1393 116/1/1372
f 1966/1/1394 1973/1/1395 1960/1/1396 1965/1/1169
f 417/1/1219 419/1/884 310/1/1324 413/1/1220
f 974/1/362 975/1/361 996/1/360 995/1/369
f 396/1/425 406/1/854 390/1/669 391/1/668
f 423/1/1378 424/1/1397 153/1/1398 422/1/803
f 254/1/295 246/1/1399 230/1/881 251/1/262
f 786/1/624 791/1/660 769/1/692 785/1/625
f 298/1/1377 465/1/1099 276/1/1400 293/1/1401
f 411/1/853 416/1/1218 404/1/1402 406/1/854
f 82/1/1403 75/1/1404 74/1/1405 81/1/1406
f 269/1/239 293/1/1401 276/1/1400 270/1/240
f 1199/1/1270 1203/1/1093 1204/1/1312 1200/1/1281
f 382/1/1407 388/1/1408 211/1/932 217/1/931
f 474/1/1098 475/1/1409 276/1/1400 465/1/1099
f 1415/1/921 1423/1/920 1421/1/1410 1422/1/1411
f 1469/1/1322 1470/1/1412 1476/1/877 1473/1/1323
f 139/1/1413 135/1/1414 133/1/1415 138/1/1416
f 1722/1/1417 1736/1/1418 1703/1/1419 1732/1/1420
f 410/1/1217 413/1/1220 304/1/1421 407/1/1422
f 304/1/1421 413/1/1220 310/1/1324 305/1/981
f 392/1/1423 405/1/1424 397/1/1425 393/1/1426
f 405/1/1424 410/1/1217 407/1/1422 397/1/1425
f 701/1/188 702/1/893 628/1/892 697/1/189
f 390/1/669 402/1/1427 383/1/48 389/1/47
f 1545/1/1428 1579/1/1429 1573/1/1430 1566/1/1431
f 397/1/1425 407/1/1422 299/1/1432 398/1/1433
f 299/1/1432 300/1/1434 279/1/695 295/1/694
f 1077/1/842 1071/1/819 1075/1/519 976/1/791
f 386/1/312 387/1/315 372/1/1435 385/1/1248
f 788/1/850 893/1/852 793/1/682 787/1/623
f 646/1/1436 647/1/957 641/1/433 640/1/436
f 1189/1/447 1180/1/1437 1181/1/1438 1186/1/445
f 175/1/1439 183/1/1440 166/1/1261 167/1/1441
f 736/1/1015 800/1/1014 332/1/737
f 516/1/1049 325/1/740 317/1/871 316/1/909
f 266/1/1229 286/1/983 269/1/239 267/1/242
f 1437/1/1442 1457/1/1443 1428/1/1444 1431/1/927
f 597/1/836 598/1/838 581/1/1102 593/1/1105
f 276/1/1400 475/1/1409 271/1/1445 270/1/240
f 1648/1/1446 1650/1/1447 1645/1/1448 1644/1/1449
f 271/1/1445 272/1/122 257/1/241 270/1/240
f 800/1/1014 808/1/1037 332/1/737
f 709/1/589 717/1/1346 635/1/1062 703/1/890
f 360/1/255 373/1/254 351/1/1450 366/1/1451
f 266/1/1229 267/1/242 252/1/164 262/1/163
f 252/1/164 267/1/242 257/1/241 253/1/840
f 1126/1/953 1143/1/964 1118/1/963 1120/1/999
f 808/1/1037 815/1/975 332/1/737
f 515/1/1048 486/1/990 277/1/119 480/1/1145
f 815/1/975 816/1/974 332/1/737
f 1332/1/379 1337/1/288 1325/1/286 1327/1/400
f 351/1/1450 373/1/254 358/1/1452 350/1/1453
f 320/1/1454 366/1/1451 351/1/1450 349/1/1455
f 360/1/255 366/1/1451 335/1/1456 353/1/1457
f 278/1/120 283/1/736 282/1/738 244/1/282
f 11/1/1458 18/1/25 10/1/39 7/1/102
f 1033/1/448 1058/1/451 1053/1/1313 1052/1/392
f 277/1/119 486/1/990 283/1/736 278/1/120
f 816/1/974 823/1/648 332/1/737
f 351/1/1450 350/1/1453 334/1/1459 349/1/1455
f 1381/1/1460 1380/1/1461 1360/1/1375 1378/1/1462
f 368/1/667 369/1/256 359/1/1463 367/1/1191
f 1002/1/327 1008/1/326 996/1/360 975/1/361
f 617/1/1464 649/1/1465 616/1/732 615/1/735
f 823/1/648 831/1/647 332/1/737
f 334/1/1459 350/1/1453 345/1/1349 340/1/1466
f 1354/1/201 1355/1/1376 1347/1/1467 1353/1/202
f 1960/1/1396 1973/1/1395 1968/1/1468 1961/1/1469
f 26/1/109 40/1/141 32/1/140 27/1/110
f 228/1/1369 253/1/840 245/1/121 237/1/285
f 1465/1/333 1467/1/1470 1426/1/1471 1464/1/334
f 320/1/1454 349/1/1455 313/1/246 314/1/1472
f 313/1/246 349/1/1455 334/1/1459 327/1/247
f 675/1/1473 684/1/1474 662/1/1082 666/1/1475
f 307/1/1476 314/1/1472 313/1/246 312/1/249
f 321/1/1181 341/1/1180 342/1/1477 328/1/1478
f 342/1/1477 346/1/1479 335/1/1456 328/1/1478
f 307/1/1476 303/1/351 330/1/350 329/1/1182
f 1601/1/789 1609/1/1027 1593/1/329 1594/1/328
f 228/1/1369 237/1/285 236/1/284 235/1/1232
f 1952/1/1170 1954/1/1480 1920/1/1481 1946/1/1482
f 165/1/1483 178/1/1484 153/1/1398 152/1/1485
f 1619/1/788 1622/1/1122 1617/1/1486 1613/1/1028
f 1439/1/1487 1443/1/1488 1425/1/926 1435/1/1489
f 17/1/111 15/1/146 8/1/104 12/1/89
f 263/1/1490 280/1/1230 266/1/1229 262/1/163
f 1365/1/977 98/1/976 107/1/1491 1366/1/1492
f 722/1/336 731/1/1361 723/1/1353 715/1/337
f 831/1/647 860/1/653 332/1/737
f 279/1/695 300/1/1434 285/1/980 280/1/1230
f 548/1/1242 556/1/1234 531/1/1233 541/1/1329
f 985/1/811 984/1/814 978/1/1493 977/1/520
f 1197/1/1094 1194/1/444 1190/1/443 1196/1/1095
f 1217/1/1125 1084/1/1124 1092/1/1494 1216/1/1495
f 242/1/1078 243/1/264 219/1/1370 235/1/1232
f 860/1/653 866/1/1496 332/1/737
f 498/1/1016 504/1/1030 290/1/1497 284/1/283
f 290/1/1497 291/1/1079 236/1/284 284/1/283
f 197/1/684 189/1/687 274/1/693 273/1/696
f 653/1/1084 661/1/1083 660/1/1498 654/1/1499
f 213/1/162 218/1/1500 204/1/900 205/1/1501
f 197/1/684 205/1/1501 204/1/900 203/1/685
f 680/1/1502 660/1/1498 661/1/1083 670/1/1503
f 290/1/1497 511/1/1504 297/1/1077 291/1/1079
f 511/1/1504 290/1/1497 504/1/1030 510/1/1038
f 1796/1/1505 1797/1/1506 1789/1/834 1790/1/833
f 1576/1/1052 1578/1/69 1550/1/1074 1572/1/353
f 219/1/1370 243/1/264 227/1/263 218/1/1500
f 511/1/1504 316/1/909 309/1/910 297/1/1077
f 510/1/1038 516/1/1049 316/1/909 511/1/1504
f 879/1/1507 332/1/737 866/1/1496
f 1851/1/1255 1861/1/1508 1860/1/1509 1859/1/1256
f 249/1/1510 356/1/1511 261/1/1512 256/1/1513
f 898/1/216 899/1/219 881/1/658 892/1/662
f 1154/1/867 1155/1/899 1137/1/235 1148/1/857
f 879/1/1507 885/1/719 332/1/737
f 1287/1/238 1288/1/260 1285/1/1514 1286/1/222
f 294/1/303 295/1/694 274/1/693 287/1/304
f 398/1/1433 299/1/1432 295/1/694 294/1/303
f 1851/1/1255 1852/1/1258 1847/1/1294 1850/1/1515
f 297/1/1077 309/1/910 264/1/537 268/1/536
f 885/1/719 890/1/720 332/1/737
f 1682/1/1516 1683/1/1517 1674/1/1056 1681/1/1518
f 315/1/1519 398/1/1433 294/1/303 308/1/302
f 306/1/1520 323/1/1521 315/1/1519 308/1/302
f 705/1/1096 706/1/1031 701/1/188 700/1/174
f 264/1/537 309/1/910 281/1/870 275/1/1522
f 1096/1/896 1098/1/438 1089/1/938 1088/1/527
f 890/1/720 896/1/721 332/1/737
f 1183/1/1523 1189/1/447 1188/1/289 1187/1/292
f 924/1/1076 917/1/718 913/1/704 911/1/856
f 306/1/1520 308/1/302 288/1/301 302/1/954
f 281/1/870 289/1/873 247/1/1524 275/1/1522
f 606/1/1525 612/1/1207 594/1/1206 601/1/1526
f 296/1/872 339/1/1527 240/1/1528 289/1/873
f 1622/1/1122 1623/1/1121 1612/1/1529 1617/1/1486
f 148/1/348 303/1/351 301/1/1530 302/1/954
f 74/1/1405 75/1/1404 70/1/1531 71/1/62
f 301/1/1530 322/1/1532 306/1/1520 302/1/954
f 259/1/293 275/1/1522 247/1/1524 265/1/1533
f 264/1/537 275/1/1522 259/1/293 258/1/296
f 704/1/154 720/1/1150 699/1/173 698/1/155
f 333/1/742 338/1/752 248/1/1534 339/1/1527
f 896/1/721 910/1/741 332/1/737
f 331/1/1535 393/1/1426 315/1/1519 323/1/1521
f 392/1/1423 393/1/1426 331/1/1535 384/1/1348
f 345/1/1349 384/1/1348 331/1/1535 340/1/1466
f 250/1/261 258/1/296 254/1/295 251/1/262
f 1065/1/812 1066/1/820 1051/1/1066 1061/1/1536
f 910/1/741 916/1/1166 332/1/737
f 324/1/1537 323/1/1521 306/1/1520 322/1/1532
f 324/1/1537 340/1/1466 331/1/1535 323/1/1521
f 86/1/534 88/1/533 79/1/618 78/1/1538
f 775/1/356 776/1/359 755/1/269 774/1/654
f 916/1/1166 922/1/762 332/1/737
f 344/1/423 248/1/1534 338/1/752 343/1/424
f 334/1/1459 340/1/1466 324/1/1537 327/1/247
f 319/1/248 322/1/1532 301/1/1530 312/1/249
f 1309/1/309 1333/1/272 1332/1/379 1327/1/400
f 759/1/848 1173/1/847 1172/1/1539 1168/1/1287
f 763/1/488 785/1/625 769/1/692 764/1/489
f 229/1/882 230/1/881 221/1/1161 212/1/901
f 344/1/423 249/1/1510 241/1/1540 248/1/1534
f 212/1/901 221/1/1161 215/1/616 214/1/615
f 212/1/901 214/1/615 188/1/686 203/1/685
f 568/1/1250 587/1/1274 574/1/1273 569/1/1541
f 1013/1/414 1069/1/449 1033/1/448 1028/1/381
f 1446/1/176 1450/1/1300 1445/1/1542 1444/1/177
f 240/1/1528 241/1/1540 232/1/525 239/1/543
f 894/1/703 892/1/662 887/1/661 893/1/852
f 230/1/881 246/1/1399 222/1/1159 221/1/1161
f 945/1/540 980/1/498 979/1/204 972/1/497
f 188/1/686 214/1/615 190/1/614 187/1/1543
f 232/1/525 256/1/1513 255/1/1544 225/1/523
f 1570/1/352 1577/1/1053 1576/1/1052 1572/1/353
f 935/1/568 944/1/508 943/1/509
f 936/1/564 944/1/508 935/1/568
f 222/1/1159 246/1/1399 238/1/1545 231/1/1268
f 254/1/295 260/1/294 238/1/1545 246/1/1399
f 442/1/1546 1206/1/1547 435/1/1548 434/1/1549
f 172/1/1157 187/1/1543 190/1/614 184/1/1550
f 1549/1/1551 1556/1/1552 1544/1/1553 1535/1/1554
f 740/1/275 747/1/1149 745/1/1176 746/1/276
f 261/1/1512 376/1/1555 255/1/1544 256/1/1513
f 1811/1/1556 1813/1/1557 1807/1/1558 1806/1/1559
f 255/1/1544 382/1/1407 217/1/931 225/1/523
f 348/1/422 356/1/1511 249/1/1510 344/1/423
f 715/1/337 723/1/1353 717/1/1346 709/1/589
f 1569/1/958 1591/1/1368 1590/1/1367 1584/1/1560
f 259/1/293 265/1/1533 233/1/1561 260/1/294
f 233/1/1561 265/1/1533 224/1/524 226/1/930
f 606/1/1525 666/1/1475 662/1/1082 658/1/1085
f 423/1/1378 446/1/941 445/1/940 438/1/1562
f 818/1/626 838/1/716 837/1/713 833/1/627
f 1782/1/1252 1787/1/1173 1777/1/1172 1776/1/1563
f 381/1/1564 399/1/1565 388/1/1408 382/1/1407
f 381/1/1564 382/1/1407 255/1/1544 376/1/1555
f 388/1/1408 400/1/1566 202/1/431 211/1/932
f 922/1/762 964/1/761 332/1/737
f 1531/1/139 1579/1/1429 1545/1/1428 1536/1/1567
f 372/1/1435 387/1/315 381/1/1564 376/1/1555
f 682/1/1137 688/1/1568 670/1/1503 684/1/1474
f 964/1/761 969/1/1569 332/1/737
f 355/1/1570 348/1/422 347/1/421 354/1/774
f 1309/1/309 1327/1/400 1317/1/134 1310/1/310
f 210/1/929 234/1/1571 233/1/1561 226/1/930
f 210/1/929 211/1/932 202/1/431 209/1/430
f 1788/1/1174 1795/1/937 1780/1/1147 1779/1/1175
f 364/1/746 385/1/1248 372/1/1435 365/1/747
f 1642/1/1226 1644/1/1449 1640/1/1572 1639/1/644
f 362/1/1573 363/1/749 357/1/748 355/1/1570
f 361/1/790 362/1/1573 355/1/1570 354/1/774
f 969/1/1569 978/1/1493 332/1/737
f 238/1/1545 234/1/1571 216/1/1269 231/1/1268
f 1596/1/1574 1597/1/300 1589/1/299 1595/1/1575
f 837/1/713 926/1/712 832/1/769 833/1/627
f 1679/1/1576 1666/1/1577 1678/1/325 1685/1/324
f 173/1/1158 175/1/1439 167/1/1441 160/1/1578
f 172/1/1157 184/1/1550 175/1/1439 173/1/1158
f 978/1/1493 984/1/814 332/1/737
f 370/1/800 375/1/1579 362/1/1573 361/1/790
f 1284/1/1010 1278/1/993 1277/1/1580 1283/1/1011
f 207/1/1260 216/1/1269 209/1/430 194/1/429
f 304/1/1421 305/1/981 285/1/980 300/1/1434
f 641/1/433 642/1/956 591/1/1271 634/1/434
f 197/1/684 273/1/696 263/1/1490 205/1/1501
f 161/1/1581 167/1/1441 166/1/1261 162/1/1263
f 984/1/814 992/1/813 332/1/737
f 1957/1/91 1964/1/1582 1947/1/1583 1949/1/1584
f 1627/1/395 1557/1/398 1556/1/1552 1562/1/1585
f 676/1/1152 750/1/1163 738/1/463 739/1/855
f 156/1/1586 162/1/1263 163/1/1086 158/1/1089
f 156/1/1586 158/1/1089 155/1/1587 150/1/1588
f 332/1/737 992/1/813 998/1/1589
f 332/1/737 998/1/1589 999/1/1297
f 332/1/737 999/1/1297 379/1/818
f 46/1/75 47/1/112 23/1/73 39/1/37
f 863/1/457 928/1/458 872/1/482 857/1/605
f 143/1/1590 150/1/1588 136/1/1189 141/1/1188
f 155/1/1587 138/1/1416 136/1/1189 150/1/1588
f 215/1/616 223/1/1160 200/1/1290 206/1/617
f 175/1/1439 184/1/1550 182/1/1591 183/1/1440
f 998/1/1589 1061/1/1536 1044/1/1298 999/1/1297
f 299/1/1432 407/1/1422 304/1/1421 300/1/1434
f 678/1/1212 1201/1/1214 668/1/1162 669/1/1592
f 1988/1/1593 1989/1/1594 1983/1/252 1987/1/251
f 148/1/348 149/1/1595 144/1/1596 147/1/1597
f 888/1/607 908/1/15 907/1/596 900/1/1598
f 90/1/1599 91/1/979 82/1/1403 81/1/1406
f 179/1/214 196/1/213 186/1/586 180/1/585
f 1908/1/1600 1921/1/1601 1914/1/1602 1907/1/1603
f 1009/1/340 1018/1/323 1002/1/327
f 79/1/618 87/1/410 83/1/1604 80/1/1605
f 1071/1/819 1077/1/842 1062/1/1067 1066/1/820
f 102/1/1606 104/1/1196 97/1/532 96/1/535
f 1734/1/1607 1739/1/1286 1737/1/1285 1735/1/1608
f 157/1/1088 164/1/1609 145/1/1610 151/1/1611
f 1178/1/1304 1193/1/1280 1184/1/1282 1179/1/1305
f 106/1/1373 107/1/1491 98/1/976 99/1/1612
f 850/1/549 870/1/548 867/1/1613 851/1/554
f 558/1/1244 559/1/1245 540/1/1235 556/1/1234
f 145/1/1610 164/1/1609 165/1/1483 152/1/1485
f 1544/1/1553 1553/1/1614 1551/1/354 1543/1/1615
f 153/1/1398 154/1/1616 146/1/1617 152/1/1485
f 1497/1/1618 1509/1/1364 1507/1/1619 1505/1/1023
f 1025/1/320 1031/1/1620 1030/1/321
f 185/1/1164 191/1/215 179/1/214 178/1/1484
f 177/1/1621 185/1/1164 178/1/1484 165/1/1483
f 1023/1/343 1015/1/331 1035/1/330
f 1030/1/321 1031/1/1620 1036/1/1622
f 133/1/1415 135/1/1414 132/1/319 131/1/318
f 1062/1/1067 1073/1/1623 1056/1/1624 1057/1/1068
f 1305/1/180 1312/1/169 1313/1/168 1307/1/198
f 1040/1/419 1057/1/1068 1056/1/1624 1041/1/972
f 1857/1/1625 1861/1/1508 1851/1/1255 1850/1/1515
f 1056/1/1624 1068/1/1626 1042/1/969 1041/1/972
f 1807/1/1558 1813/1/1557 1814/1/1627 1812/1/1628
f 333/1/742 339/1/1527 296/1/872 326/1/739
f 358/1/1452 378/1/49 345/1/1349 350/1/1453
f 168/1/1087 171/1/1629 164/1/1609 157/1/1088
f 1042/1/969 1068/1/1626 1067/1/1045 1049/1/1630
f 1072/1/1631 1082/1/529 1067/1/1045 1068/1/1626
f 766/1/1288 1168/1/1287 1166/1/1632 1167/1/1310
f 525/1/108 530/1/1177 529/1/1073 524/1/1070
f 1044/1/1298 1045/1/418 1012/1/417 1005/1/1299
f 170/1/1633 193/1/1165 185/1/1164 177/1/1621
f 170/1/1633 177/1/1621 171/1/1629 168/1/1087
f 163/1/1086 169/1/1262 170/1/1633 168/1/1087
f 1067/1/1045 1078/1/1046 1055/1/1634 1049/1/1630
f 479/1/539 480/1/1145 271/1/1445 475/1/1409
f 368/1/667 608/1/1315 607/1/1635 601/1/1526
f 176/1/1636 193/1/1165 170/1/1633 169/1/1262
f 183/1/1440 176/1/1636 169/1/1262 166/1/1261
f 182/1/1591 198/1/1291 176/1/1636 183/1/1440
f 379/1/818 1005/1/1299 380/1/1637 374/1/810
f 1012/1/417 1038/1/420 1019/1/156 1011/1/159
f 1320/1/172 1323/1/187 1315/1/190 1314/1/193
f 176/1/1636 198/1/1291 192/1/452 193/1/1165
f 292/1/982 293/1/1401 269/1/239 286/1/983
f 380/1/1637 1005/1/1299 1012/1/417 1011/1/159
f 952/1/541 953/1/565 907/1/596 946/1/542
f 430/1/1638 438/1/1562 436/1/1639 437/1/1640
f 989/1/472 1081/1/487 1070/1/461 1074/1/460
f 1104/1/85 1109/1/413 1108/1/1641 1091/1/86
f 621/1/1033 586/1/1292 579/1/1249 566/1/1034
f 182/1/1591 206/1/617 200/1/1290 198/1/1291
f 1265/1/1642 1275/1/1643 1258/1/1644 1257/1/1645
f 375/1/1579 371/1/158 363/1/749 362/1/1573
f 1520/1/10 1536/1/1567 1529/1/1646 1521/1/1647
f 1037/1/971 1043/1/970 440/1/1648 1032/1/1649
f 1338/1/243 1339/1/229 1324/1/209 1335/1/208
f 200/1/1290 223/1/1160 208/1/1259 201/1/453
f 371/1/158 1020/1/157 364/1/746 363/1/749
f 394/1/1247 1032/1/1649 440/1/1648 432/1/1650
f 1019/1/156 1032/1/1649 394/1/1247 1020/1/157
f 878/1/709 885/1/719 879/1/1507 874/1/1651
f 1789/1/834 1793/1/1652 1786/1/1251 1785/1/835
f 1048/1/1653 1214/1/1654 458/1/1655 1050/1/1656
f 1215/1/1126 1209/1/1657 458/1/1655 1214/1/1654
f 1745/1/728 1746/1/731 1740/1/1658 1741/1/1659
f 440/1/1648 1050/1/1656 433/1/1660 432/1/1650
f 1050/1/1656 458/1/1655 450/1/1661 433/1/1660
f 458/1/1655 1209/1/1657 449/1/1662 450/1/1661
f 1305/1/180 1307/1/198 1298/1/41 1297/1/44
f 217/1/931 226/1/930 224/1/524 225/1/523
f 394/1/1247 432/1/1650 386/1/312 385/1/1248
f 1299/1/265 1333/1/272 1309/1/309 1300/1/266
f 1849/1/66 1850/1/1515 1847/1/1294 1848/1/67
f 1210/1/1197 1217/1/1125 1216/1/1495 1212/1/1198
f 1215/1/1126 1217/1/1125 1210/1/1197 1209/1/1657
f 449/1/1662 1209/1/1657 1210/1/1197 1207/1/1200
f 433/1/1660 450/1/1661 427/1/902 426/1/313
f 427/1/902 450/1/1661 449/1/1662 441/1/903
f 796/1/655 864/1/683 861/1/637 856/1/639
f 403/1/1663 400/1/1566 388/1/1408 399/1/1565
f 597/1/836 633/1/1104 630/1/557 625/1/560
f 1666/1/1577 1679/1/1576 1673/1/1664 1667/1/793
f 1208/1/1199 1206/1/1547 442/1/1546 1207/1/1200
f 1557/1/398 1553/1/1614 1544/1/1553 1556/1/1552
f 421/1/904 441/1/903 442/1/1546 434/1/1549
f 1287/1/238 1292/1/237 1291/1/258 1288/1/260
f 495/1/1008 1219/1/1665 481/1/987 477/1/1666
f 1216/1/1495 1219/1/1665 1213/1/1667 1212/1/1198
f 1208/1/1199 1212/1/1198 1213/1/1667 1211/1/1668
f 983/1/402 997/1/27 947/1/26 958/1/372
f 1940/1/1669 1949/1/1584 1947/1/1583 1948/1/1670
f 1106/1/1009 1111/1/805 1112/1/998
f 1106/1/1009 1112/1/998 1113/1/967
f 1213/1/1667 1218/1/1671 478/1/1001 1211/1/1668
f 1111/1/805 1117/1/804 1112/1/998
f 155/1/1587 151/1/1611 139/1/1413 138/1/1416
f 1807/1/1558 1812/1/1628 1808/1/1672 1805/1/1673
f 1112/1/998 1117/1/804 1120/1/999
f 699/1/173 720/1/1150 718/1/1131 711/1/1100
f 395/1/314 420/1/905 403/1/1663 399/1/1565
f 421/1/904 414/1/1674 403/1/1663 420/1/905
f 558/1/1244 578/1/1035 566/1/1034 559/1/1245
f 1633/1/1675 1637/1/1676 1638/1/1677 1634/1/1678
f 478/1/1001 484/1/1000 460/1/1679 470/1/1680
f 460/1/1679 484/1/1000 466/1/1681 461/1/1682
f 607/1/1635 666/1/1475 606/1/1525 601/1/1526
f 613/1/1135 674/1/1138 607/1/1635 608/1/1315
f 687/1/1683 688/1/1568 682/1/1137 683/1/1136
f 202/1/431 400/1/1566 401/1/1684 195/1/432
f 1912/1/777 1933/1/776 1920/1/1481 1911/1/1685
f 793/1/682 893/1/852 887/1/661 886/1/638
f 1266/1/1686 1276/1/1687 1268/1/1688 1267/1/1689
f 1206/1/1547 462/1/1690 454/1/1691 435/1/1548
f 14/1/63 20/1/45 21/1/46 13/1/72
f 462/1/1690 470/1/1680 452/1/942 454/1/1691
f 468/1/1389 477/1/1666 476/1/1692 469/1/988
f 1915/1/1693 1982/1/92 1934/1/1058 1926/1/1061
f 421/1/904 434/1/1549 415/1/1694 414/1/1674
f 435/1/1548 428/1/801 415/1/1694 434/1/1549
f 242/1/1078 268/1/536 250/1/261 243/1/264
f 429/1/802 454/1/1691 452/1/942 446/1/941
f 435/1/1548 454/1/1691 429/1/802 428/1/801
f 868/1/630 869/1/440 863/1/457 862/1/606
f 1134/1/574 1128/1/951 1142/1/995
f 436/1/1639 461/1/1682 443/1/610 437/1/1640
f 460/1/1679 461/1/1682 436/1/1639 453/1/943
f 487/1/1106 505/1/1042 444/1/1044 451/1/613
f 1362/1/1215 1369/1/1695 1367/1/1696 1368/1/1264
f 488/1/1004 493/1/1006 487/1/1106 483/1/989
f 1645/1/1448 1566/1/1431 1573/1/1430 1641/1/1697
f 444/1/1044 512/1/1043 430/1/1638 437/1/1640
f 651/1/1130 677/1/1151 645/1/1115 644/1/1117
f 1147/1/1698 1151/1/1019 1153/1/1699
f 1151/1/1019 1152/1/1018 1153/1/1699
f 730/1/1003 736/1/1015 731/1/1361 722/1/336
f 907/1/596 953/1/565 901/1/563 900/1/1598
f 415/1/1694 428/1/801 409/1/584 408/1/587
f 186/1/586 196/1/213 194/1/429 195/1/432
f 1150/1/944 1140/1/924 1157/1/725
f 445/1/940 453/1/943 436/1/1639 438/1/1562
f 1132/1/494 1159/1/897 1160/1/98
f 1132/1/494 1160/1/98 1156/1/101
f 517/1/1700 424/1/1397 430/1/1638 512/1/1043
f 977/1/520 1075/1/519 1071/1/819 985/1/811
f 1899/1/1701 1907/1/1603 1906/1/961 1900/1/1358
f 1044/1/1298 1061/1/1536 1051/1/1066 1045/1/418
f 249/1/1510 256/1/1513 232/1/525 241/1/1540
f 517/1/1700 520/1/1702 153/1/1398 424/1/1397
f 606/1/1525 658/1/1085 617/1/1464 612/1/1207
f 82/1/1403 1356/1/1703 1349/1/1704 75/1/1404
f 1668/1/1705 1704/1/1706 1660/1/699 1661/1/698
f 1808/1/1672 1815/1/1707 1802/1/403 1799/1/1210
f 1495/1/1382 1494/1/1385 1488/1/1708 1491/1/1709
f 1891/1/1710 1892/1/1711 1884/1/1712 1885/1/1713
f 1170/1/1311 1175/1/1714 766/1/1288
f 760/1/1289 1175/1/1714 752/1/817
f 766/1/1288 1175/1/1714 760/1/1289
f 761/1/1387 752/1/817 1175/1/1714
f 1176/1/1715 761/1/1387 1175/1/1714
f 1170/1/1311 1169/1/1309 1176/1/1715
f 1170/1/1311 1176/1/1715 1175/1/1714
f 1174/1/1308 1176/1/1715 1169/1/1309
f 1367/1/1696 1372/1/1716 1371/1/1717 1368/1/1264
f 1186/1/445 1181/1/1438 768/1/1718 1185/1/446
f 903/1/4 936/1/564 935/1/568 930/1/566
f 383/1/48 402/1/1427 392/1/1423 384/1/1348
f 967/1/809 1085/1/830 976/1/791 968/1/779
f 357/1/748 365/1/747 261/1/1512 356/1/1511
f 679/1/1719 681/1/1720 673/1/1721 672/1/1722
f 1048/1/1653 1050/1/1656 440/1/1648 1043/1/970
f 1684/1/1723 1698/1/183 1677/1/182 1676/1/1266
f 1033/1/448 1052/1/392 1027/1/382 1028/1/381
f 1085/1/830 1094/1/829 1090/1/906 1076/1/841
f 744/1/465 1191/1/464 1190/1/443 1185/1/446
f 616/1/732 649/1/1465 646/1/1436 640/1/436
f 671/1/1724 680/1/1502 679/1/1719 672/1/1722
f 660/1/1498 680/1/1502 671/1/1724 663/1/1725
f 1063/1/450 1064/1/462 1059/1/688 1058/1/451
f 676/1/1152 677/1/1151 651/1/1130 667/1/1140
f 181/1/821 189/1/687 188/1/686 187/1/1543
f 646/1/1436 654/1/1499 655/1/1726 647/1/957
f 449/1/1662 1207/1/1200 442/1/1546 441/1/903
f 1055/1/1634 1214/1/1654 1048/1/1653 1049/1/1630
f 659/1/1139 669/1/1592 668/1/1162 667/1/1140
f 1383/1/1727 1385/1/1728 1386/1/1729 1384/1/1730
f 1708/1/366 1749/1/1731 1717/1/1732 1709/1/701
f 655/1/1726 656/1/1733 648/1/955 647/1/957
f 648/1/955 650/1/1734 596/1/1293 642/1/956
f 664/1/1735 665/1/1736 657/1/1737 656/1/1733
f 648/1/955 656/1/1733 657/1/1737 650/1/1734
f 452/1/942 470/1/1680 460/1/1679 453/1/943
f 1124/1/492 1116/1/412 1103/1/411 1123/1/916
f 1703/1/1419 1736/1/1418 1696/1/1185 1695/1/1184
f 1103/1/411 1104/1/85 1095/1/84 1097/1/939
f 1596/1/1574 1610/1/515 1603/1/514 1597/1/300
f 466/1/1681 467/1/611 443/1/610 461/1/1682
f 523/1/1330 541/1/1329 531/1/1233 526/1/106
f 1079/1/1738 1080/1/1127 1055/1/1634 1078/1/1046
f 867/1/1613 866/1/1496 860/1/653 851/1/554
f 1079/1/1738 1093/1/87 1084/1/1124 1080/1/1127
f 1717/1/1732 1728/1/1739 1710/1/1740 1709/1/701
f 1091/1/86 1108/1/1641 481/1/987 1092/1/1494
f 1155/1/899 1139/1/898 1133/1/493 1131/1/915
f 1084/1/1124 1093/1/87 1091/1/86 1092/1/1494
f 495/1/1008 489/1/1002 1218/1/1671
f 1109/1/413 1111/1/805 1106/1/1009 1108/1/1641
f 478/1/1001 1218/1/1671 489/1/1002
f 1220/1/1741 1221/1/1742 1222/1/592
f 1220/1/1741 1223/1/593 1221/1/1742
f 1221/1/1742 1223/1/593 1222/1/592
f 70/1/1531 1872/1/1743 1871/1/1744 69/1/161
f 1866/1/1223 1873/1/1222 1871/1/1744 1872/1/1743
f 1866/1/1223 1872/1/1743 1870/1/767 1867/1/768
f 1513/1/1745 1519/1/864 1517/1/863 1512/1/1746
f 1625/1/911 1626/1/914 1620/1/1747 1624/1/1366
f 1227/1/663 1231/1/1748 1230/1/1749
f 523/1/1330 526/1/106 522/1/105 519/1/887
f 1331/1/287 1452/1/1750 1447/1/132 1326/1/135
f 963/1/467 987/1/456 1129/1/858 1122/1/860
f 1874/1/469 1870/1/767 1671/1/1751 1673/1/1664
f 955/1/831 1114/1/843 961/1/806 954/1/808
f 1131/1/915 1133/1/493 1124/1/492 1123/1/916
f 1864/1/1752 1865/1/1224 1858/1/1257 1859/1/1256
f 1826/1/78 1836/1/707 1832/1/1350 1831/1/79
f 888/1/607 900/1/1598 895/1/665 889/1/708
f 1860/1/1509 1885/1/1713 1864/1/1752 1859/1/1256
f 1853/1/468 1854/1/471 1847/1/1294 1852/1/1258
f 1640/1/1572 1644/1/1449 1645/1/1448 1641/1/1697
f 1864/1/1752 1885/1/1713 1884/1/1712 1879/1/1753
f 1238/1/1754 1248/1/1755 1239/1/1756
f 1884/1/1712 1892/1/1711 1886/1/1757 1880/1/1758
f 1019/1/156 1038/1/420 1037/1/971 1032/1/1649
f 1072/1/1631 1090/1/906 1086/1/526 1082/1/529
f 1862/1/470 1863/1/1759 1855/1/1295 1854/1/471
f 538/1/1167 537/1/1080 529/1/1073 530/1/1177
f 1772/1/1760 1778/1/1761 1758/1/1762 1764/1/1763
f 1645/1/1448 1650/1/1447 1560/1/1764 1566/1/1431
f 1359/1/978 1358/1/1765 1352/1/1766 1356/1/1703
f 1868/1/825 1888/1/1767 1860/1/1509 1861/1/1508
f 1855/1/1295 1863/1/1759 1856/1/64 1848/1/67
f 1990/1/1768 1992/1/1769 1995/1/1770 1994/1/1771
f 1894/1/1772 1892/1/1711 1891/1/1710 1893/1/1773
f 1401/1/1774 1420/1/1775 1418/1/1776 1419/1/928
f 1868/1/825 1890/1/824 1889/1/1039 1888/1/1767
f 1051/1/1066 1057/1/1068 1040/1/419 1045/1/418
f 1857/1/1625 1883/1/826 1868/1/825 1861/1/1508
f 824/1/781 924/1/1076 911/1/856 912/1/827
f 1629/1/913 1632/1/1777 1633/1/1675 1631/1/1778
f 1849/1/66 1878/1/1779 1857/1/1625 1850/1/1515
f 1342/1/245 1343/1/244 1331/1/287 1341/1/281
f 1497/1/1618 1505/1/1023 1503/1/1022 1498/1/1780
f 1440/1/1781 1450/1/1300 61/1/82 65/1/53
f 1726/1/1782 1727/1/1783 1720/1/1784 1719/1/1785
f 1877/1/917 1878/1/1779 1849/1/66 1875/1/65
f 415/1/1694 408/1/587 401/1/1684 414/1/1674
f 245/1/121 278/1/120 244/1/282 237/1/285
f 1729/1/1040 1890/1/824 1887/1/823 1723/1/1786
f 1252/1/649 1261/1/1787 1260/1/1788 1253/1/650
f 92/1/409 108/1/1374 100/1/1789 93/1/1790
f 1887/1/823 1883/1/826 1882/1/1791 1881/1/1792
f 1715/1/1793 1723/1/1786 1887/1/823 1881/1/1792
f 1715/1/1793 1881/1/1792 1877/1/917 1706/1/918
f 51/1/124 1285/1/1514 52/1/125
f 4/1/126 110/1/1794 109/1/257 3/1/3
f 109/1/257 110/1/1794 102/1/1606 101/1/758
f 94/1/220 101/1/758 102/1/1606 96/1/535
f 1773/1/1795 1766/1/965 1765/1/754 1770/1/1796
f 671/1/1724 672/1/1722 664/1/1735 663/1/1725
f 102/1/1606 110/1/1794 111/1/1193 104/1/1196
f 1474/1/1320 1492/1/1797 1479/1/1798 1475/1/1321
f 1289/1/43 1296/1/181 1297/1/44
f 94/1/220 96/1/535 86/1/534 85/1/196
f 190/1/614 206/1/617 182/1/1591 184/1/1550
f 777/1/865 778/1/869 757/1/874 771/1/274
f 97/1/532 104/1/1196 105/1/1195 103/1/689
f 127/1/1799 124/1/1194 111/1/1193 122/1/1800
f 115/1/1371 108/1/1374 92/1/409 113/1/408
f 76/1/194 85/1/196 86/1/534 78/1/1538
f 1296/1/181 1305/1/180 1297/1/44
f 1574/1/1801 1636/1/646 1635/1/645 1632/1/1777
f 506/1/1342 536/1/1335 535/1/1328 528/1/1331
f 1137/1/235 1155/1/899 1131/1/915 1130/1/236
f 136/1/1189 138/1/1416 133/1/1415 134/1/1190
f 105/1/1195 124/1/1194 123/1/1802 118/1/1302
f 901/1/563 902/1/7 895/1/665 900/1/1598
f 112/1/1303 113/1/408 89/1/407 103/1/689
f 76/1/194 78/1/1538 72/1/61 73/1/60
f 79/1/618 80/1/1605 72/1/61 78/1/1538
f 310/1/1324 419/1/884 318/1/883 311/1/1325
f 123/1/1802 128/1/1803 126/1/1804 125/1/1805
f 247/1/1524 289/1/873 240/1/1528 239/1/543
f 1318/1/166 1220/1/1741 1222/1/592
f 68/1/59 71/1/62 70/1/1531 69/1/161
f 753/1/997 767/1/996 768/1/1718 765/1/1205
f 74/1/1405 80/1/1605 83/1/1604 81/1/1406
f 72/1/61 80/1/1605 74/1/1405 71/1/62
f 1864/1/1752 1879/1/1753 1869/1/1221 1865/1/1224
f 92/1/409 93/1/1790 83/1/1604 87/1/410
f 83/1/1604 93/1/1790 90/1/1599 81/1/1406
f 126/1/1804 121/1/1806 120/1/1393 125/1/1805
f 1814/1/1627 1845/1/128 1816/1/127 1812/1/1628
f 423/1/1378 438/1/1562 430/1/1638 424/1/1397
f 1117/1/804 1125/1/495 1126/1/953 1120/1/999
f 216/1/1269 234/1/1571 210/1/929 209/1/430
f 783/1/839 905/1/851 788/1/850 782/1/866
f 123/1/1802 125/1/1805 119/1/1807 118/1/1302
f 119/1/1807 125/1/1805 120/1/1393 117/1/1392
f 119/1/1807 117/1/1392 112/1/1303 118/1/1302
f 112/1/1303 117/1/1392 115/1/1371 113/1/408
f 1062/1/1067 1077/1/842 1076/1/841 1073/1/1623
f 1183/1/1523 1187/1/292 1178/1/1304 1177/1/1307
f 90/1/1599 99/1/1612 98/1/976 91/1/979
f 670/1/1503 688/1/1568 679/1/1719 680/1/1502
f 1337/1/288 1311/1/271 1330/1/211 1336/1/277
f 106/1/1373 116/1/1372 114/1/1808 107/1/1491
f 100/1/1789 108/1/1374 106/1/1373 99/1/1612
f 1344/1/1809 1345/1/1810 1346/1/1811
f 1718/1/1812 1825/1/1813 1894/1/1772 1893/1/1773
f 1465/1/333 1466/1/332 1329/1/186 1334/1/171
f 1349/1/1704 70/1/1531 75/1/1404
f 1688/1/702 1711/1/1814 1668/1/1705 1683/1/1517
f 1350/1/1815 70/1/1531 1349/1/1704
f 307/1/1476 329/1/1182 321/1/1181 314/1/1472
f 348/1/422 355/1/1570 357/1/748 356/1/1511
f 1392/1/1816 1412/1/1817 1401/1/1774 1393/1/1818
f 1428/1/1444 1462/1/226 1421/1/1410 1423/1/920
f 1456/1/227 1462/1/226 1428/1/1444 1457/1/1443
f 588/1/1103 639/1/1386 637/1/1116 633/1/1104
f 1463/1/545 1466/1/332 1461/1/225 1460/1/228
f 1458/1/544 1338/1/243 1335/1/208 1463/1/545
f 1664/1/1819 1676/1/1266 1672/1/1265 1665/1/1820
f 1726/1/1782 1735/1/1608 1733/1/1821 1727/1/1783
f 1417/1/919 1431/1/927 1428/1/1444 1423/1/920
f 1456/1/227 1457/1/1443 1453/1/1822 1455/1/1823
f 1882/1/1791 1883/1/826 1857/1/1625 1878/1/1779
f 1357/1/199 1364/1/1824 1361/1/1216
f 1357/1/199 1358/1/1765 1364/1/1824
f 1056/1/1624 1073/1/1623 1072/1/1631 1068/1/1626
f 1459/1/546 1455/1/1823 1454/1/1825 1458/1/544
f 1338/1/243 1458/1/544 1454/1/1825 1343/1/244
f 443/1/610 451/1/613 444/1/1044 437/1/1640
f 148/1/348 173/1/1158 160/1/1578 149/1/1595
f 1076/1/841 1090/1/906 1072/1/1631 1073/1/1623
f 1447/1/132 1452/1/1750 1453/1/1822 1451/1/1826
f 1453/1/1822 1457/1/1443 1437/1/1442 1451/1/1826
f 927/1/483 931/1/507 920/1/522 921/1/484
f 1368/1/1264 1371/1/1717 1370/1/1143
f 1447/1/132 1451/1/1826 1449/1/1827 1448/1/133
f 1370/1/1143 1371/1/1717 1373/1/1144
f 1425/1/926 1443/1/1488 1437/1/1442 1431/1/927
f 1237/1/479 1477/1/878 1471/1/1828 1229/1/480
f 1317/1/134 1448/1/133 1439/1/1487 1310/1/310
f 1716/1/1829 1783/1/1830 1782/1/1252 1776/1/1563
f 391/1/668 368/1/667 601/1/1526 594/1/1206
f 1443/1/1488 1439/1/1487 1448/1/133 1449/1/1827
f 1301/1/311 1435/1/1489 1418/1/1776 1295/1/259
f 1377/1/1831 122/1/1800 4/1/126
f 970/1/521 969/1/1569 964/1/761 951/1/714
f 1401/1/1774 1419/1/928 1417/1/919 1414/1/922
f 1445/1/1542 1450/1/1300 1440/1/1781 1441/1/948
f 1377/1/1831 4/1/126 1382/1/1832
f 1380/1/1461 1383/1/1727 1351/1/1833
f 1380/1/1461 1381/1/1460 1383/1/1727
f 1351/1/1833 1383/1/1727 1384/1/1730
f 1383/1/1727 1381/1/1460 1385/1/1728
f 1409/1/1834 1410/1/1835 1403/1/1836 1402/1/1837
f 1385/1/1728 1387/1/1838 1386/1/1729
f 1385/1/1728 1381/1/1460 1387/1/1838
f 1386/1/1729 1387/1/1838 1388/1/1839
f 1387/1/1838 1381/1/1460 1389/1/1840
f 1387/1/1838 1390/1/1841 1388/1/1839
f 1387/1/1838 1389/1/1840 1390/1/1841
f 1390/1/1841 1394/1/1842 1392/1/1816 1393/1/1818
f 801/1/784 827/1/773 819/1/750 811/1/629
f 1872/1/1743 70/1/1531 1671/1/1751 1870/1/767
f 1390/1/1841 1393/1/1818 1395/1/1843
f 1390/1/1841 1395/1/1843 1396/1/1844
f 160/1/1578 167/1/1441 161/1/1581 159/1/1845
f 1400/1/1846 1406/1/950 1392/1/1816 1394/1/1842
f 466/1/1681 490/1/1007 468/1/1389 467/1/611
f 1381/1/1460 1397/1/1847 1391/1/1848 1389/1/1840
f 1393/1/1818 1401/1/1774 1395/1/1843
f 1395/1/1843 1401/1/1774 1402/1/1837
f 1395/1/1843 1403/1/1836 1396/1/1844
f 1395/1/1843 1402/1/1837 1403/1/1836
f 1047/1/377 1046/1/393 1052/1/392 1053/1/1313
f 1777/1/1172 1779/1/1175 1772/1/1760 1771/1/1849
f 1382/1/1832 4/1/126 1404/1/1850
f 4/1/126 9/1/145 1404/1/1850
f 1416/1/1851 1436/1/1852 62/1/52 58/1/17
f 992/1/813 1065/1/812 1061/1/1536 998/1/1589
f 395/1/314 399/1/1565 381/1/1564 387/1/315
f 1405/1/1853 1408/1/1854 1400/1/1846 1399/1/1855
f 1501/1/672 1274/1/1856 1273/1/1857 1500/1/673
f 1402/1/1837 1401/1/1774 1409/1/1834
f 1398/1/1279 1430/1/1278 1405/1/1853 1399/1/1855
f 1398/1/1279 1399/1/1855 1391/1/1848 1397/1/1847
f 499/1/1017 505/1/1042 487/1/1106 493/1/1006
f 1405/1/1853 1434/1/1858 1413/1/178 1408/1/1854
f 1409/1/1834 1401/1/1774 1414/1/922
f 1409/1/1834 1415/1/921 1410/1/1835
f 1409/1/1834 1414/1/922 1415/1/921
f 1381/1/1460 1382/1/1832 1404/1/1850 1397/1/1847
f 909/1/567 930/1/566 929/1/570 923/1/715
f 53/1/16 1416/1/1851 58/1/17
f 1404/1/1850 1424/1/787 1398/1/1279 1397/1/1847
f 1360/1/1375 1380/1/1461 1351/1/1833 1355/1/1376
f 481/1/987 1219/1/1665 1216/1/1495 1092/1/1494
f 463/1/1359 456/1/601 542/1/1333 536/1/1335
f 53/1/16 1295/1/259 1418/1/1776
f 1377/1/1831 1382/1/1832 1381/1/1460 1378/1/1462
f 1420/1/1775 53/1/16 1418/1/1776
f 1420/1/1775 1416/1/1851 53/1/16
f 1347/1/1467 1355/1/1376 1351/1/1833 1346/1/1811
f 1374/1/1141 1379/1/1859 1377/1/1831 1378/1/1462
f 1374/1/1141 1378/1/1462 1360/1/1375 1375/1/1142
f 1345/1/1810 1348/1/1860 1347/1/1467 1346/1/1811
f 1422/1/1411 1426/1/1471 1427/1/1861
f 1213/1/1667 1219/1/1665 495/1/1008 1218/1/1671
f 418/1/1253 584/1/1354 572/1/1347 439/1/799
f 1499/1/1384 1502/1/1383 1284/1/1010 1280/1/1013
f 1411/1/949 1441/1/948 1440/1/1781 1436/1/1852
f 62/1/52 1436/1/1852 1440/1/1781 65/1/53
f 1172/1/1539 1182/1/1862 1166/1/1632 1168/1/1287
f 1407/1/947 1444/1/177 1445/1/1542 1441/1/948
f 1370/1/1143 1375/1/1142 1354/1/201 1363/1/200
f 447/1/600 563/1/1334 542/1/1333 456/1/601
f 4/1/126 122/1/1800 111/1/1193 110/1/1794
f 1411/1/949 1412/1/1817 1392/1/1816 1406/1/950
f 637/1/1116 638/1/1090 630/1/557 633/1/1104
f 50/1/55 57/1/485 1446/1/176 1442/1/56
f 1376/1/1863 1379/1/1859 1374/1/1141 1373/1/1144
f 145/1/1610 152/1/1485 146/1/1617 142/1/1864
f 127/1/1799 1379/1/1859 1376/1/1863 128/1/1803
f 1534/1/388 1526/1/1865 1533/1/1866 1539/1/385
f 34/1/143 1433/1/1867 1429/1/786 25/1/376
f 1885/1/1713 1860/1/1509 1888/1/1767 1891/1/1710
f 1721/1/1868 1720/1/1784 1820/1/1869 1821/1/1870
f 1429/1/786 1433/1/1867 1432/1/1871 1430/1/1278
f 1400/1/1846 1394/1/1842 1391/1/1848 1399/1/1855
f 1438/1/57 1442/1/56 1413/1/178 1434/1/1858
f 1438/1/57 1434/1/1858 1432/1/1871 1433/1/1867
f 34/1/143 42/1/58 1438/1/57 1433/1/1867
f 1369/1/1695 114/1/1808 121/1/1806 1367/1/1696
f 126/1/1804 1372/1/1716 1367/1/1696 121/1/1806
f 374/1/810 380/1/1637 375/1/1579 370/1/800
f 1443/1/1488 1449/1/1827 1437/1/1442
f 380/1/1637 1011/1/159 371/1/158 375/1/1579
f 1449/1/1827 1451/1/1826 1437/1/1442
f 1035/1/330 1024/1/322 1030/1/321 1036/1/1622
f 583/1/427 584/1/1354 418/1/1253 412/1/428
f 114/1/1808 1369/1/1695 1366/1/1492 107/1/1491
f 1366/1/1492 1369/1/1695 1362/1/1215 1361/1/1216
f 607/1/1635 674/1/1138 675/1/1473 666/1/1475
f 181/1/821 187/1/1543 172/1/1157 174/1/822
f 1483/1/1872 1491/1/1709 1488/1/1708 1484/1/1873
f 1455/1/1823 1459/1/546 1456/1/227
f 352/1/1874 353/1/1457 335/1/1456 346/1/1479
f 1456/1/227 1459/1/546 1460/1/228
f 1352/1/1766 1358/1/1765 1357/1/199 1353/1/202
f 1352/1/1766 1353/1/202 1347/1/1467 1348/1/1860
f 1359/1/978 1365/1/977 1364/1/1824 1358/1/1765
f 1742/1/1283 1748/1/1341 1750/1/1340 1743/1/1284
f 1342/1/245 1340/1/232 1328/1/230 1339/1/229
f 1356/1/1703 82/1/1403 91/1/979 1359/1/978
f 1465/1/333 1334/1/171 1225/1/170
f 252/1/164 253/1/840 228/1/1369 220/1/165
f 1349/1/1704 1356/1/1703 1352/1/1766 1348/1/1860
f 1345/1/1810 1350/1/1815 1349/1/1704 1348/1/1860
f 1465/1/333 1225/1/170 1467/1/1470
f 1427/1/1861 1426/1/1471 1468/1/1875
f 1652/1/1876 1654/1/795 1345/1/1810 1651/1/1877
f 1426/1/1471 1471/1/1828 1470/1/1412
f 1426/1/1471 1467/1/1470 1471/1/1828
f 1673/1/1664 1671/1/1751 1655/1/794 1667/1/793
f 1467/1/1470 1225/1/170 1471/1/1828
f 1471/1/1828 1225/1/170 1229/1/480
f 1863/1/1759 1685/1/324 1690/1/185 1856/1/64
f 1657/1/1183 1658/1/1878 1652/1/1876 1656/1/700
f 143/1/1590 159/1/1845 156/1/1586 150/1/1588
f 1652/1/1876 1658/1/1878 1659/1/792 1654/1/795
f 832/1/769 924/1/1076 824/1/781 825/1/770
f 1664/1/1819 1665/1/1820 1659/1/792 1658/1/1878
f 1750/1/1340 1756/1/755 1757/1/966 1751/1/1879
f 1660/1/699 1695/1/1184 1657/1/1183 1656/1/700
f 1666/1/1577 1667/1/793 1659/1/792 1665/1/1820
f 645/1/1115 686/1/1114 636/1/1091 638/1/1090
f 1391/1/1848 1394/1/1842 1390/1/1841 1389/1/1840
f 1664/1/1819 1689/1/1186 1684/1/1723 1676/1/1266
f 1461/1/225 1464/1/334 1421/1/1410 1462/1/226
f 1507/1/1619 1516/1/11 1514/1/1880 1508/1/1881
f 1734/1/1607 1735/1/1608 1726/1/1782 1728/1/1739
f 812/1/577 829/1/578 805/1/594 804/1/620
f 735/1/641 741/1/973 721/1/335 729/1/642
f 390/1/669 406/1/854 404/1/1402 402/1/1427
f 1696/1/1185 1731/1/1882 1684/1/1723 1689/1/1186
f 1139/1/898 1159/1/897 1132/1/494 1133/1/493
f 1705/1/1883 1706/1/918 1697/1/184 1698/1/183
f 1705/1/1883 1724/1/1884 1715/1/1793 1706/1/918
f 1684/1/1723 1731/1/1882 1705/1/1883 1698/1/183
f 937/1/506 938/1/588 920/1/522 931/1/507
f 1258/1/1644 1281/1/1391 1266/1/1686 1259/1/1885
f 1705/1/1883 1731/1/1882 1730/1/1886 1724/1/1884
f 1696/1/1185 1736/1/1418 1730/1/1886 1731/1/1882
f 1768/1/1887 1770/1/1796 1762/1/1888 1761/1/1889
f 1722/1/1417 1732/1/1420 1729/1/1040 1723/1/1786
f 1490/1/994 1491/1/1709 1483/1/1872 1489/1/991
f 1715/1/1793 1724/1/1884 1722/1/1417 1723/1/1786
f 1730/1/1886 1736/1/1418 1722/1/1417 1724/1/1884
f 1273/1/1857 1271/1/1890 1500/1/673
f 1559/1/960 1565/1/959 1563/1/1891 1564/1/355
f 1729/1/1040 1732/1/1420 1712/1/1892 1725/1/1041
f 1712/1/1892 1732/1/1420 1703/1/1419 1704/1/1706
f 1653/1/697 1663/1/1893 1662/1/1894 1661/1/698
f 1662/1/1894 1670/1/1057 1668/1/1705 1661/1/698
f 1669/1/1054 1670/1/1057 1662/1/1894 1663/1/1893
f 1737/1/1285 1743/1/1284 1744/1/1339 1738/1/1338
f 1674/1/1056 1683/1/1517 1668/1/1705 1670/1/1057
f 1500/1/673 1271/1/1890 1510/1/1895
f 1773/1/1795 1829/1/608 1828/1/1352 1766/1/965
f 1668/1/1705 1711/1/1814 1714/1/1896 1713/1/1897
f 1513/1/1745 1510/1/1895 1271/1/1890
f 1680/1/1898 1681/1/1518 1674/1/1056 1675/1/1055
f 1682/1/1516 1702/1/367 1688/1/702 1683/1/1517
f 1966/1/1394 1986/1/1899 1974/1/580 1973/1/1395
f 447/1/600 439/1/799 572/1/1347 563/1/1334
f 1710/1/1740 1719/1/1785 1714/1/1896 1711/1/1814
f 1513/1/1745 1271/1/1890 1518/1/1900
f 1760/1/1381 1769/1/1901 1768/1/1887 1761/1/1889
f 1575/1/396 1627/1/395 1598/1/1365 1591/1/1368
f 1686/1/149 1694/1/148 1682/1/1516 1681/1/1518
f 1701/1/364 1702/1/367 1682/1/1516 1694/1/148
f 1271/1/1890 1272/1/1902 1525/1/1903
f 1271/1/1890 1525/1/1903 1526/1/1865
f 359/1/1463 369/1/256 360/1/255 353/1/1457
f 1710/1/1740 1728/1/1739 1726/1/1782 1719/1/1785
f 1680/1/1898 1687/1/1904 1686/1/149 1681/1/1518
f 1691/1/1905 1692/1/150 1686/1/149 1687/1/1904
f 662/1/1082 684/1/1474 670/1/1503 661/1/1083
f 1476/1/877 1480/1/880 1478/1/1906 1473/1/1323
f 1693/1/147 1764/1/1763 1701/1/364 1694/1/148
f 745/1/1176 765/1/1205 758/1/846 751/1/849
f 1772/1/1760 1764/1/1763 1693/1/147 1771/1/1849
f 1180/1/1437 1182/1/1862 1172/1/1539 1173/1/847
f 1811/1/1556 1806/1/1559 1803/1/1907 1810/1/1908
f 1824/1/1909 1821/1/1870 1813/1/1557 1811/1/1556
f 1503/1/1022 1504/1/1021 1472/1/1910 1498/1/1780
f 1813/1/1557 1821/1/1870 1820/1/1869 1814/1/1627
f 1727/1/1783 1838/1/1911 1820/1/1869 1720/1/1784
f 1157/1/725 1140/1/924 1144/1/908 1149/1/722
f 1699/1/745 1771/1/1849 1693/1/147 1692/1/150
f 282/1/738 498/1/1016 284/1/283 244/1/282
f 1830/1/80 1831/1/79 1828/1/1352 1829/1/608
f 1807/1/1558 1805/1/1673 1798/1/1912 1806/1/1559
f 1803/1/1907 1806/1/1559 1798/1/1912 1797/1/1506
f 1733/1/1821 1844/1/1913 1838/1/1911 1727/1/1783
f 1838/1/1911 1845/1/128 1814/1/1627 1820/1/1869
f 1274/1/1856 1501/1/672 1499/1/1384 1280/1/1013
f 1630/1/912 1561/1/1914 1567/1/1915 1574/1/1801
f 1737/1/1285 1738/1/1338 1733/1/1821 1735/1/1608
f 1842/1/129 1845/1/128 1838/1/1911 1844/1/1913
f 1733/1/1821 1738/1/1338 1846/1/1337 1844/1/1913
f 977/1/520 978/1/1493 969/1/1569 970/1/521
f 1717/1/1732 1741/1/1659 1734/1/1607 1728/1/1739
f 130/1/317 134/1/1190 133/1/1415 131/1/318
f 126/1/1804 128/1/1803 1376/1/1863 1372/1/1716
f 1718/1/1812 1721/1/1868 1821/1/1870 1824/1/1909
f 377/1/50 378/1/49 358/1/1452 373/1/254
f 489/1/1002 490/1/1007 466/1/1681 484/1/1000
f 1842/1/129 1844/1/1913 1846/1/1337 1843/1/1916
f 617/1/1464 658/1/1085 653/1/1084 649/1/1465
f 1750/1/1340 1751/1/1879 1744/1/1339 1743/1/1284
f 1834/1/1203 1840/1/1202 1744/1/1339 1751/1/1879
f 490/1/1007 495/1/1008 477/1/1666 468/1/1389
f 144/1/1596 149/1/1595 143/1/1590 141/1/1188
f 1990/1/1768 1994/1/1771 1993/1/1134 1991/1/581
f 849/1/502 857/1/605 872/1/482 871/1/503
f 1777/1/1172 1771/1/1849 1699/1/745 1776/1/1563
f 1808/1/1672 1812/1/1628 1816/1/127 1815/1/1707
f 43/1/123 52/1/125 53/1/16 44/1/19
f 981/1/373 991/1/375 990/1/384 982/1/374
f 1846/1/1337 1840/1/1202 1839/1/1201 1843/1/1916
f 1734/1/1607 1741/1/1659 1740/1/1658 1739/1/1286
f 1740/1/1658 1748/1/1341 1742/1/1283 1739/1/1286
f 1780/1/1147 1778/1/1761 1772/1/1760 1779/1/1175
f 1418/1/1776 1435/1/1489 1425/1/926 1419/1/928
f 1040/1/419 1041/1/972 1037/1/971 1038/1/420
f 238/1/1545 260/1/294 233/1/1561 234/1/1571
f 1747/1/756 1748/1/1341 1740/1/1658 1746/1/731
f 1718/1/1812 1893/1/1773 1889/1/1039 1725/1/1041
f 1421/1/1410 1464/1/334 1426/1/1471 1422/1/1411
f 1832/1/1350 1835/1/1204 1834/1/1203 1833/1/1351
f 335/1/1456 366/1/1451 320/1/1454 328/1/1478
f 899/1/219 906/1/218 846/1/691 853/1/371
f 1834/1/1203 1751/1/1879 1757/1/966 1833/1/1351
f 506/1/1342 528/1/1331 513/1/1332 507/1/1336
f 613/1/1135 694/1/1316 689/1/1318 683/1/1136
f 1701/1/364 1764/1/1763 1758/1/1762 1755/1/365
f 1817/1/609 1829/1/608 1773/1/1795 1775/1/1917
f 1837/1/706 1843/1/1916 1839/1/1201 1835/1/1204
f 1837/1/706 1835/1/1204 1832/1/1350 1836/1/707
f 1708/1/366 1755/1/365 1752/1/1379 1749/1/1731
f 1758/1/1762 1759/1/1380 1752/1/1379 1755/1/365
f 809/1/628 825/1/770 817/1/780 810/1/815
f 143/1/1590 149/1/1595 160/1/1578 159/1/1845
f 1774/1/1918 1818/1/1345 1817/1/609 1775/1/1917
f 1774/1/1918 1775/1/1917 1768/1/1887 1769/1/1901
f 1768/1/1887 1775/1/1917 1773/1/1795 1770/1/1796
f 139/1/1413 142/1/1864 140/1/1919 135/1/1414
f 1863/1/1759 1862/1/470 1679/1/1576 1685/1/324
f 1767/1/1920 1781/1/1146 1774/1/1918 1769/1/1901
f 36/1/20 37/1/36 30/1/38 31/1/21
f 1752/1/1379 1753/1/729 1745/1/728 1749/1/1731
f 1717/1/1732 1749/1/1731 1745/1/728 1741/1/1659
f 1800/1/936 1818/1/1345 1774/1/1918 1781/1/1146
f 1601/1/789 1594/1/328 1530/1/1921 1600/1/71
f 491/1/97 492/1/96 474/1/1098 485/1/118
f 1606/1/1026 1616/1/1025 1603/1/514 1607/1/517
f 873/1/670 874/1/1651 867/1/1613 870/1/548
f 1767/1/1920 1769/1/1901 1760/1/1381 1759/1/1380
f 937/1/506 980/1/498 945/1/540 938/1/588
f 1315/1/190 1322/1/231 1321/1/210 1316/1/191
f 1376/1/1863 1373/1/1144 1371/1/1717 1372/1/1716
f 664/1/1735 672/1/1722 673/1/1721 665/1/1736
f 462/1/1690 1211/1/1668 478/1/1001 470/1/1680
f 655/1/1726 663/1/1725 664/1/1735 656/1/1733
f 685/1/1123 686/1/1114 645/1/1115 677/1/1151
f 1760/1/1381 1761/1/1889 1754/1/730 1753/1/729
f 802/1/656 804/1/620 779/1/619 797/1/657
f 1762/1/1888 1763/1/753 1754/1/730 1761/1/1889
f 404/1/1402 416/1/1218 410/1/1217 405/1/1424
f 1822/1/705 1836/1/707 1826/1/78 1823/1/404
f 1842/1/129 1843/1/1916 1837/1/706 1841/1/130
f 474/1/1098 492/1/96 479/1/539 475/1/1409
f 1822/1/705 1823/1/404 1802/1/403 1815/1/1707
f 911/1/856 913/1/704 894/1/703 905/1/851
f 372/1/1435 376/1/1555 261/1/1512 365/1/747
f 1802/1/403 1801/1/406 1794/1/935 1799/1/1210
f 397/1/1425 398/1/1433 315/1/1519 393/1/1426
f 531/1/1233 532/1/1228 527/1/107 526/1/106
f 1805/1/1673 1808/1/1672 1799/1/1210 1792/1/1209
f 1798/1/1912 1805/1/1673 1792/1/1209 1793/1/1652
f 1899/1/1701 1900/1/1358 1895/1/1357 1898/1/1922
f 1794/1/935 1795/1/937 1788/1/1174 1791/1/1211
f 463/1/1359 473/1/1344 472/1/116 471/1/1360
f 199/1/212 207/1/1260 194/1/429 196/1/213
f 1413/1/178 1444/1/177 1407/1/947 1408/1/1854
f 1562/1/1585 1628/1/1923 1598/1/1365 1627/1/395
f 1789/1/834 1797/1/1506 1798/1/1912 1793/1/1652
f 568/1/1250 569/1/1541 561/1/1241 567/1/1240
f 409/1/584 422/1/803 153/1/1398 180/1/585
f 952/1/541 965/1/501 944/1/508 953/1/565
f 551/1/797 550/1/30 544/1/33 545/1/678
f 1796/1/1505 1804/1/1924 1803/1/1907 1797/1/1506
f 1869/1/1221 1879/1/1753 1880/1/1758 1876/1/1925
f 17/1/111 27/1/110 24/1/151 15/1/146
f 1344/1/1809 1651/1/1877 1345/1/1810
f 1432/1/1871 1434/1/1858 1405/1/1853 1430/1/1278
f 1469/1/1322 1475/1/1321 1472/1/1910 1468/1/1875
f 1345/1/1810 1655/1/794 1350/1/1815
f 1345/1/1810 1654/1/795 1655/1/794
f 1350/1/1815 1655/1/794 70/1/1531
f 1121/1/859 1138/1/234 1105/1/233 1115/1/895
f 271/1/1445 480/1/1145 277/1/119 272/1/122
f 1471/1/1828 1477/1/878 1476/1/877 1470/1/1412
f 1089/1/938 1097/1/939 1095/1/84 1087/1/1118
f 1479/1/1798 1498/1/1780 1472/1/1910 1475/1/1321
f 1720/1/1784 1721/1/1868 1714/1/1896 1719/1/1785
f 1483/1/1872 1484/1/1873 1478/1/1906 1482/1/1926
f 1478/1/1906 1484/1/1873 1474/1/1320 1473/1/1323
f 1060/1/401 1003/1/441 997/1/27 983/1/402
f 1379/1/1859 127/1/1799 122/1/1800 1377/1/1831
f 1497/1/1618 1498/1/1780 1479/1/1798 1496/1/674
f 1329/1/186 1466/1/332 1463/1/545 1335/1/208
f 70/1/1531 1655/1/794 1671/1/1751
f 1481/1/879 1486/1/1927 1485/1/1928 1480/1/880
f 1478/1/1906 1480/1/880 1485/1/1928 1482/1/1926
f 161/1/1581 162/1/1263 156/1/1586 159/1/1845
f 1237/1/479 1247/1/1929 1481/1/879 1477/1/878
f 1507/1/1619 1508/1/1881 1506/1/1020 1505/1/1023
f 16/1/144 1424/1/787 1404/1/1850 9/1/145
f 1485/1/1928 1486/1/1927 1487/1/1930 1482/1/1926
f 1762/1/1888 1770/1/1796 1765/1/754 1763/1/753
f 1515/1/8 1516/1/11 1507/1/1619 1509/1/1364
f 1487/1/1930 1489/1/991 1483/1/1872 1482/1/1926
f 1180/1/1437 1189/1/447 1183/1/1523 1182/1/1862
f 1486/1/1927 1254/1/1931 1262/1/1932 1487/1/1930
f 1254/1/1931 1486/1/1927 1481/1/879 1247/1/1929
f 1784/1/832 1785/1/835 1782/1/1252 1783/1/1830
f 1520/1/10 1521/1/1647 1514/1/1880 1516/1/11
f 725/1/760 754/1/759 733/1/1148 727/1/1132
f 1497/1/1618 1512/1/1746 1511/1/1363 1509/1/1364
f 560/1/1246 567/1/1240 552/1/1237 553/1/1236
f 1531/1/139 1536/1/1567 1520/1/10 1523/1/9
f 1488/1/1708 1492/1/1797 1474/1/1320 1484/1/1873
f 386/1/312 432/1/1650 433/1/1660 426/1/313
f 1270/1/992 1489/1/991 1487/1/1930 1262/1/1932
f 1538/1/1275 1540/1/711 1533/1/1866 1532/1/1933
f 1545/1/1428 1554/1/1934 1546/1/1935 1536/1/1567
f 802/1/656 848/1/579 812/1/577 804/1/620
f 679/1/1719 688/1/1568 687/1/1683 681/1/1720
f 1488/1/1708 1494/1/1385 1493/1/671 1492/1/1797
f 1493/1/671 1496/1/674 1479/1/1798 1492/1/1797
f 562/1/1119 570/1/1120 551/1/797 555/1/796
f 155/1/1587 158/1/1089 157/1/1088 151/1/1611
f 1530/1/1921 1594/1/328 1524/1/137 1522/1/1301
f 1511/1/1363 1537/1/1936 1530/1/1921 1522/1/1301
f 1517/1/863 1537/1/1936 1511/1/1363 1512/1/1746
f 1500/1/673 1510/1/1895 1497/1/1618 1496/1/674
f 1046/1/393 1047/1/377 1001/1/368 1039/1/394
f 728/1/640 729/1/642 710/1/968 713/1/946
f 1882/1/1791 1878/1/1779 1877/1/917 1881/1/1792
f 213/1/162 220/1/165 219/1/1370 218/1/1500
f 1545/1/1428 1566/1/1431 1560/1/1764 1554/1/1934
f 1558/1/68 1600/1/71 1530/1/1921 1537/1/1936
f 1558/1/68 1537/1/1936 1517/1/863 1552/1/862
f 1713/1/1897 1718/1/1812 1712/1/1892
f 1713/1/1897 1714/1/1896 1718/1/1812
f 1518/1/1900 1527/1/1937 1519/1/864 1513/1/1745
f 1714/1/1896 1721/1/1868 1718/1/1812
f 1411/1/949 1436/1/1852 1416/1/1851 1412/1/1817
f 1718/1/1812 1725/1/1041 1712/1/1892
f 1874/1/469 1673/1/1664 1679/1/1576 1862/1/470
f 1527/1/1937 1535/1/1554 1528/1/861 1519/1/864
f 1943/1/1938 1944/1/1939 1939/1/1940 1942/1/1941
f 744/1/465 1185/1/446 768/1/1718 767/1/996
f 1285/1/1514 1288/1/260 53/1/16 52/1/125
f 1027/1/382 1039/1/394 1022/1/344 1026/1/347
f 1426/1/1471 1470/1/1412 1469/1/1322 1468/1/1875
f 1499/1/1384 1501/1/672 1493/1/671 1494/1/1385
f 1535/1/1554 1544/1/1553 1543/1/1615 1528/1/861
f 1277/1/1580 1269/1/1942 1268/1/1688 1276/1/1687
f 1550/1/1074 1552/1/862 1528/1/861 1543/1/1615
f 1551/1/354 1572/1/353 1550/1/1074 1543/1/1615
f 1939/1/1940 1946/1/1482 1920/1/1481 1933/1/776
f 945/1/540 946/1/542 914/1/14 938/1/588
f 1029/1/346 1034/1/1943 1021/1/380 1026/1/347
f 1513/1/1745 1512/1/1746 1497/1/1618 1510/1/1895
f 1559/1/960 1564/1/355 1551/1/354 1553/1/1614
f 1786/1/1251 1791/1/1211 1788/1/1174 1787/1/1173
f 1576/1/1052 1618/1/1051 1608/1/70 1578/1/69
f 1053/1/1313 1058/1/451 1059/1/688 1054/1/383
f 1563/1/1891 1577/1/1053 1570/1/352 1564/1/355
f 1416/1/1851 1420/1/1775 1401/1/1774 1412/1/1817
f 1563/1/1891 1586/1/1944 1585/1/1050 1577/1/1053
f 1858/1/1257 1867/1/768 1853/1/468 1852/1/1258
f 1866/1/1223 1867/1/768 1858/1/1257 1865/1/1224
f 1622/1/1122 1619/1/788 1608/1/70 1618/1/1051
f 279/1/695 280/1/1230 263/1/1490 273/1/696
f 1571/1/1945 1586/1/1944 1563/1/1891 1565/1/959
f 48/1/113 49/1/115 41/1/136 40/1/141
f 1364/1/1824 1365/1/977 1366/1/1492 1361/1/1216
f 1248/1/1755 1250/1/1946 1240/1/473 1239/1/1756
f 1601/1/789 1619/1/788 1613/1/1028 1609/1/1027
f 1603/1/514 1616/1/1025 1604/1/297 1597/1/300
f 1592/1/1947 1623/1/1121 1585/1/1050 1586/1/1944
f 1571/1/1945 1583/1/1948 1592/1/1947 1586/1/1944
f 1612/1/1529 1623/1/1121 1592/1/1947 1605/1/298
f 1593/1/329 1609/1/1027 1606/1/1026 1599/1/1949
f 1668/1/1705 1713/1/1897 1712/1/1892 1704/1/1706
f 1604/1/297 1617/1/1486 1612/1/1529 1605/1/298
f 1613/1/1028 1617/1/1486 1604/1/297 1616/1/1025
f 1531/1/139 1587/1/138 1580/1/1950 1579/1/1429
f 1593/1/329 1599/1/1949 1580/1/1950 1587/1/138
f 1589/1/299 1605/1/298 1592/1/1947 1583/1/1948
f 481/1/987 1108/1/1641 1106/1/1009 1107/1/572
f 1301/1/311 1310/1/310 1439/1/1487 1435/1/1489
f 1758/1/1762 1778/1/1761 1767/1/1920 1759/1/1380
f 1819/1/1951 1824/1/1909 1811/1/1556 1810/1/1908
f 1580/1/1950 1581/1/1952 1573/1/1430 1579/1/1429
f 1580/1/1950 1599/1/1949 1588/1/1953 1581/1/1952
f 1606/1/1026 1607/1/517 1588/1/1953 1599/1/1949
f 307/1/1476 312/1/249 301/1/1530 303/1/351
f 90/1/1599 93/1/1790 100/1/1789 99/1/1612
f 1710/1/1740 1711/1/1814 1688/1/702 1709/1/701
f 836/1/513 859/1/512 850/1/549 844/1/556
f 1638/1/1677 1641/1/1697 1573/1/1430 1581/1/1952
f 1634/1/1678 1638/1/1677 1581/1/1952 1588/1/1953
f 1640/1/1572 1641/1/1697 1638/1/1677 1637/1/1676
f 1642/1/1226 1647/1/1954 1648/1/1446 1644/1/1449
f 781/1/622 782/1/866 788/1/850 787/1/623
f 1640/1/1572 1637/1/1676 1635/1/645 1639/1/644
f 1962/1/1955 1985/1/90 1984/1/1956 1979/1/633
f 1635/1/645 1637/1/1676 1633/1/1675 1632/1/1777
f 1646/1/1277 1647/1/1954 1642/1/1226 1643/1/1225
f 1022/1/344 1039/1/394 1001/1/368 1016/1/345
f 699/1/173 711/1/1100 705/1/1096 700/1/174
f 1611/1/516 1634/1/1678 1588/1/1953 1607/1/517
f 1146/1/945 1151/1/1019 1147/1/1698 1142/1/995
f 1633/1/1675 1634/1/1678 1611/1/516 1631/1/1778
f 1289/1/43 1293/1/42 1287/1/238 1286/1/222
f 1274/1/1856 1280/1/1013 1279/1/1012 1275/1/1643
f 1657/1/1183 1689/1/1186 1664/1/1819 1658/1/1878
f 139/1/1413 151/1/1611 145/1/1610 142/1/1864
f 1541/1/710 1636/1/646 1574/1/1801 1567/1/1915
f 1574/1/1801 1632/1/1777 1629/1/913 1630/1/912
f 463/1/1359 536/1/1335 506/1/1342 473/1/1344
f 1615/1/1957 1631/1/1778 1611/1/516 1610/1/515
f 1629/1/913 1631/1/1778 1615/1/1957 1626/1/914
f 828/1/783 795/1/785 752/1/817 762/1/1388
f 1541/1/710 1539/1/385 1533/1/1866 1540/1/711
f 1541/1/710 1567/1/1915 1547/1/386 1539/1/385
f 1538/1/1275 1643/1/1225 1548/1/643 1540/1/711
f 1547/1/386 1567/1/1915 1561/1/1914 1555/1/1958
f 525/1/108 524/1/1070 521/1/888 522/1/105
f 1786/1/1251 1793/1/1652 1792/1/1209 1791/1/1211
f 1615/1/1957 1610/1/515 1596/1/1574 1614/1/1959
f 1533/1/1866 1526/1/1865 1525/1/1903 1532/1/1933
f 1889/1/1039 1893/1/1773 1891/1/1710 1888/1/1767
f 319/1/248 327/1/247 324/1/1537 322/1/1532
f 1534/1/388 1542/1/387 1527/1/1937 1518/1/1900
f 1192/1/291 1193/1/1280 1178/1/1304 1187/1/292
f 1561/1/1914 1630/1/912 1625/1/911 1628/1/1923
f 1083/1/528 1087/1/1118 1079/1/1738 1078/1/1046
f 1819/1/1951 1718/1/1812 1824/1/1909
f 1526/1/1865 1534/1/388 1518/1/1900 1271/1/1890
f 1819/1/1951 1825/1/1813 1718/1/1812
f 802/1/656 856/1/639 855/1/604 848/1/579
f 1620/1/1747 1626/1/914 1615/1/1957 1614/1/1959
f 1571/1/1945 1584/1/1560 1582/1/1960 1583/1/1948
f 1582/1/1960 1595/1/1575 1589/1/299 1583/1/1948
f 1582/1/1960 1621/1/1961 1602/1/1962 1595/1/1575
f 1602/1/1962 1614/1/1959 1596/1/1574 1595/1/1575
f 1602/1/1962 1621/1/1961 1620/1/1747 1614/1/1959
f 1590/1/1367 1621/1/1961 1582/1/1960 1584/1/1560
f 1590/1/1367 1624/1/1366 1620/1/1747 1621/1/1961
f 1569/1/958 1584/1/1560 1571/1/1945 1565/1/959
f 8/1/104 9/1/145 4/1/126 5/1/103
f 689/1/1318 692/1/1319 687/1/1683 683/1/1136
f 10/1/39 14/1/63 6/1/88 7/1/102
f 1598/1/1365 1628/1/1923 1625/1/911 1624/1/1366
f 874/1/1651 879/1/1507 866/1/1496 867/1/1613
f 961/1/806 1100/1/828 967/1/809 962/1/807
f 1542/1/387 1549/1/1551 1535/1/1554 1527/1/1937
f 1575/1/396 1591/1/1368 1569/1/958 1568/1/397
f 1561/1/1914 1628/1/1923 1562/1/1585 1555/1/1958
f 1055/1/1634 1080/1/1127 1215/1/1126 1214/1/1654
f 952/1/541 972/1/497 971/1/496 965/1/501
f 1557/1/398 1568/1/397 1559/1/960 1553/1/1614
f 1095/1/84 1093/1/87 1079/1/1738 1087/1/1118
f 179/1/214 180/1/585 153/1/1398 178/1/1484
f 30/1/38 39/1/37 23/1/73 21/1/46
f 1246/1/1963 1267/1/1689 1268/1/1688 1261/1/1787
f 1242/1/1964 1267/1/1689 1246/1/1963 1243/1/1965
f 292/1/982 311/1/1325 298/1/1377 293/1/1401
f 1246/1/1963 1261/1/1787 1252/1/649 1245/1/652
f 171/1/1629 177/1/1621 165/1/1483 164/1/1609
f 1268/1/1688 1269/1/1942 1260/1/1788 1261/1/1787
f 1270/1/992 1262/1/1932 1260/1/1788 1269/1/1942
f 1260/1/1788 1262/1/1932 1254/1/1931 1253/1/650
f 1266/1/1686 1267/1/1689 1242/1/1964 1259/1/1885
f 660/1/1498 663/1/1725 655/1/1726 654/1/1499
f 1234/1/475 1243/1/1965 1235/1/1966 1232/1/876
f 1242/1/1964 1243/1/1965 1234/1/475 1241/1/474
f 1251/1/1967 1259/1/1885 1242/1/1964 1241/1/474
f 1244/1/651 1253/1/650 1254/1/1931 1247/1/1929
f 1235/1/1966 1245/1/652 1244/1/651 1236/1/478
f 481/1/987 482/1/1968 476/1/1692 477/1/1666
f 1244/1/651 1247/1/1929 1237/1/479 1236/1/478
f 1208/1/1199 1211/1/1668 462/1/1690 1206/1/1547
f 1251/1/1967 1241/1/474 1240/1/473 1250/1/1946
f 1234/1/475 1232/1/876 1226/1/664 1233/1/476
f 339/1/1527 248/1/1534 241/1/1540 240/1/1528
f 1166/1/1632 1182/1/1862 1183/1/1523 1177/1/1307
f 1230/1/1749 1233/1/476 1226/1/664 1227/1/663
f 1230/1/1749 1239/1/1756 1240/1/473 1233/1/476
f 1166/1/1632 1177/1/1307 1171/1/1306 1167/1/1310
f 1235/1/1966 1236/1/478 1228/1/477 1232/1/876
f 1224/1/591 1228/1/477 1229/1/480 1225/1/170
f 263/1/1490 262/1/163 213/1/162 205/1/1501
f 1042/1/969 1049/1/1630 1048/1/1653 1043/1/970
f 1871/1/1744 67/1/160 69/1/161
f 1249/1/1969 1255/1/1156 1248/1/1755 1238/1/1754
f 1873/1/1222 1869/1/1221 1876/1/1925
f 1400/1/1846 1408/1/1854 1407/1/947 1406/1/950
f 1235/1/1966 1243/1/1965 1246/1/1963 1245/1/652
f 1277/1/1580 1278/1/993 1270/1/992 1269/1/1942
f 1238/1/1754 1239/1/1756 1230/1/1749 1231/1/1748
f 1282/1/1390 1283/1/1011 1277/1/1580 1276/1/1687
f 1281/1/1391 1282/1/1390 1276/1/1687 1266/1/1686
f 1879/1/1753 1884/1/1712 1880/1/1758
f 600/1/1208 612/1/1207 617/1/1464 615/1/735
f 653/1/1084 654/1/1499 646/1/1436 649/1/1465
f 1672/1/1265 1678/1/325 1666/1/1577 1665/1/1820
f 1490/1/994 1502/1/1383 1495/1/1382 1491/1/1709
f 1279/1/1012 1281/1/1391 1258/1/1644 1275/1/1643
f 822/1/562 823/1/648 816/1/974 814/1/634
f 1274/1/1856 1275/1/1643 1265/1/1642 1273/1/1857
f 1271/1/1890 1273/1/1857 1265/1/1642 1264/1/1154
f 59/1/76 63/1/54 64/1/51 60/1/83
f 1256/1/1155 1257/1/1645 1251/1/1967 1250/1/1946
f 1265/1/1642 1257/1/1645 1256/1/1155 1264/1/1154
f 1256/1/1155 1250/1/1946 1248/1/1755 1255/1/1156
f 265/1/1533 247/1/1524 239/1/543 224/1/524
f 1271/1/1890 1264/1/1154 1263/1/1153 1272/1/1902
f 1904/1/1970 1961/1/1469 1897/1/389 1896/1/389
f 1960/1/1396 1961/1/1469 1904/1/1970 1954/1/1480
f 1920/1/1481 1954/1/1480 1904/1/1970 1911/1/1685
f 1897/1/389 1898/1/1922 1895/1/1357 1896/1/389
f 1895/1/1357 1902/1/1356 1903/1/389 1896/1/389
f 1968/1/1468 1969/1/389 1897/1/389 1961/1/1469
f 1968/1/1468 1975/1/583 1972/1/389 1969/1/389
f 227/1/263 229/1/882 204/1/900 218/1/1500
f 1547/1/386 1555/1/1958 1549/1/1551 1542/1/387
f 1965/1/1169 1960/1/1396 1954/1/1480 1952/1/1170
f 1502/1/1383 1490/1/994 1278/1/993 1284/1/1010
f 1903/1/389 1911/1/1685 1904/1/1970 1896/1/389
f 404/1/1402 405/1/1424 392/1/1423 402/1/1427
f 1910/1/390 1913/1/389 1903/1/389 1902/1/1356
f 1959/1/1168 1967/1/1971 1966/1/1394 1965/1/1169
f 120/1/1393 121/1/1806 114/1/1808 116/1/1372
f 1974/1/580 1975/1/583 1968/1/1468 1973/1/1395
f 1145/1/100 1144/1/908 1127/1/923 1143/1/964
f 1780/1/1147 1781/1/1146 1767/1/1920 1778/1/1761
f 1919/1/389 1925/1/778 1912/1/777 1913/1/389
f 1903/1/389 1913/1/389 1912/1/777 1911/1/1685
f 1901/1/1355 1916/1/1972 1910/1/390 1902/1/1356
f 127/1/1799 128/1/1803 123/1/1802 124/1/1194
f 1916/1/1972 1923/1/765 1917/1/1973
f 1716/1/1829 1776/1/1563 1699/1/745 1707/1/744
f 321/1/1181 328/1/1478 320/1/1454 314/1/1472
f 1945/1/1974 1953/1/1171 1952/1/1170 1946/1/1482
f 1945/1/1974 1946/1/1482 1939/1/1940 1944/1/1939
f 759/1/848 760/1/1289 752/1/817 751/1/849
f 1923/1/765 1931/1/1975 1917/1/1973
f 1917/1/1973 1918/1/391 1910/1/390 1916/1/1972
f 1990/1/1768 1991/1/581 1974/1/580 1986/1/1899
f 1971/1/1976 1992/1/1769 1990/1/1768 1986/1/1899
f 1930/1/1977 1936/1/1978 1931/1/1975
f 1917/1/1973 1931/1/1975 1936/1/1978
f 1930/1/1977 1937/1/1979 1936/1/1978
f 1917/1/1973 1936/1/1978 1938/1/1980
f 1933/1/776 1932/1/775 1939/1/1940
f 1901/1/1355 1924/1/766 1923/1/765 1916/1/1972
f 1258/1/1644 1259/1/1885 1251/1/1967 1257/1/1645
f 1936/1/1978 1937/1/1979 1941/1/1981
f 1936/1/1978 1941/1/1981 1938/1/1980
f 1939/1/1940 1932/1/775 1942/1/1941
f 1930/1/1977 1931/1/1975 1923/1/765 1929/1/764
f 514/1/1047 513/1/1332 519/1/887 518/1/886
f 1995/1/1770 1989/1/1594 1988/1/1593 1994/1/1771
f 1932/1/775 1950/1/1982 1942/1/1941
f 1942/1/1941 1950/1/1982 1943/1/1938
f 1943/1/1938 1950/1/1982 1951/1/1983
f 1454/1/1825 1452/1/1750 1331/1/287 1343/1/244
f 1906/1/961 1924/1/766 1901/1/1355 1900/1/1358
f 1932/1/775 1955/1/1984 1950/1/1982
f 923/1/715 922/1/762 916/1/1166 909/1/567
f 1993/1/1134 1994/1/1771 1988/1/1593 1987/1/251
f 758/1/846 1181/1/1438 1180/1/1437 1173/1/847
f 1950/1/1982 1958/1/1985 1951/1/1983
f 1950/1/1982 1955/1/1984 1958/1/1985
f 1914/1/1602 1922/1/962 1906/1/961 1907/1/1603
f 1971/1/1976 1986/1/1899 1966/1/1394 1967/1/1971
f 768/1/1718 1181/1/1438 758/1/846 765/1/1205
f 403/1/1663 414/1/1674 401/1/1684 400/1/1566
f 1816/1/127 1841/1/130 1822/1/705 1815/1/1707
f 1899/1/1701 1909/1/1986 1908/1/1600 1907/1/1603
f 873/1/670 889/1/708 878/1/709 874/1/1651
f 1905/1/1987 1909/1/1986 1899/1/1701 1898/1/1922
f 1897/1/389 1969/1/389 1905/1/1987 1898/1/1922
f 757/1/874 778/1/869 763/1/488 756/1/491
f 1908/1/1600 1926/1/1061 1927/1/1060 1921/1/1601
f 1997/1/389 1981/1/93 1976/1/1988 1972/1/389
f 1972/1/389 1976/1/1988 1905/1/1987 1969/1/389
f 1454/1/1825 1455/1/1823 1453/1/1822 1452/1/1750
f 1915/1/1693 1926/1/1061 1908/1/1600 1909/1/1986
f 1962/1/1955 1979/1/633 1970/1/632 1963/1/1989
f 1981/1/93 1982/1/92 1915/1/1693 1976/1/1988
f 1981/1/93 1997/1/389 1984/1/1956 1985/1/90
f 1905/1/1987 1976/1/1988 1915/1/1693 1909/1/1986
f 1980/1/582 1997/1/389 1972/1/389 1975/1/583
f 1993/1/1134 1996/1/1133 1980/1/582 1991/1/581
f 1956/1/1990 1964/1/1582 1962/1/1955 1963/1/1989
f 1984/1/1956 1996/1/1133 1977/1/250 1979/1/633
f 566/1/1034 579/1/1249 560/1/1246 559/1/1245
f 1984/1/1956 1997/1/389 1980/1/582 1996/1/1133
f 1947/1/1583 1964/1/1582 1956/1/1990 1948/1/1670
f 1653/1/697 1656/1/700 1652/1/1876 1651/1/1877
f 1555/1/1958 1562/1/1585 1556/1/1552 1549/1/1551
f 682/1/1137 684/1/1474 675/1/1473 674/1/1138
f 1957/1/91 1985/1/90 1962/1/1955 1964/1/1582
f 1982/1/92 1957/1/91 1949/1/1584 1934/1/1058
f 1660/1/699 1704/1/1706 1703/1/1419 1695/1/1184
f 1934/1/1058 1949/1/1584 1940/1/1669 1935/1/1059
f 1828/1/1352 1833/1/1351 1757/1/966 1766/1/965
f 401/1/1684 408/1/587 186/1/586 195/1/432
f 586/1/1292 634/1/434 591/1/1271 587/1/1274
