# Blender 4.3.2
# www.blender.org
o hair.100
v 7.707903 0.098147 -0.005538
v 7.707287 0.098078 -0.006127
v 7.704995 0.099114 -0.002066
v 7.710750 0.096998 -0.008782
v 7.708450 0.098236 -0.004728
v 7.708844 0.098337 -0.003840
v 7.711802 0.097168 -0.007333
v 7.709116 0.098470 -0.002804
v 7.712637 0.097362 -0.005642
v 7.713259 0.095203 -0.011725
v 7.714769 0.095456 -0.009684
v 7.716012 0.095719 -0.007340
v 7.709502 0.096852 -0.009960
v 7.713253 0.097597 -0.003702
v 7.709119 0.098619 -0.001653
v 7.713490 0.097928 -0.001210
v 7.717518 0.093341 -0.011299
v 7.715549 0.093083 -0.014004
v 7.713231 0.092824 -0.016153
v 7.711459 0.094957 -0.013413
v 7.709437 0.094784 -0.014624
v 7.708093 0.096749 -0.010811
v 7.717026 0.095997 -0.004718
v 7.717374 0.096706 -0.001075
v 7.713435 0.098321 0.001502
v 7.708771 0.098785 -0.000237
v 7.706573 0.096704 -0.011268
v 7.706561 0.098029 -0.006579
v 7.720425 0.093855 -0.005002
v 7.716384 0.097934 0.005287
v 7.720621 0.095480 0.005714
v 7.720459 0.094594 -0.000647
v 7.712353 0.098609 0.003110
v 7.708343 0.098865 0.000444
v 7.705798 0.098002 -0.006814
v 7.723754 0.090830 -0.005236
v 7.719139 0.093597 -0.008240
v 7.723091 0.092334 -0.000576
v 7.716297 0.098256 0.012358
v 7.711272 0.098896 0.004717
v 7.707915 0.098946 0.001124
v 7.704995 0.096696 -0.011400
v 7.704995 0.097997 -0.006890
v 7.722379 0.090634 -0.009065
v 7.720460 0.090409 -0.012932
v 7.710768 0.098529 0.011425
v 7.709584 0.099003 0.005699
v 7.707207 0.099006 0.001591
v 7.704192 0.098002 -0.006814
v 7.704995 0.094767 -0.015394
v 7.703416 0.096704 -0.011268
v 7.707255 0.094750 -0.015237
v 7.718038 0.090164 -0.016396
v 7.707895 0.099109 0.006681
v 7.706499 0.099066 0.002057
v 7.703429 0.098029 -0.006579
v 7.707869 0.092559 -0.018511
v 7.710647 0.092627 -0.017676
v 7.723194 0.086736 -0.014303
v 7.720373 0.086559 -0.018502
v 7.715173 0.089909 -0.018994
v 7.704995 0.098076 0.012183
v 7.706446 0.099132 0.006899
v 7.705747 0.099078 0.002204
v 7.711979 0.089703 -0.020781
v 7.722549 0.082384 -0.020451
v 7.717026 0.086365 -0.021551
v 7.725196 0.087165 -0.009737
v 7.711225 0.097777 0.017016
v 7.704995 0.099155 0.007115
v 7.704995 0.099090 0.002350
v 7.713274 0.086194 -0.023590
v 7.708547 0.089609 -0.021832
v 7.728254 0.082581 -0.010102
v 7.726630 0.087544 -0.005267
v 7.703544 0.099132 0.006899
v 7.704243 0.099078 0.002204
v 7.714498 0.082166 -0.026315
v 7.709211 0.086096 -0.024786
v 7.704995 0.092557 -0.018757
v 7.725728 0.082468 -0.015543
v 7.702094 0.099109 0.006681
v 7.703490 0.099066 0.002057
v 7.718767 0.082280 -0.023985
v 7.704995 0.089590 -0.022173
v 7.701443 0.089609 -0.021832
v 7.702120 0.092559 -0.018511
v 7.702734 0.094750 -0.015237
v 7.702783 0.099006 0.001591
v 7.720258 0.077467 -0.026027
v 7.704995 0.086065 -0.025174
v 7.700778 0.086096 -0.024786
v 7.696716 0.086194 -0.023590
v 7.698010 0.089703 -0.020781
v 7.700552 0.094784 -0.014624
v 7.699342 0.092627 -0.017676
v 7.701896 0.096749 -0.010811
v 7.704995 0.082015 -0.028067
v 7.709839 0.082063 -0.027648
v 7.700150 0.082063 -0.027648
v 7.695491 0.082166 -0.026315
v 7.692963 0.086365 -0.021551
v 7.694816 0.089909 -0.018994
v 7.696758 0.092824 -0.016153
v 7.700488 0.096852 -0.009960
v 7.702703 0.098078 -0.006127
v 7.710373 0.077303 -0.030083
v 7.699616 0.077303 -0.030083
v 7.689617 0.086559 -0.018502
v 7.691951 0.090164 -0.016396
v 7.702085 0.098147 -0.005538
v 7.715541 0.077397 -0.028637
v 7.686795 0.086736 -0.014303
v 7.687440 0.082384 -0.020451
v 7.689529 0.090409 -0.012932
v 7.694440 0.093083 -0.014004
v 7.699239 0.096998 -0.008782
v 7.701539 0.098236 -0.004728
v 7.716216 0.072519 -0.030002
v 7.691222 0.082280 -0.023985
v 7.692471 0.093341 -0.011299
v 7.696730 0.095203 -0.011725
v 7.698530 0.094957 -0.013413
v 7.698187 0.097168 -0.007333
v 7.701146 0.098337 -0.003840
v 7.689731 0.077467 -0.026027
v 7.694448 0.077397 -0.028637
v 7.695220 0.095456 -0.009684
v 7.693976 0.095719 -0.007340
v 7.697352 0.097362 -0.005642
v 7.700873 0.098470 -0.002804
v 7.693774 0.072519 -0.030002
v 7.704995 0.077250 -0.030517
v 7.704995 0.072374 -0.031947
v 7.699275 0.072423 -0.031513
v 7.696736 0.097597 -0.003702
v 7.700870 0.098619 -0.001653
v 7.699044 0.066439 -0.032102
v 7.710715 0.072423 -0.031513
v 7.710945 0.066439 -0.032102
v 7.704995 0.066381 -0.032523
v 7.687610 0.090634 -0.009065
v 7.690850 0.093597 -0.008240
v 7.704995 0.060728 -0.031978
v 7.711036 0.060808 -0.031575
v 7.716856 0.061052 -0.030038
v 7.716671 0.066588 -0.030562
v 7.684793 0.087165 -0.009737
v 7.686235 0.090830 -0.005236
v 7.683359 0.087544 -0.005267
v 7.689565 0.093855 -0.005002
v 7.692963 0.095997 -0.004718
v 7.711065 0.054885 -0.030043
v 7.721890 0.066800 -0.027629
v 7.684261 0.082468 -0.015543
v 7.681735 0.082581 -0.010102
v 7.689530 0.094594 -0.000647
v 7.692615 0.096706 -0.001075
v 7.686899 0.092334 -0.000576
v 7.696498 0.097928 -0.001210
v 7.685600 0.077508 -0.022042
v 7.682204 0.077521 -0.016520
v 7.679264 0.077583 -0.010529
v 7.679039 0.081833 -0.000900
v 7.689369 0.095480 0.005714
v 7.696555 0.098321 0.001502
v 7.693605 0.097934 0.005287
v 7.701218 0.098785 -0.000237
v 7.680929 0.072748 -0.017035
v 7.677958 0.072516 -0.010811
v 7.682529 0.087882 -0.000620
v 7.680553 0.084734 -0.000681
v 7.697636 0.098609 0.003110
v 7.701646 0.098865 0.000444
v 7.693693 0.098256 0.012358
v 7.698717 0.098896 0.004717
v 7.702075 0.098946 0.001124
v 7.684668 0.090531 -0.000525
v 7.679651 0.084666 0.005424
v 7.677829 0.081549 0.004753
v 7.699222 0.098529 0.011425
v 7.700406 0.099003 0.005699
v 7.683700 0.090593 0.005823
v 7.686183 0.092991 0.005834
v 7.677955 0.079194 -0.001351
v 7.676827 0.081192 0.009624
v 7.676782 0.078993 0.003855
v 7.698764 0.097777 0.017016
v 7.681784 0.088148 0.005665
v 7.685706 0.093296 0.012743
v 7.689275 0.095949 0.012682
v 7.677235 0.076928 -0.001969
v 7.676328 0.074011 -0.002831
v 7.704995 0.096978 0.016639
v 7.693543 0.097434 0.018262
v 7.688993 0.095519 0.018946
v 7.680541 0.087971 0.012225
v 7.678351 0.084344 0.011142
v 7.676029 0.076513 0.002362
v 7.694138 0.095670 0.023064
v 7.682998 0.090746 0.012668
v 7.676614 0.082206 0.016764
v 7.675724 0.080284 0.015869
v 7.674643 0.077503 0.014295
v 7.675962 0.078612 0.008233
v 7.675166 0.075939 0.006497
v 7.674594 0.073178 0.004788
v 7.698735 0.096486 0.021041
v 7.682263 0.090094 0.019195
v 7.685229 0.092780 0.019174
v 7.676671 0.078798 0.023001
v 7.673827 0.074730 0.012728
v 7.673252 0.071897 0.011038
v 7.675955 0.071383 -0.003690
v 7.711255 0.096486 0.021041
v 7.704995 0.095900 0.019738
v 7.686503 0.090446 0.024796
v 7.690102 0.093289 0.024076
v 7.674168 0.072457 0.019262
v 7.675751 0.067620 -0.005103
v 7.674434 0.070492 0.002720
v 7.716446 0.097434 0.018262
v 7.715852 0.095670 0.023064
v 7.704995 0.093226 0.022959
v 7.675068 0.075401 0.021180
v 7.720996 0.095519 0.018946
v 7.720714 0.095949 0.012682
v 7.710629 0.094124 0.025001
v 7.699360 0.094124 0.025001
v 7.678713 0.072207 0.026110
v 7.724283 0.093296 0.012743
v 7.723805 0.092991 0.005834
v 7.713785 0.093278 0.026848
v 7.709900 0.090654 0.028251
v 7.700089 0.090654 0.028251
v 7.696205 0.093278 0.026848
v 7.726289 0.090593 0.005823
v 7.725322 0.090531 -0.000525
v 7.717034 0.090716 0.028238
v 7.719887 0.093289 0.024076
v 7.704995 0.087765 0.025133
v 7.715840 0.083251 0.032047
v 7.692955 0.090716 0.028238
v 7.694149 0.083251 0.032047
v 7.727460 0.087882 -0.000620
v 7.723486 0.090446 0.024796
v 7.720395 0.087477 0.029506
v 7.724760 0.092780 0.019174
v 7.718130 0.080088 0.032553
v 7.723198 0.084397 0.029825
v 7.686791 0.084397 0.029825
v 7.691860 0.080088 0.032553
v 7.689594 0.087477 0.029506
v 7.727726 0.090094 0.019195
v 7.726470 0.087646 0.024854
v 7.726991 0.090746 0.012668
v 7.720153 0.077167 0.032346
v 7.689836 0.077167 0.032346
v 7.729448 0.087971 0.012225
v 7.730057 0.087405 0.018849
v 7.729037 0.084821 0.024596
v 7.728205 0.088148 0.005665
v 7.725594 0.081385 0.029503
v 7.727827 0.078270 0.028788
v 7.722177 0.074245 0.031793
v 7.683520 0.087646 0.024854
v 7.731408 0.085665 0.018340
v 7.730338 0.084666 0.005424
v 7.729436 0.084734 -0.000681
v 7.724037 0.071443 0.030797
v 7.680952 0.084821 0.024596
v 7.684395 0.081385 0.029503
v 7.679932 0.087405 0.018849
v 7.732160 0.081549 0.004753
v 7.730950 0.081833 -0.000900
v 7.725573 0.068877 0.029261
v 7.731277 0.072207 0.026110
v 7.729785 0.075147 0.027650
v 7.682163 0.078270 0.028788
v 7.687813 0.074245 0.031793
v 7.678582 0.085665 0.018340
v 7.732034 0.079194 -0.001351
v 7.730725 0.077583 -0.010529
v 7.726946 0.066431 0.027282
v 7.733318 0.078798 0.023001
v 7.731348 0.081920 0.024199
v 7.685952 0.071443 0.030797
v 7.678641 0.081920 0.024199
v 7.732754 0.076928 -0.001969
v 7.733208 0.078993 0.003855
v 7.727785 0.077521 -0.016520
v 7.684416 0.068877 0.029261
v 7.680204 0.075147 0.027650
v 7.733162 0.081192 0.009624
v 7.724389 0.077508 -0.022042
v 7.732538 0.083856 0.017441
v 7.683043 0.066431 0.027282
v 7.677452 0.083856 0.017441
v 7.731638 0.084344 0.011142
v 7.729060 0.072748 -0.017035
v 7.725579 0.072686 -0.022921
v 7.721233 0.072607 -0.027200
v 7.733375 0.082206 0.016764
v 7.729949 0.067402 -0.017194
v 7.732030 0.072516 -0.010811
v 7.726387 0.067077 -0.023195
v 7.734266 0.080284 0.015869
v 7.735346 0.077503 0.014295
v 7.734027 0.078612 0.008233
v 7.726720 0.062027 -0.022621
v 7.722161 0.061470 -0.027041
v 7.733661 0.074011 -0.002831
v 7.734921 0.075401 0.021180
v 7.734823 0.075939 0.006497
v 7.733960 0.076513 0.002362
v 7.722277 0.055964 -0.025468
v 7.716925 0.055267 -0.028517
v 7.735395 0.073178 0.004788
v 7.734035 0.071383 -0.003690
v 7.735821 0.072457 0.019262
v 7.732448 0.069390 0.024245
v 7.716833 0.049285 -0.025497
v 7.736738 0.071897 0.011038
v 7.735555 0.070492 0.002720
v 7.734239 0.067620 -0.005103
v 7.732538 0.067624 -0.010896
v 7.733487 0.066555 0.022069
v 7.728319 0.063984 0.024957
v 7.736163 0.074730 0.012728
v 7.737042 0.069078 0.009026
v 7.737046 0.066269 0.006508
v 7.735553 0.067270 0.000390
v 7.732837 0.063320 -0.011011
v 7.734299 0.063560 -0.006461
v 7.735322 0.063626 -0.002205
v 7.730318 0.062678 -0.016839
v 7.729570 0.061648 0.022207
v 7.736794 0.066874 0.015005
v 7.734089 0.059351 -0.007966
v 7.732800 0.058933 -0.011000
v 7.730395 0.057901 -0.015929
v 7.726850 0.056846 -0.021174
v 7.734310 0.064290 0.019661
v 7.734749 0.061920 0.016719
v 7.730580 0.059530 0.018955
v 7.736547 0.069501 0.017321
v 7.734878 0.059620 -0.005089
v 7.732586 0.054074 -0.009626
v 7.726608 0.051672 -0.019103
v 7.730050 0.053013 -0.014113
v 7.722120 0.050350 -0.022559
v 7.734908 0.059696 0.012998
v 7.731422 0.057741 0.015383
v 7.736365 0.059953 0.000091
v 7.735619 0.058345 -0.002584
v 7.736835 0.063330 0.003524
v 7.728742 0.048399 -0.011894
v 7.720766 0.044298 -0.018461
v 7.736969 0.064809 0.012969
v 7.732174 0.056387 0.011672
v 7.735158 0.058178 0.009460
v 7.736632 0.062372 0.010424
v 7.735520 0.056960 -0.001541
v 7.732667 0.055384 0.006648
v 7.736399 0.060014 0.006290
v 7.734980 0.056849 0.005279
v 7.734504 0.055521 -0.001094
v 7.731465 0.051340 -0.007161
v 7.732610 0.054303 -0.003122
v 7.733069 0.057429 -0.002396
v 7.732704 0.054506 -0.000849
v 7.730063 0.049267 -0.004380
v 7.726185 0.044307 -0.008254
v 7.725026 0.046044 -0.015583
v 7.722325 0.040616 -0.011271
v 7.732698 0.060932 0.004733
v 7.731562 0.055100 0.000176
v 7.718714 0.038279 -0.013207
v 7.716027 0.043217 -0.020697
v 7.714708 0.036964 -0.014444
v 7.710894 0.042380 -0.021725
v 7.711021 0.048709 -0.026935
v 7.710191 0.036183 -0.015236
v 7.704995 0.048544 -0.027276
v 7.704995 0.042136 -0.022002
v 7.704995 0.035856 -0.015394
v 7.704995 0.054773 -0.030423
v 7.699095 0.042380 -0.021725
v 7.698968 0.048709 -0.026935
v 7.698924 0.054885 -0.030043
v 7.699799 0.036183 -0.015236
v 7.698953 0.060808 -0.031575
v 7.695282 0.036964 -0.014444
v 7.693963 0.043217 -0.020697
v 7.693157 0.049285 -0.025497
v 7.693064 0.055267 -0.028517
v 7.693133 0.061052 -0.030038
v 7.693318 0.066588 -0.030562
v 7.689223 0.044298 -0.018461
v 7.691275 0.038279 -0.013207
v 7.687869 0.050350 -0.022559
v 7.687712 0.055964 -0.025468
v 7.688099 0.066800 -0.027629
v 7.687828 0.061470 -0.027041
v 7.688756 0.072607 -0.027200
v 7.687664 0.040616 -0.011271
v 7.684963 0.046044 -0.015583
v 7.683382 0.051672 -0.019103
v 7.683139 0.056846 -0.021174
v 7.683269 0.062027 -0.022621
v 7.683602 0.067077 -0.023195
v 7.684410 0.072686 -0.022921
v 7.681247 0.048399 -0.011894
v 7.683805 0.044307 -0.008254
v 7.679939 0.053013 -0.014113
v 7.679595 0.057901 -0.015929
v 7.680040 0.067402 -0.017194
v 7.679672 0.062678 -0.016839
v 7.679926 0.049267 -0.004380
v 7.678524 0.051340 -0.007161
v 7.677403 0.054074 -0.009626
v 7.677189 0.058933 -0.011000
v 7.677152 0.063320 -0.011011
v 7.677451 0.067624 -0.010896
v 7.677379 0.054303 -0.003122
v 7.678427 0.055100 0.000176
v 7.675900 0.059351 -0.007966
v 7.675690 0.063560 -0.006461
v 7.676919 0.057429 -0.002396
v 7.677291 0.060932 0.004733
v 7.675111 0.059620 -0.005089
v 7.674667 0.063626 -0.002205
v 7.674436 0.067270 0.000390
v 7.673625 0.059953 0.000091
v 7.674371 0.058345 -0.002584
v 7.672943 0.066269 0.006508
v 7.673154 0.063330 0.003524
v 7.672947 0.069078 0.009026
v 7.673357 0.062372 0.010424
v 7.673590 0.060014 0.006290
v 7.674469 0.056960 -0.001541
v 7.675486 0.055521 -0.001094
v 7.677286 0.054506 -0.000849
v 7.673020 0.064809 0.012969
v 7.673195 0.066874 0.015005
v 7.673442 0.069501 0.017321
v 7.675009 0.056849 0.005279
v 7.674830 0.058178 0.009460
v 7.675082 0.059696 0.012998
v 7.675240 0.061920 0.016719
v 7.677322 0.055384 0.006648
v 7.675679 0.064290 0.019661
v 7.676503 0.066555 0.022069
v 7.677541 0.069390 0.024245
v 7.677815 0.056387 0.011672
v 7.678566 0.057741 0.015383
v 7.679410 0.059530 0.018955
v 7.680419 0.061648 0.022207
v 7.681671 0.063985 0.024957
v 7.670749 0.015588 -0.038762
v 7.673594 0.017854 -0.037168
v 7.674893 0.015839 -0.036960
v 7.671902 0.013844 -0.038560
v 7.669268 0.017030 -0.038395
v 7.667381 0.012908 -0.039504
v 7.668137 0.011767 -0.039368
v 7.671867 0.019481 -0.036775
v 7.675966 0.019903 -0.034763
v 7.677059 0.017899 -0.034672
v 7.675619 0.013776 -0.036044
v 7.672565 0.012015 -0.037716
v 7.668576 0.010551 -0.038801
v 7.662617 0.009075 -0.039420
v 7.666416 0.013855 -0.039259
v 7.670022 0.020511 -0.035703
v 7.674203 0.021337 -0.034498
v 7.677598 0.015880 -0.033926
v 7.678226 0.017360 -0.031905
v 7.678227 0.019082 -0.031826
v 7.672517 0.010478 -0.036221
v 7.668544 0.009525 -0.037813
v 7.665336 0.014482 -0.038595
v 7.667642 0.017969 -0.037408
v 7.678633 0.016864 -0.030275
v 7.677701 0.014407 -0.032231
v 7.678540 0.019115 -0.029385
v 7.677490 0.021003 -0.031781
v 7.668128 0.008826 -0.036680
v 7.678289 0.016107 -0.028367
v 7.677171 0.013367 -0.030193
v 7.675588 0.012080 -0.034336
v 7.678172 0.018484 -0.027321
v 7.677838 0.021163 -0.029097
v 7.675767 0.022181 -0.031715
v 7.676855 0.017495 -0.025859
v 7.676979 0.015319 -0.026950
v 7.674884 0.010871 -0.032290
v 7.671882 0.009409 -0.034471
v 7.677153 0.020483 -0.026901
v 7.675842 0.019315 -0.025329
v 7.676134 0.022698 -0.029188
v 7.675389 0.021967 -0.027089
v 7.674954 0.016033 -0.025247
v 7.673886 0.017659 -0.024666
v 7.673580 0.010206 -0.030290
v 7.670771 0.008852 -0.032722
v 7.667406 0.008468 -0.035541
v 7.674217 0.020635 -0.025751
v 7.672997 0.022472 -0.028051
v 7.673702 0.023007 -0.029984
v 7.672462 0.019041 -0.025092
v 7.671210 0.015467 -0.025183
v 7.675810 0.012643 -0.028422
v 7.666426 0.008555 -0.034513
v 7.669295 0.008973 -0.031169
v 7.672049 0.021255 -0.026639
v 7.674037 0.022446 -0.031663
v 7.669998 0.022002 -0.029752
v 7.671016 0.022457 -0.031822
v 7.675445 0.014766 -0.026313
v 7.674126 0.012642 -0.026934
v 7.671906 0.010312 -0.028562
v 7.665363 0.009191 -0.033838
v 7.672359 0.022190 -0.033605
v 7.668438 0.020689 -0.033897
v 7.672626 0.013763 -0.025746
v 7.670151 0.011418 -0.027407
v 7.667703 0.009938 -0.030155
v 7.664414 0.010142 -0.033582
v 7.667225 0.020097 -0.031819
v 7.666203 0.018119 -0.035820
v 7.668517 0.013117 -0.026938
v 7.666256 0.011399 -0.029762
v 7.663647 0.011268 -0.033725
v 7.666430 0.018815 -0.029849
v 7.665123 0.017587 -0.034039
v 7.669127 0.020693 -0.028011
v 7.664375 0.014585 -0.037543
v 7.667129 0.015058 -0.027223
v 7.665074 0.013114 -0.029987
v 7.663189 0.012473 -0.034298
v 7.666311 0.017048 -0.028218
v 7.664456 0.016486 -0.032314
v 7.663667 0.014237 -0.036387
v 7.671256 0.019819 -0.026052
v 7.668888 0.018950 -0.026611
v 7.669773 0.017202 -0.025569
v 7.664376 0.014917 -0.030852
v 7.663237 0.013519 -0.035264
v 7.677322 0.055384 0.006648
v 7.699320 0.080815 0.008327
v 7.677815 0.056387 0.011672
v 7.677286 0.054506 -0.000849
v 7.678566 0.057741 0.015383
v 7.677403 0.054074 -0.009626
v 7.679410 0.059530 0.018955
v 7.680419 0.061648 0.022207
v 7.681671 0.063985 0.024957
v 7.683043 0.066431 0.027282
v 7.684416 0.068877 0.029261
v 7.685952 0.071443 0.030797
v 7.687813 0.074245 0.031793
v 7.689836 0.077167 0.032346
v 7.691860 0.080088 0.032553
v 7.694149 0.083251 0.032047
v 7.700089 0.090654 0.028251
v 7.704995 0.080815 0.008327
v 7.704995 0.087765 0.025133
v 7.710670 0.080815 0.008327
v 7.709900 0.090654 0.028251
v 7.715840 0.083251 0.032047
v 7.718130 0.080088 0.032553
v 7.720153 0.077167 0.032346
v 7.722177 0.074245 0.031793
v 7.724037 0.071443 0.030797
v 7.725573 0.068877 0.029261
v 7.726946 0.066431 0.027282
v 7.728319 0.063984 0.024957
v 7.729570 0.061648 0.022207
v 7.730580 0.059530 0.018955
v 7.731422 0.057741 0.015383
v 7.732174 0.056387 0.011672
v 7.732667 0.055384 0.006648
v 7.732704 0.054506 -0.000849
v 7.732586 0.054074 -0.009626
v 7.689732 0.033718 -0.024516
v 7.686953 0.033341 -0.025044
v 7.688410 0.034981 -0.025705
v 7.687340 0.032073 -0.024196
v 7.690451 0.032549 -0.022820
v 7.692675 0.035317 -0.022157
v 7.691738 0.036414 -0.024149
v 7.685209 0.033206 -0.025495
v 7.686256 0.035832 -0.026445
v 7.687845 0.039047 -0.026264
v 7.690084 0.037675 -0.025505
v 7.685045 0.031352 -0.024114
v 7.687777 0.031000 -0.022838
v 7.690670 0.032053 -0.020707
v 7.688101 0.030722 -0.021105
v 7.691107 0.040305 -0.024042
v 7.692595 0.039370 -0.022751
v 7.683053 0.033670 -0.025068
v 7.683821 0.036637 -0.025928
v 7.685273 0.040149 -0.025625
v 7.689306 0.041852 -0.024565
v 7.685872 0.029890 -0.020755
v 7.685403 0.029912 -0.022729
v 7.688303 0.030945 -0.019560
v 7.686882 0.030236 -0.018698
v 7.691274 0.041873 -0.022379
v 7.692265 0.041796 -0.021159
v 7.693519 0.038608 -0.020927
v 7.690397 0.043449 -0.022296
v 7.687069 0.043051 -0.023924
v 7.683100 0.030410 -0.021944
v 7.690161 0.031873 -0.018593
v 7.688654 0.031577 -0.016709
v 7.691363 0.043819 -0.020215
v 7.693021 0.041356 -0.019603
v 7.692801 0.034528 -0.019832
v 7.693533 0.037705 -0.018941
v 7.688612 0.044644 -0.021641
v 7.682697 0.031433 -0.023877
v 7.692057 0.034172 -0.017489
v 7.690570 0.034210 -0.015197
v 7.692036 0.043393 -0.018471
v 7.692183 0.042353 -0.016869
v 7.693026 0.040446 -0.018068
v 7.692729 0.037216 -0.016987
v 7.681172 0.032730 -0.022615
v 7.681388 0.034651 -0.023923
v 7.691703 0.037597 -0.014829
v 7.688185 0.034980 -0.013798
v 7.690354 0.044722 -0.017476
v 7.692624 0.039476 -0.016895
v 7.681756 0.037533 -0.024593
v 7.692070 0.040479 -0.015499
v 7.689638 0.038493 -0.013495
v 7.686389 0.032078 -0.015498
v 7.689785 0.045423 -0.019505
v 7.682889 0.040920 -0.024225
v 7.684804 0.043553 -0.022713
v 7.690406 0.041460 -0.014354
v 7.684847 0.030485 -0.017781
v 7.687587 0.045246 -0.018661
v 7.686576 0.044894 -0.020724
v 7.685156 0.044185 -0.019862
v 7.683297 0.043257 -0.020829
v 7.690533 0.043432 -0.015856
v 7.688250 0.041923 -0.013927
v 7.688411 0.043779 -0.015317
v 7.683802 0.030142 -0.020006
v 7.688083 0.044887 -0.016844
v 7.685357 0.044408 -0.018317
v 7.682788 0.043077 -0.018716
v 7.681401 0.040957 -0.021933
v 7.680658 0.040602 -0.019590
v 7.687202 0.039298 -0.012977
v 7.682099 0.031315 -0.019210
v 7.681395 0.031715 -0.020954
v 7.685683 0.044130 -0.016584
v 7.680601 0.037933 -0.022492
v 7.685614 0.036083 -0.013158
v 7.684153 0.033278 -0.014857
v 7.683062 0.031680 -0.017126
v 7.680438 0.033773 -0.019819
v 7.680432 0.034684 -0.021354
v 7.686118 0.043057 -0.015226
v 7.680835 0.035654 -0.022527
v 7.682185 0.033257 -0.017043
v 7.681193 0.033333 -0.018263
v 7.679925 0.037424 -0.020481
v 7.679939 0.036522 -0.018495
v 7.686506 0.041788 -0.014378
v 7.683008 0.042581 -0.016603
v 7.682352 0.034825 -0.015380
v 7.680863 0.035760 -0.016672
v 7.685091 0.040103 -0.013845
v 7.683726 0.041412 -0.014906
v 7.680783 0.039812 -0.017265
v 7.683375 0.037454 -0.013917
v 7.681721 0.038715 -0.015274
v 7.681867 0.022662 -0.030141
v 7.679091 0.022376 -0.030887
v 7.680512 0.024172 -0.030851
v 7.679498 0.020983 -0.029997
v 7.682692 0.021175 -0.028865
v 7.684946 0.023687 -0.027853
v 7.683889 0.025134 -0.029366
v 7.677240 0.022421 -0.030750
v 7.678351 0.025188 -0.031119
v 7.680082 0.028113 -0.030345
v 7.682223 0.026628 -0.030175
v 7.677200 0.020326 -0.029793
v 7.680034 0.019646 -0.028965
v 7.683124 0.020259 -0.026990
v 7.680546 0.018997 -0.027382
v 7.683573 0.028853 -0.028504
v 7.685126 0.027654 -0.027648
v 7.675199 0.022828 -0.029970
v 7.676092 0.025872 -0.030172
v 7.677763 0.029067 -0.029218
v 7.681842 0.030488 -0.028463
v 7.678332 0.018162 -0.026945
v 7.677646 0.018905 -0.028573
v 7.680937 0.018880 -0.025861
v 7.679594 0.018037 -0.024997
v 7.684090 0.030092 -0.026681
v 7.685213 0.029730 -0.025640
v 7.686194 0.026529 -0.026188
v 7.683286 0.031621 -0.026194
v 7.679807 0.031552 -0.027333
v 7.675479 0.018982 -0.027641
v 7.682861 0.019657 -0.024953
v 7.681594 0.019008 -0.023044
v 7.684785 0.031857 -0.024331
v 7.686123 0.028954 -0.024312
v 7.685287 0.022475 -0.025875
v 7.686389 0.025252 -0.024495
v 7.681652 0.032704 -0.025056
v 7.674872 0.020416 -0.029229
v 7.684823 0.021681 -0.023680
v 7.683675 0.021277 -0.021370
v 7.685392 0.030736 -0.022661
v 7.683102 0.032992 -0.022939
v 7.685659 0.029364 -0.021346
v 7.686263 0.027737 -0.023013
v 7.685936 0.024358 -0.022603
v 7.674036 0.021575 -0.027339
v 7.673763 0.023507 -0.028483
v 7.685077 0.024333 -0.020382
v 7.681599 0.021769 -0.019637
v 7.683888 0.031850 -0.021212
v 7.681030 0.032679 -0.021908
v 7.685953 0.026548 -0.022028
v 7.674303 0.026520 -0.028484
v 7.685615 0.027243 -0.020395
v 7.683270 0.024963 -0.018683
v 7.679555 0.019284 -0.021522
v 7.679769 0.032798 -0.023858
v 7.675687 0.029558 -0.027485
v 7.677768 0.031828 -0.025811
v 7.684144 0.027995 -0.018871
v 7.682077 0.028406 -0.018092
v 7.681003 0.025672 -0.017730
v 7.677693 0.018131 -0.023801
v 7.678425 0.031955 -0.022994
v 7.676501 0.031178 -0.023902
v 7.684211 0.030253 -0.019909
v 7.682166 0.030513 -0.019073
v 7.680287 0.028411 -0.018341
v 7.679866 0.029840 -0.018850
v 7.679280 0.022722 -0.018510
v 7.677520 0.020347 -0.020392
v 7.676379 0.018295 -0.025903
v 7.679328 0.031189 -0.019890
v 7.681716 0.031930 -0.020281
v 7.678864 0.026683 -0.018000
v 7.677501 0.028174 -0.018711
v 7.676670 0.029660 -0.019990
v 7.676055 0.019200 -0.022694
v 7.674839 0.019310 -0.024672
v 7.673991 0.020099 -0.026179
v 7.678816 0.031838 -0.021473
v 7.675473 0.025701 -0.019488
v 7.674417 0.027148 -0.021001
v 7.676239 0.030576 -0.021865
v 7.674150 0.021101 -0.023219
v 7.673238 0.021880 -0.024549
v 7.673102 0.023076 -0.025844
v 7.677139 0.024207 -0.018680
v 7.675789 0.021982 -0.020350
v 7.674076 0.028361 -0.022980
v 7.673168 0.024306 -0.022667
v 7.673067 0.024357 -0.026966
v 7.672974 0.025585 -0.024354
v 7.675272 0.020743 -0.022174
v 7.674236 0.023181 -0.021206
v 7.674539 0.029154 -0.025174
v 7.673433 0.026499 -0.026244
v 7.739241 0.015588 -0.038762
v 7.735096 0.015839 -0.036960
v 7.736395 0.017854 -0.037168
v 7.738087 0.013844 -0.038560
v 7.740722 0.017030 -0.038395
v 7.742608 0.012908 -0.039504
v 7.741853 0.011767 -0.039368
v 7.734023 0.019903 -0.034763
v 7.732931 0.017899 -0.034672
v 7.734370 0.013776 -0.036044
v 7.737424 0.012015 -0.037716
v 7.738122 0.019481 -0.036775
v 7.741413 0.010551 -0.038801
v 7.743573 0.013855 -0.039259
v 7.747372 0.009075 -0.039420
v 7.732391 0.015880 -0.033926
v 7.731764 0.017360 -0.031905
v 7.731762 0.019082 -0.031826
v 7.737472 0.010478 -0.036221
v 7.741445 0.009525 -0.037813
v 7.735786 0.021337 -0.034498
v 7.739968 0.020511 -0.035703
v 7.744654 0.014482 -0.038595
v 7.742348 0.017969 -0.037408
v 7.732287 0.014407 -0.032231
v 7.731356 0.016864 -0.030275
v 7.741861 0.008826 -0.036680
v 7.737630 0.022190 -0.033605
v 7.738973 0.022457 -0.031822
v 7.741551 0.020689 -0.033897
v 7.745615 0.014585 -0.037543
v 7.743787 0.018119 -0.035820
v 7.734402 0.012080 -0.034336
v 7.732818 0.013367 -0.030193
v 7.742584 0.008468 -0.035541
v 7.738107 0.009409 -0.034471
v 7.735953 0.022446 -0.031663
v 7.746322 0.014237 -0.036387
v 7.744867 0.017587 -0.034039
v 7.742764 0.020097 -0.031819
v 7.735105 0.010871 -0.032290
v 7.743564 0.008555 -0.034513
v 7.739218 0.008852 -0.032722
v 7.734222 0.022181 -0.031715
v 7.736287 0.023007 -0.029984
v 7.746752 0.013519 -0.035264
v 7.745533 0.016486 -0.032314
v 7.743559 0.018815 -0.029849
v 7.739991 0.022002 -0.029752
v 7.733856 0.022698 -0.029188
v 7.732500 0.021003 -0.031781
v 7.736992 0.022472 -0.028051
v 7.746800 0.012473 -0.034298
v 7.745613 0.014917 -0.030852
v 7.743679 0.017048 -0.028218
v 7.740862 0.020693 -0.028011
v 7.737941 0.021255 -0.026639
v 7.732151 0.021163 -0.029097
v 7.734601 0.021967 -0.027089
v 7.731450 0.019115 -0.029385
v 7.735772 0.020635 -0.025751
v 7.746343 0.011268 -0.033725
v 7.744915 0.013114 -0.029987
v 7.742861 0.015058 -0.027223
v 7.741101 0.018950 -0.026611
v 7.738734 0.019819 -0.026052
v 7.737527 0.019041 -0.025092
v 7.731700 0.016107 -0.028367
v 7.731817 0.018484 -0.027321
v 7.745575 0.010142 -0.033582
v 7.743733 0.011399 -0.029762
v 7.744626 0.009191 -0.033838
v 7.741473 0.013117 -0.026938
v 7.740217 0.017202 -0.025569
v 7.736104 0.017659 -0.024666
v 7.738779 0.015467 -0.025183
v 7.742286 0.009938 -0.030155
v 7.739838 0.011418 -0.027407
v 7.740694 0.008973 -0.031169
v 7.735035 0.016033 -0.025247
v 7.734147 0.019315 -0.025329
v 7.733134 0.017495 -0.025859
v 7.737363 0.013763 -0.025746
v 7.738084 0.010312 -0.028562
v 7.736409 0.010206 -0.030290
v 7.734544 0.014766 -0.026313
v 7.733010 0.015319 -0.026950
v 7.732837 0.020483 -0.026901
v 7.735863 0.012642 -0.026934
v 7.734179 0.012643 -0.028422
v 7.720257 0.033718 -0.024516
v 7.721579 0.034981 -0.025705
v 7.723037 0.033341 -0.025044
v 7.722649 0.032073 -0.024196
v 7.719539 0.032549 -0.022820
v 7.717314 0.035317 -0.022157
v 7.718252 0.036414 -0.024149
v 7.723732 0.035832 -0.026445
v 7.719906 0.037675 -0.025505
v 7.722145 0.039047 -0.026264
v 7.724780 0.033206 -0.025495
v 7.724944 0.031352 -0.024114
v 7.722213 0.031000 -0.022838
v 7.719319 0.032053 -0.020707
v 7.721888 0.030722 -0.021105
v 7.718883 0.040305 -0.024042
v 7.717394 0.039370 -0.022751
v 7.724716 0.040149 -0.025625
v 7.726169 0.036637 -0.025928
v 7.720684 0.041852 -0.024565
v 7.726936 0.033670 -0.025068
v 7.724117 0.029890 -0.020755
v 7.724586 0.029912 -0.022729
v 7.723107 0.030236 -0.018698
v 7.721686 0.030945 -0.019560
v 7.718716 0.041873 -0.022379
v 7.717724 0.041796 -0.021159
v 7.716470 0.038608 -0.020927
v 7.719592 0.043449 -0.022296
v 7.722919 0.043051 -0.023924
v 7.726889 0.030410 -0.021944
v 7.721335 0.031577 -0.016709
v 7.719828 0.031873 -0.018593
v 7.718626 0.043819 -0.020215
v 7.716969 0.041356 -0.019603
v 7.716963 0.040446 -0.018068
v 7.716456 0.037705 -0.018941
v 7.721378 0.044644 -0.021641
v 7.727292 0.031433 -0.023877
v 7.717189 0.034528 -0.019832
v 7.717953 0.043393 -0.018471
v 7.717806 0.042353 -0.016869
v 7.717365 0.039476 -0.016895
v 7.717919 0.040479 -0.015499
v 7.717260 0.037216 -0.016987
v 7.728601 0.034651 -0.023923
v 7.728817 0.032730 -0.022615
v 7.717932 0.034172 -0.017489
v 7.719635 0.044722 -0.017476
v 7.718287 0.037597 -0.014829
v 7.719419 0.034210 -0.015197
v 7.728234 0.037533 -0.024593
v 7.720205 0.045423 -0.019505
v 7.721804 0.034980 -0.013798
v 7.720351 0.038493 -0.013495
v 7.729389 0.037933 -0.022492
v 7.729155 0.035654 -0.022527
v 7.727100 0.040920 -0.024225
v 7.725184 0.043553 -0.022713
v 7.723600 0.032078 -0.015498
v 7.719584 0.041460 -0.014354
v 7.729557 0.034684 -0.021354
v 7.730064 0.037424 -0.020481
v 7.726692 0.043257 -0.020829
v 7.728588 0.040957 -0.021933
v 7.723413 0.044894 -0.020724
v 7.725142 0.030485 -0.017781
v 7.719456 0.043432 -0.015856
v 7.729551 0.033773 -0.019819
v 7.728594 0.031715 -0.020954
v 7.729331 0.040602 -0.019590
v 7.722402 0.045246 -0.018661
v 7.726187 0.030142 -0.020006
v 7.721578 0.043779 -0.015317
v 7.727890 0.031315 -0.019210
v 7.729206 0.039812 -0.017265
v 7.727201 0.043077 -0.018716
v 7.730050 0.036522 -0.018495
v 7.721740 0.041923 -0.013927
v 7.728796 0.033333 -0.018263
v 7.726928 0.031680 -0.017126
v 7.724833 0.044185 -0.019862
v 7.721907 0.044887 -0.016844
v 7.722787 0.039298 -0.012977
v 7.727804 0.033257 -0.017043
v 7.725836 0.033278 -0.014857
v 7.724632 0.044408 -0.018317
v 7.724306 0.044130 -0.016584
v 7.724375 0.036083 -0.013158
v 7.724897 0.040103 -0.013845
v 7.723483 0.041788 -0.014378
v 7.727637 0.034825 -0.015380
v 7.729126 0.035760 -0.016672
v 7.726981 0.042581 -0.016603
v 7.723871 0.043057 -0.015226
v 7.726614 0.037454 -0.013917
v 7.726263 0.041412 -0.014906
v 7.728268 0.038715 -0.015274
v 7.728122 0.022662 -0.030141
v 7.729476 0.024172 -0.030851
v 7.730898 0.022376 -0.030887
v 7.730492 0.020983 -0.029997
v 7.727297 0.021175 -0.028865
v 7.725043 0.023687 -0.027853
v 7.726100 0.025134 -0.029366
v 7.731637 0.025188 -0.031119
v 7.727766 0.026628 -0.030175
v 7.729907 0.028113 -0.030345
v 7.732749 0.022421 -0.030750
v 7.732789 0.020326 -0.029793
v 7.729955 0.019646 -0.028965
v 7.726866 0.020259 -0.026990
v 7.729443 0.018997 -0.027382
v 7.726416 0.028853 -0.028504
v 7.724863 0.027654 -0.027648
v 7.732226 0.029067 -0.029218
v 7.733897 0.025872 -0.030172
v 7.728147 0.030488 -0.028463
v 7.734790 0.022828 -0.029970
v 7.731658 0.018162 -0.026945
v 7.732343 0.018905 -0.028573
v 7.730396 0.018037 -0.024997
v 7.729052 0.018880 -0.025861
v 7.725899 0.030092 -0.026681
v 7.724777 0.029730 -0.025640
v 7.723795 0.026529 -0.026188
v 7.726703 0.031621 -0.026194
v 7.730182 0.031552 -0.027333
v 7.734510 0.018982 -0.027641
v 7.728395 0.019008 -0.023044
v 7.727128 0.019657 -0.024953
v 7.725204 0.031857 -0.024331
v 7.723866 0.028954 -0.024312
v 7.723727 0.027737 -0.023013
v 7.723600 0.025252 -0.024495
v 7.728337 0.032704 -0.025056
v 7.735117 0.020416 -0.029229
v 7.724702 0.022475 -0.025875
v 7.724597 0.030736 -0.022661
v 7.726888 0.032992 -0.022939
v 7.724330 0.029364 -0.021346
v 7.724037 0.026548 -0.022028
v 7.724374 0.027243 -0.020395
v 7.728959 0.032679 -0.021908
v 7.730221 0.032798 -0.023858
v 7.735954 0.021575 -0.027339
v 7.726101 0.031850 -0.021212
v 7.725845 0.027995 -0.018871
v 7.725778 0.030253 -0.019909
v 7.724912 0.024333 -0.020382
v 7.724053 0.024358 -0.022603
v 7.726719 0.024963 -0.018683
v 7.732222 0.031828 -0.025811
v 7.727823 0.030513 -0.019073
v 7.728273 0.031930 -0.020281
v 7.727912 0.028406 -0.018092
v 7.726314 0.021277 -0.021370
v 7.728390 0.021769 -0.019637
v 7.725166 0.021681 -0.023680
v 7.728986 0.025672 -0.017730
v 7.734302 0.029558 -0.027485
v 7.735687 0.026520 -0.028484
v 7.730661 0.031189 -0.019890
v 7.731174 0.031838 -0.021473
v 7.733488 0.031178 -0.023902
v 7.735450 0.029154 -0.025174
v 7.736556 0.026499 -0.026244
v 7.736227 0.023507 -0.028483
v 7.730124 0.029840 -0.018850
v 7.733319 0.029660 -0.019990
v 7.731564 0.031955 -0.022994
v 7.730434 0.019284 -0.021522
v 7.735914 0.028361 -0.022980
v 7.729702 0.028411 -0.018341
v 7.732488 0.028174 -0.018711
v 7.733750 0.030576 -0.021865
v 7.735573 0.027148 -0.021001
v 7.732296 0.018131 -0.023801
v 7.731125 0.026683 -0.018000
v 7.734516 0.025701 -0.019488
v 7.737015 0.025585 -0.024354
v 7.736821 0.024306 -0.022667
v 7.735754 0.023181 -0.021206
v 7.733610 0.018295 -0.025903
v 7.730709 0.022722 -0.018510
v 7.732850 0.024207 -0.018680
v 7.734200 0.021982 -0.020350
v 7.734717 0.020743 -0.022174
v 7.735840 0.021101 -0.023219
v 7.735998 0.020099 -0.026179
v 7.735150 0.019310 -0.024672
v 7.732469 0.020347 -0.020392
v 7.736922 0.024357 -0.026966
v 7.733934 0.019200 -0.022694
v 7.736887 0.023076 -0.025844
v 7.736751 0.021880 -0.024549
vn 0.1145 0.9709 -0.2102
vn 0.0900 0.9693 -0.2290
vn -0.0000 0.9936 -0.1128
vn -0.1031 0.9511 0.2912
vn 0.0570 0.7873 0.6139
vn 0.5074 0.7331 0.4529
vn 0.3059 0.9487 0.0797
vn 0.1353 0.9730 -0.1872
vn -0.7968 -0.5392 -0.2728
vn -0.8420 -0.3406 -0.4184
vn -0.7278 -0.3953 -0.5604
vn -0.6901 -0.5737 -0.4412
vn 0.1451 0.9746 -0.1707
vn -0.2294 0.9413 -0.2475
vn -0.2487 0.9449 -0.2129
vn -0.1451 0.9746 -0.1707
vn -0.1353 0.9730 -0.1872
vn 0.1506 0.9772 -0.1496
vn -0.2539 0.9500 -0.1819
vn -0.1506 0.9772 -0.1496
vn -0.3096 0.8708 -0.3818
vn -0.3668 0.8717 -0.3249
vn -0.1961 0.9378 -0.2864
vn -0.4028 0.8737 -0.2727
vn -0.1545 0.9344 -0.3210
vn -0.2387 0.8690 -0.4334
vn 0.0488 0.4211 -0.9057
vn 0.3960 0.1901 -0.8984
vn 0.2366 -0.0651 -0.9694
vn -0.1169 0.1386 -0.9834
vn 0.1471 0.9820 -0.1183
vn -0.2402 0.9599 -0.1449
vn -0.1471 0.9820 -0.1183
vn 0.6990 -0.1141 0.7059
vn 0.9131 0.1337 0.3851
vn 0.8543 0.2478 0.4570
vn 0.6414 0.0170 0.7670
vn 0.6520 0.6870 -0.3209
vn 0.5969 0.6961 -0.3989
vn 0.4876 0.7910 -0.3696
vn 0.5396 0.7845 -0.3057
vn -0.3098 0.7980 -0.5170
vn -0.4084 0.7971 -0.4448
vn 0.2487 0.9449 -0.2129
vn 0.2294 0.9413 -0.2475
vn -0.1626 0.8671 -0.4709
vn -0.2084 0.7953 -0.5693
vn -0.0900 0.9693 -0.2290
vn -0.0609 0.9682 -0.2428
vn -0.1068 0.9321 -0.3462
vn -0.4364 0.8870 -0.1510
vn -0.4331 0.8749 -0.2166
vn -0.2115 0.9721 -0.1018
vn -0.1289 0.9882 -0.0833
vn 0.2402 0.9599 -0.1449
vn 0.2115 0.9721 -0.1018
vn 0.4364 0.8870 -0.1510
vn 0.1289 0.9882 -0.0833
vn 0.1256 0.7029 -0.7001
vn -0.0000 0.7014 -0.7128
vn -0.0000 0.7948 -0.6068
vn 0.1045 0.7944 -0.5984
vn 0.4695 0.4697 0.7476
vn 0.7173 0.1576 0.6787
vn 0.8730 0.3300 0.3592
vn 0.6091 0.6607 0.4387
vn 0.0609 0.9682 -0.2428
vn -0.7437 0.5777 -0.3365
vn -0.8053 0.5798 0.1243
vn -0.3970 0.9114 0.1084
vn -0.3938 0.8567 -0.3332
vn -0.1027 0.8155 -0.5696
vn -0.4113 0.8646 -0.2886
vn -0.2423 0.9698 -0.0291
vn 0.0750 0.9471 -0.3120
vn 0.3414 0.9380 -0.0595
vn -0.5644 0.8207 -0.0892
vn -0.3414 0.9380 -0.0595
vn -0.5911 0.7946 -0.1383
vn 0.1539 0.9860 -0.0648
vn -0.8019 -0.5842 0.1250
vn -0.6077 -0.6708 0.4252
vn -0.6719 -0.4370 0.5980
vn -0.9041 -0.2990 0.3053
vn 0.1139 0.9914 -0.0650
vn 0.0304 0.9675 -0.2509
vn -0.6846 0.6929 -0.2265
vn -0.5876 0.7798 -0.2160
vn -0.5396 0.7845 -0.3057
vn -0.6520 0.6870 -0.3209
vn -0.2613 0.9642 0.0463
vn -0.5248 0.8512 -0.0020
vn -0.4788 0.8449 0.2386
vn -0.2118 0.9478 0.2384
vn 0.7632 -0.3264 0.5577
vn 0.4641 -0.2627 0.8459
vn 0.3035 -0.5774 0.7580
vn 0.6040 -0.6355 0.4810
vn -0.0164 0.9935 0.1123
vn -0.1111 0.9936 -0.0215
vn -0.0865 0.9952 -0.0467
vn -0.1139 0.9914 -0.0650
vn -0.1539 0.9860 -0.0648
vn 0.1111 0.9936 -0.0215
vn 0.0865 0.9952 -0.0467
vn 0.7361 0.5901 -0.3316
vn 0.6874 0.5952 -0.4163
vn -0.0000 0.9675 -0.2529
vn -0.4876 0.7910 -0.3696
vn -0.5969 0.6961 -0.3989
vn -0.5034 0.7071 -0.4966
vn -0.0752 0.9970 0.0164
vn -0.0630 0.9978 -0.0223
vn 0.0752 0.9970 0.0164
vn 0.0164 0.9935 0.1123
vn 0.0630 0.9978 -0.0223
vn -0.0304 0.9675 -0.2509
vn -0.0000 0.9323 -0.3617
vn 0.0539 0.9318 -0.3589
vn -0.0000 0.8684 -0.4958
vn -0.0815 0.8675 -0.4908
vn -0.0539 0.9318 -0.3589
vn 0.6331 -0.0272 -0.7736
vn 0.4291 -0.2959 -0.8534
vn 0.7437 0.5777 -0.3365
vn 0.8053 0.5798 0.1243
vn 0.9790 0.1933 0.0652
vn 0.9247 0.2292 -0.3039
vn 0.0274 0.9979 0.0586
vn -0.5123 -0.0756 0.8555
vn -0.6414 0.0170 0.7670
vn -0.6990 -0.1141 0.7059
vn -0.5630 -0.2100 0.7993
vn 0.0390 0.9991 -0.0138
vn 0.1068 0.9321 -0.3462
vn -0.1045 0.7944 -0.5984
vn 0.4463 0.8375 0.3154
vn 0.4871 0.6283 0.6066
vn 0.8217 0.4104 0.3953
vn 0.8095 0.5807 0.0870
vn -0.6874 0.5952 -0.4163
vn -0.5847 0.6126 -0.5319
vn 0.1665 0.5316 0.8305
vn -0.2694 0.7108 0.6498
vn -0.1613 0.4664 0.8697
vn 0.0568 -0.9632 -0.2629
vn -0.3391 -0.9396 -0.0466
vn -0.5116 -0.7836 -0.3524
vn -0.0427 -0.8203 -0.5703
vn -0.9631 0.0279 -0.2677
vn -0.9242 0.3161 -0.2145
vn -0.7407 0.3432 -0.5775
vn -0.8606 -0.0460 -0.5072
vn -0.0154 0.9999 -0.0040
vn -0.0390 0.9991 -0.0138
vn -0.0274 0.9979 0.0586
vn -0.0041 0.9964 0.0845
vn 0.0154 0.9999 -0.0040
vn -0.6561 0.5073 -0.5587
vn -0.7576 0.4899 -0.4314
vn -0.3771 0.7108 -0.5937
vn -0.4346 0.6242 -0.6492
vn -0.2502 0.7071 -0.6614
vn -0.2814 0.6248 -0.7283
vn -0.7361 0.5901 -0.3316
vn 0.0504 0.9710 0.2336
vn -0.0000 0.9682 0.2502
vn -0.0000 0.9837 0.1801
vn 0.0041 0.9964 0.0845
vn -0.0000 0.9941 0.1082
vn 0.0714 -0.4743 0.8775
vn -0.1623 -0.6437 0.7479
vn 0.1585 -0.8261 0.5407
vn 0.3502 -0.6378 0.6859
vn -0.0000 1.0000 -0.0052
vn -0.1256 0.7029 -0.7001
vn -0.1377 0.6192 -0.7730
vn 0.5847 0.6126 -0.5319
vn 0.5034 0.7071 -0.4966
vn 0.7854 0.5722 -0.2362
vn 0.8218 0.4790 -0.3087
vn 0.7576 0.4899 -0.4314
vn 0.6561 0.5073 -0.5587
vn -0.3113 0.5291 -0.7894
vn -0.4899 0.5244 -0.6964
vn -0.1464 0.5245 -0.8387
vn 0.2814 0.6248 -0.7283
vn 0.1377 0.6192 -0.7730
vn 0.2502 0.7071 -0.6614
vn -0.0000 0.6158 -0.7879
vn -0.7221 0.3667 -0.5867
vn -0.8208 0.3508 -0.4508
vn -0.6569 0.4708 0.5889
vn -0.2439 0.7856 0.5686
vn -0.5448 0.3792 -0.7479
vn 0.3032 0.5778 -0.7578
vn 0.6038 0.6356 -0.4810
vn 0.7407 0.3432 -0.5775
vn 0.4648 0.2622 -0.8457
vn -0.5343 -0.6124 -0.5827
vn -0.5664 -0.4655 -0.6801
vn -0.3731 -0.5139 -0.7725
vn -0.3490 -0.6500 -0.6751
vn 0.2084 0.7953 -0.5693
vn 0.1626 0.8671 -0.4709
vn 0.0815 0.8675 -0.4908
vn -0.2724 0.7549 -0.5966
vn 0.0293 0.9054 -0.4236
vn 0.2158 0.7789 -0.5888
vn -0.1129 0.5961 -0.7950
vn -0.0000 0.5208 -0.8537
vn -0.8782 0.0740 0.4726
vn -0.9790 0.1933 0.0652
vn -0.9904 -0.1329 -0.0381
vn 0.5916 -0.2882 -0.7530
vn 0.3806 -0.3297 -0.8640
vn 0.3800 -0.1555 -0.9118
vn 0.6006 -0.1290 -0.7891
vn 0.7221 0.3667 -0.5867
vn 0.5448 0.3792 -0.7479
vn 0.4899 0.5244 -0.6964
vn 0.3771 0.7108 -0.5937
vn 0.3098 0.7980 -0.5170
vn 0.1545 0.9344 -0.3210
vn 0.2387 0.8690 -0.4334
vn 0.1196 -0.9928 0.0052
vn -0.3159 -0.9381 0.1424
vn -0.4441 -0.8723 -0.2046
vn 0.0492 -0.9226 -0.3826
vn -0.1576 0.3751 -0.9135
vn -0.3444 0.3809 -0.8581
vn -0.0000 0.3710 -0.9286
vn -0.1591 -0.8888 0.4299
vn -0.5108 -0.6739 0.5338
vn -0.6548 -0.7032 0.2772
vn 0.8973 -0.4025 -0.1812
vn 0.7217 -0.6060 -0.3345
vn 0.7152 -0.3079 -0.6274
vn 0.8840 -0.1401 -0.4459
vn 0.4346 0.6242 -0.6492
vn 0.4084 0.7971 -0.4448
vn 0.1961 0.9378 -0.2864
vn -0.1145 0.9709 -0.2102
vn -0.0000 0.9027 0.4302
vn -0.1101 0.9015 0.4185
vn -0.0504 0.9710 0.2336
vn -0.4471 -0.8611 0.2422
vn -0.6266 -0.7780 -0.0461
vn -0.4264 0.3706 0.8251
vn -0.5003 0.2643 0.8245
vn -0.3773 0.1359 0.9161
vn -0.2929 0.2395 0.9257
vn -0.3668 0.2041 -0.9076
vn -0.5816 0.2115 -0.7855
vn 0.4331 0.8749 -0.2166
vn 0.2539 0.9500 -0.1819
vn 0.3096 0.8708 -0.3818
vn 0.3668 0.8717 -0.3249
vn 0.4591 0.8684 0.1871
vn 0.1586 0.9020 0.4016
vn 0.2731 0.6989 0.6610
vn 0.5556 0.6834 0.4735
vn 0.3113 0.5291 -0.7894
vn 0.3444 0.3809 -0.8581
vn 0.4028 0.8737 -0.2727
vn -0.3750 0.0168 -0.9269
vn 0.0055 -0.1488 -0.9889
vn -0.0361 -0.4383 -0.8981
vn -0.4504 -0.2973 -0.8418
vn -0.1972 -0.2098 0.9577
vn -0.4214 -0.3949 0.8164
vn 0.3668 0.2041 -0.9076
vn 0.1647 0.1951 -0.9669
vn 0.1576 0.3751 -0.9135
vn -0.5072 -0.7216 -0.4712
vn -0.7217 -0.6060 -0.3345
vn -0.7152 -0.3079 -0.6274
vn -0.5053 -0.4279 -0.7494
vn -0.0000 0.1904 -0.9817
vn 0.5816 0.2115 -0.7855
vn 0.1617 -0.3477 -0.9235
vn 0.1642 -0.1688 -0.9719
vn 0.3768 0.0182 -0.9261
vn 0.1660 0.0064 -0.9861
vn -0.0000 0.0015 -1.0000
vn -0.1660 0.0064 -0.9861
vn -0.1647 0.1951 -0.9669
vn -0.5978 0.0357 -0.8008
vn -0.3768 0.0182 -0.9261
vn 0.9888 0.0869 0.1217
vn 0.9857 -0.1653 -0.0334
vn 0.9392 0.0473 -0.3400
vn 0.9515 0.2797 -0.1283
vn -0.0000 -0.1733 -0.9849
vn -0.1642 -0.1688 -0.9719
vn -0.3800 -0.1555 -0.9118
vn -0.1465 0.3740 0.9158
vn -0.3078 0.4952 0.8124
vn 0.5644 0.8207 -0.0892
vn 0.5911 0.7946 -0.1383
vn 0.6846 0.6929 -0.2265
vn 0.5876 0.7798 -0.2160
vn -0.1617 -0.3477 -0.9235
vn -0.3806 -0.3297 -0.8640
vn -0.0000 -0.3526 -0.9358
vn -0.6006 -0.1290 -0.7891
vn -0.7641 0.2163 -0.6077
vn -0.7807 0.0638 -0.6216
vn -0.8218 0.4790 -0.3087
vn -0.7854 0.5722 -0.2362
vn 0.5642 0.4960 -0.6601
vn 0.7727 0.1771 -0.6095
vn 0.6432 0.7529 -0.1398
vn 0.8208 0.3508 -0.4508
vn 0.8843 0.3459 -0.3135
vn 0.8710 0.4551 -0.1851
vn 0.8481 0.5026 -0.1679
vn 0.5093 0.6563 0.5567
vn 0.6130 0.7571 0.2259
vn 0.4788 0.8449 0.2386
vn 0.3913 0.7478 0.5364
vn 0.6459 0.7563 -0.1037
vn 0.7863 -0.5309 0.3162
vn 0.9614 -0.2488 0.1176
vn 0.9723 -0.1731 0.1574
vn 0.7829 -0.4685 0.4094
vn 0.8640 0.2086 -0.4581
vn 0.7641 0.2163 -0.6077
vn 0.5838 0.4726 0.6602
vn 0.7078 0.6898 -0.1523
vn 0.8006 0.5786 -0.1558
vn -0.8481 0.5026 -0.1679
vn -0.8006 0.5786 -0.1558
vn -0.1319 -0.5509 -0.8241
vn -0.6181 -0.4628 -0.6354
vn -0.5863 -0.0971 -0.8042
vn -0.1910 -0.2145 -0.9579
vn -0.4463 0.8375 0.3154
vn 0.0353 0.9000 0.4345
vn 0.1588 0.9850 0.0669
vn -0.3110 0.9439 -0.1112
vn -0.7078 0.6898 -0.1523
vn -0.6432 0.7529 -0.1398
vn -0.5642 0.1550 0.8109
vn -0.7632 0.3741 0.5268
vn -0.8543 0.2478 0.4570
vn 0.8774 0.4547 -0.1530
vn 0.8447 0.5163 -0.1409
vn -0.7035 0.6784 0.2120
vn -0.7677 0.6110 0.1932
vn -0.6844 0.4796 0.5491
vn -0.6129 0.5619 0.5556
vn 0.7219 0.6832 -0.1101
vn 0.9070 0.3879 -0.1638
vn 0.8976 0.3943 -0.1970
vn 0.8543 0.5064 -0.1173
vn 0.8869 0.4441 -0.1271
vn 0.9154 0.3794 -0.1346
vn -0.9800 -0.1442 -0.1370
vn -0.8981 -0.2967 -0.3247
vn 0.7759 -0.3795 0.5039
vn 0.9713 -0.1013 0.2153
vn -0.6305 0.6686 -0.3942
vn -0.7972 0.5914 -0.1212
vn -0.6737 0.7390 0.0111
vn -0.5010 0.8190 -0.2798
vn 0.9087 0.1089 0.4031
vn 0.7705 0.2557 0.5839
vn 0.6306 -0.0995 0.7697
vn 0.7817 -0.2423 0.5747
vn 0.9472 0.3206 0.0118
vn 0.9234 0.3814 0.0434
vn -0.8976 0.3943 -0.1970
vn -0.8843 0.3459 -0.3135
vn -0.9142 0.3514 -0.2018
vn 0.9394 0.2712 -0.2097
vn 0.9570 0.1795 -0.2281
vn 0.9239 0.1925 -0.3307
vn -0.9394 0.2712 -0.2097
vn 0.5248 0.8512 -0.0020
vn 0.2613 0.9642 0.0463
vn 0.2118 0.9478 0.2384
vn 0.6410 0.7670 -0.0304
vn 0.5123 -0.0756 0.8555
vn 0.5642 0.1550 0.8109
vn 0.4425 0.0467 0.8956
vn 0.7971 0.5980 -0.0834
vn 0.8013 0.5851 -0.1249
vn 0.7185 0.6938 -0.0494
vn -0.9262 0.3305 -0.1815
vn 0.5891 -0.7883 0.1776
vn 0.5220 -0.8494 0.0773
vn 0.7065 -0.7069 0.0347
vn 0.7480 -0.6530 0.1192
vn -0.9513 -0.0663 -0.3010
vn -0.9601 0.0645 -0.2721
vn -0.9320 0.0375 -0.3606
vn -0.9165 -0.0857 -0.3907
vn 0.9023 0.4268 0.0607
vn 0.8755 0.4754 0.0866
vn -0.6079 -0.5034 0.6141
vn -0.5938 -0.3960 0.7004
vn -0.7495 -0.2889 0.5957
vn -0.7759 -0.3795 0.5039
vn 0.9262 0.3305 -0.1815
vn 0.9347 0.3248 -0.1443
vn 0.9665 0.2564 -0.0131
vn -0.9540 0.2468 -0.1702
vn -0.9347 0.3248 -0.1443
vn 0.5830 0.7892 -0.1933
vn 0.7954 0.5067 -0.3326
vn 0.5558 0.4910 -0.6709
vn 0.3684 0.7930 -0.4852
vn 0.7035 0.6784 0.2120
vn 0.7677 0.6110 0.1932
vn 0.0289 -0.7001 0.7135
vn -0.3457 -0.5230 0.7790
vn -0.9234 0.3814 0.0434
vn -0.9023 0.4268 0.0607
vn -0.9472 0.3206 0.0118
vn -0.9131 0.1337 0.3851
vn 0.7968 -0.5392 -0.2728
vn 0.7639 -0.6160 -0.1924
vn 0.6629 -0.6390 -0.3902
vn 0.6901 -0.5737 -0.4412
vn 0.1101 0.9015 0.4185
vn -0.7620 -0.2196 -0.6092
vn -0.5916 -0.2882 -0.7530
vn 0.9420 0.0569 0.3307
vn 0.9592 -0.0232 0.2817
vn 0.9834 0.1773 -0.0381
vn -0.9239 0.1925 -0.3307
vn -0.9570 0.1795 -0.2281
vn 0.7632 0.3741 0.5268
vn 0.8273 0.5408 0.1522
vn 0.6844 0.4796 0.5491
vn -0.4560 -0.4858 0.7457
vn -0.3502 -0.6378 0.6859
vn -0.0714 -0.4743 0.8775
vn -0.3183 -0.3059 0.8973
vn 0.9919 0.1080 -0.0675
vn 0.9635 0.1814 -0.1968
vn 0.9540 0.2468 -0.1702
vn -0.1603 0.8622 0.4805
vn 0.9616 0.1137 -0.2498
vn 0.9601 0.0645 -0.2721
vn 0.9320 0.0375 -0.3606
vn 0.9356 0.1024 -0.3379
vn 0.2605 0.7409 0.6190
vn -0.0000 0.7203 0.6937
vn -0.3913 0.7478 0.5364
vn -0.7950 0.4368 -0.4209
vn -0.6822 0.6949 -0.2275
vn -0.4258 0.7335 -0.5298
vn -0.6343 0.5220 -0.5702
vn -0.2605 0.7409 0.6190
vn 0.0263 0.7044 0.7093
vn 0.1603 0.8622 0.4805
vn 0.7290 -0.2039 0.6534
vn -0.1685 -0.4951 -0.8524
vn -0.2698 -0.7113 -0.6491
vn -0.5559 -0.5389 -0.6329
vn -0.4291 -0.2959 -0.8534
vn -0.6410 0.7670 -0.0304
vn -0.6459 0.7563 -0.1037
vn 0.6569 0.4708 0.5889
vn 0.8782 0.0740 0.4726
vn 0.2666 0.5308 0.8045
vn -0.0000 0.5547 0.8320
vn -0.2666 0.5308 0.8045
vn -0.7174 -0.1242 0.6856
vn -0.7912 0.1773 0.5853
vn -0.9242 0.0557 0.3778
vn -0.9062 -0.1522 0.3946
vn -0.0263 0.7044 0.7093
vn -0.9393 -0.0474 0.3399
vn -0.9835 0.1684 0.0659
vn -0.9446 -0.3116 0.1035
vn -0.7219 0.6832 -0.1101
vn -0.7185 0.6938 -0.0494
vn -0.4641 -0.2627 0.8459
vn -0.1003 -0.1085 0.9890
vn -0.1802 0.2320 0.9559
vn -0.5702 0.1280 0.8115
vn 0.1876 0.5874 0.7872
vn 0.1465 0.3740 0.9158
vn 0.5664 -0.4655 -0.6801
vn 0.3731 -0.5139 -0.7725
vn -0.1876 0.5874 0.7872
vn -0.8869 0.4441 -0.1271
vn -0.8543 0.5064 -0.1173
vn -0.8447 0.5163 -0.1409
vn -0.8774 0.4547 -0.1530
vn -0.8013 0.5851 -0.1249
vn -0.5093 0.6563 0.5567
vn -0.6130 0.7571 0.2259
vn 0.3078 0.4952 0.8124
vn 0.2386 -0.9694 0.0583
vn -0.0478 -0.9386 0.3416
vn -0.1956 -0.9648 0.1757
vn 0.0644 -0.9949 -0.0779
vn -0.7779 -0.0807 -0.6232
vn 0.4264 0.3706 0.8251
vn 0.2929 0.2395 0.9257
vn 0.6129 0.5619 0.5556
vn 0.3773 0.1359 0.9161
vn 0.5004 0.2643 0.8245
vn 0.3571 0.6268 -0.6925
vn 0.4681 0.4608 -0.7540
vn 0.1812 0.2996 -0.9367
vn 0.0418 0.4496 -0.8922
vn -0.1565 -0.6768 -0.7193
vn -0.1579 -0.5400 -0.8267
vn -0.8273 0.5408 0.1522
vn -0.7971 0.5980 -0.0834
vn -0.4425 0.0467 0.8956
vn 0.3808 0.2712 0.8840
vn 0.6168 -0.1140 0.7788
vn 0.1575 -0.2154 0.9637
vn 0.4957 -0.0088 0.8685
vn 0.3152 0.3095 0.8971
vn 0.0177 0.1537 0.9880
vn -0.9420 0.0569 0.3307
vn -0.7290 -0.2039 0.6534
vn -0.8710 0.4551 -0.1851
vn -0.0354 0.5705 0.8206
vn -0.3808 0.2712 0.8840
vn -0.0736 0.0156 0.9972
vn 0.1905 0.3200 0.9281
vn -0.8373 -0.5449 0.0452
vn -0.8739 -0.4815 -0.0673
vn -0.7639 -0.6160 -0.1924
vn -0.3740 0.3509 -0.8585
vn -0.2009 0.2152 -0.9557
vn -0.8755 0.4754 0.0866
vn -0.4695 0.4697 0.7476
vn -0.7173 0.1576 0.6787
vn -0.4957 -0.0088 0.8685
vn -0.3152 0.3095 0.8971
vn 0.5831 -0.3095 0.7511
vn 0.5938 -0.3960 0.7004
vn 0.7495 -0.2889 0.5957
vn 0.9142 0.3514 -0.2018
vn -0.9070 0.3879 -0.1638
vn 0.5630 -0.2100 0.7993
vn 0.0115 0.9999 0.0102
vn 0.2841 0.9489 -0.1372
vn -0.8973 -0.4025 -0.1812
vn 0.8845 0.0884 -0.4580
vn 0.7807 0.0638 -0.6216
vn 0.9165 -0.0857 -0.3907
vn 0.8698 -0.1462 -0.4713
vn 0.8845 -0.0198 -0.4661
vn -0.9713 -0.1013 0.2153
vn -0.9592 -0.0232 0.2817
vn -0.8845 0.0884 -0.4580
vn -0.8640 0.2086 -0.4581
vn -0.9356 0.1024 -0.3379
vn -0.9154 0.3794 -0.1346
vn -0.8526 0.5026 0.1429
vn -0.5074 0.7331 0.4529
vn -0.3059 0.9487 0.0797
vn 0.3183 -0.3059 0.8973
vn 0.4560 -0.4858 0.7457
vn 0.6719 -0.4370 0.5980
vn 0.0102 -0.6693 -0.7429
vn 0.4919 -0.6154 -0.6159
vn 0.4441 -0.8723 -0.2046
vn -0.0492 -0.9226 -0.3826
vn -0.2516 0.6469 -0.7199
vn -0.5524 0.4225 -0.7186
vn -0.9635 0.1814 -0.1968
vn -0.9665 0.2564 -0.0131
vn -0.9834 0.1773 -0.0381
vn 0.9191 -0.3849 -0.0842
vn 0.9588 -0.2775 0.0602
vn -0.9616 0.1137 -0.2498
vn -0.9683 0.1236 -0.2169
vn -0.5831 -0.3095 0.7511
vn 0.6079 -0.5034 0.6141
vn 0.6218 -0.5957 0.5085
vn -0.9942 0.0424 -0.0986
vn -0.9723 -0.1731 0.1574
vn -0.9919 0.1080 -0.0675
vn 0.5010 0.8190 -0.2798
vn -0.9652 0.0933 -0.2444
vn 0.9683 0.1236 -0.2169
vn 0.9942 0.0424 -0.0986
vn 0.9652 0.0933 -0.2444
vn 0.9926 0.0140 -0.1208
vn 0.9513 -0.0663 -0.3010
vn -0.8845 -0.0198 -0.4661
vn -0.8698 -0.1462 -0.4713
vn -0.7829 -0.4685 0.4094
vn -0.6218 -0.5957 0.5085
vn 0.9570 -0.0080 -0.2900
vn 0.9095 -0.3274 -0.2562
vn -0.5524 -0.4225 0.7186
vn -0.2517 -0.6468 0.7200
vn -0.0488 -0.4209 0.9058
vn -0.3961 -0.1900 0.8983
vn -0.7863 -0.5309 0.3162
vn -0.6353 -0.6540 0.4108
vn -0.9570 -0.0080 -0.2900
vn -0.9616 -0.1042 -0.2539
vn -0.9872 -0.0789 -0.1386
vn 0.9616 -0.1042 -0.2539
vn 0.9872 -0.0789 -0.1386
vn -0.8084 0.4464 -0.3838
vn -0.6927 0.6632 -0.2835
vn -0.5153 0.6506 -0.5579
vn -0.6987 0.4758 -0.5343
vn 0.5524 0.4225 -0.7186
vn 0.7616 0.2610 -0.5931
vn -0.9926 0.0140 -0.1208
vn -0.9614 -0.2488 0.1176
vn -0.7887 -0.5735 0.2213
vn -0.6362 -0.7064 0.3102
vn -0.9588 -0.2775 0.0602
vn 0.3484 0.4927 0.7974
vn 0.5551 0.4088 0.7244
vn 0.7887 -0.5735 0.2213
vn -0.9191 -0.3849 -0.0842
vn -0.7065 -0.7069 0.0347
vn -0.7480 -0.6530 0.1192
vn -0.5220 -0.8494 0.0773
vn -0.5891 -0.7883 0.1776
vn 0.9215 -0.3473 0.1737
vn 0.8739 -0.4815 -0.0673
vn 0.9811 -0.1669 0.0980
vn 0.8373 -0.5449 0.0452
vn -0.9515 0.2797 -0.1283
vn -0.6629 -0.6390 -0.3902
vn 0.9131 -0.3166 0.2570
vn 0.8094 -0.4578 0.3678
vn -0.3270 -0.7005 -0.6343
vn -0.5054 -0.6676 -0.5467
vn 0.2142 -0.9480 0.2355
vn -0.1497 -0.7218 -0.6758
vn 0.1565 -0.6768 -0.7193
vn -0.0000 -0.6821 -0.7313
vn -0.0000 -0.5461 -0.8377
vn 0.1579 -0.5400 -0.8267
vn -0.0000 -0.7257 -0.6880
vn -0.6306 -0.0995 0.7697
vn -0.4218 0.0992 0.9012
vn -0.5551 0.4088 0.7244
vn -0.7705 0.2557 0.5839
vn 0.3490 -0.6500 -0.6751
vn 0.5343 -0.6124 -0.5827
vn 0.8507 -0.3796 -0.3635
vn 0.4504 -0.2973 -0.8418
vn 0.7931 -0.1384 -0.5932
vn -0.8720 0.4297 -0.2345
vn -0.9636 0.2673 0.0012
vn -0.8986 0.4164 0.1383
vn 0.1464 0.5245 -0.8387
vn 0.5978 0.0357 -0.8008
vn 0.4471 -0.8611 0.2422
vn 0.5054 -0.6676 -0.5467
vn 0.7278 -0.3953 -0.5604
vn 0.7620 -0.2196 -0.6092
vn 0.3270 -0.7005 -0.6343
vn 0.1497 -0.7218 -0.6758
vn 0.7779 -0.0807 -0.6232
vn 0.8420 -0.3406 -0.4184
vn 0.5072 -0.7216 -0.4712
vn 0.4142 -0.8869 -0.2048
vn 0.2254 -0.9216 -0.3160
vn 0.3114 -0.7701 -0.5567
vn -0.9215 -0.3473 0.1737
vn -0.9095 -0.3274 -0.2562
vn -0.8094 -0.4578 0.3678
vn -0.9811 -0.1669 0.0980
vn -0.9131 -0.3166 0.2570
vn 0.1262 0.9529 -0.2759
vn -0.0293 0.9054 -0.4236
vn -0.2841 0.9489 -0.1372
vn -0.0115 0.9999 0.0102
vn -0.8262 0.2109 -0.5225
vn -0.6390 0.3273 -0.6961
vn -0.2154 0.4865 0.8467
vn -0.2574 0.6343 0.7290
vn 0.1685 -0.4951 -0.8524
vn 0.0999 -0.2860 -0.9530
vn -0.0000 -0.9085 0.4179
vn 0.5346 -0.7714 0.3452
vn 0.4877 -0.8199 0.2998
vn 0.2452 0.9380 -0.2450
vn -0.1363 0.8721 -0.4700
vn 0.2677 -0.6186 -0.7387
vn -0.0102 -0.6693 -0.7429
vn 0.2028 -0.5032 -0.8400
vn 0.6362 -0.7064 0.3102
vn -0.4919 -0.6154 -0.6159
vn -0.3848 -0.0726 -0.9201
vn -0.5790 0.0524 -0.8137
vn -0.7817 -0.2423 0.5747
vn -0.5919 -0.5230 0.6133
vn 0.3104 -0.5023 -0.8071
vn 0.5053 -0.4279 -0.7494
vn -0.0393 0.0844 -0.9957
vn -0.2049 -0.1792 -0.9622
vn -0.7727 0.1771 -0.6095
vn -0.5642 0.4960 -0.6601
vn -0.8840 -0.1401 -0.4459
vn -0.3104 -0.5023 -0.8071
vn 0.0393 0.0844 -0.9957
vn 0.2049 -0.1792 -0.9622
vn -0.6541 -0.4961 -0.5711
vn -0.1812 0.2996 -0.9367
vn 0.3564 -0.7595 0.5441
vn 0.1623 -0.6437 0.7479
vn -0.1585 -0.8261 0.5407
vn 0.0478 -0.9386 0.3416
vn -0.9635 -0.0101 -0.2676
vn -0.9247 0.2292 -0.3039
vn -0.3571 0.6268 -0.6925
vn -0.2158 0.7789 -0.5888
vn -0.3114 -0.7701 -0.5567
vn -0.4681 0.4608 -0.7540
vn 0.4735 -0.8042 0.3593
vn 0.6868 -0.5906 0.4237
vn 0.5919 -0.5230 0.6133
vn -0.2254 -0.9216 -0.3160
vn -0.4142 -0.8869 -0.2048
vn 0.3938 0.8567 -0.3332
vn 0.2724 0.7549 -0.5966
vn 0.0427 -0.8203 -0.5703
vn -0.0568 -0.9632 -0.2629
vn -0.3682 -0.8602 -0.3527
vn -0.6168 -0.1140 0.7788
vn -0.2386 -0.9694 0.0583
vn -0.0644 -0.9949 -0.0779
vn -0.8075 -0.4460 0.3861
vn -0.9366 -0.3380 0.0928
vn -0.7925 -0.6095 -0.0223
vn -0.1262 0.9529 -0.2759
vn -0.1905 0.3200 0.9281
vn 0.0736 0.0156 0.9972
vn 0.1972 -0.2098 0.9577
vn 0.4218 0.0992 0.9012
vn 0.1956 -0.9648 0.1757
vn 0.9238 -0.0656 -0.3773
vn 0.7087 0.1211 -0.6950
vn 0.9073 0.1488 -0.3933
vn 0.5790 0.0524 -0.8137
vn -0.8388 -0.5366 -0.0919
vn -0.4735 -0.8042 0.3593
vn 0.6305 0.6686 -0.3942
vn 0.3391 -0.9396 -0.0466
vn 0.1387 -0.9532 0.2685
vn -0.2092 -0.9776 0.0219
vn -0.3484 0.4927 0.7974
vn 0.4214 -0.3949 0.8164
vn 0.3848 -0.0726 -0.9201
vn 0.8576 -0.3348 0.3905
vn -0.6868 -0.5906 0.4237
vn 0.6737 0.7389 0.0111
vn 0.7972 0.5914 -0.1212
vn 0.7181 0.5008 -0.4832
vn -0.6541 -0.7295 0.2000
vn -0.8576 -0.3348 0.3905
vn 0.6266 -0.7780 -0.0461
vn 0.8720 0.4297 -0.2345
vn -0.7181 0.5008 -0.4832
vn -0.9713 -0.0151 0.2372
vn 0.6822 0.6949 -0.2275
vn 0.4258 0.7335 -0.5298
vn 0.7723 0.5625 0.2953
vn 0.8986 0.4164 0.1383
vn 0.9636 0.2673 0.0012
vn -0.5982 0.8008 0.0302
vn -0.4188 0.8942 0.1581
vn 0.9713 -0.0151 0.2372
vn 0.7525 -0.6553 0.0661
vn 0.7535 -0.6538 0.0692
vn 0.7561 -0.6522 0.0544
vn 0.7554 -0.6461 0.1092
vn 0.7587 -0.6501 0.0421
vn 0.7588 -0.6328 0.1543
vn 0.7616 -0.6239 0.1755
vn 0.7642 -0.6176 0.1859
vn 0.7689 -0.6076 0.1991
vn 0.7739 -0.5973 0.2104
vn 0.7764 -0.5926 0.2147
vn 0.7789 -0.5884 0.2172
vn 0.7867 -0.5756 0.2232
vn 0.7982 -0.5571 0.2291
vn 0.8085 -0.5410 0.2318
vn -0.5346 -0.7714 0.3452
vn -0.4877 -0.8199 0.2998
vn -0.8085 -0.5410 0.2318
vn -0.7982 -0.5571 0.2291
vn -0.7867 -0.5756 0.2232
vn -0.7789 -0.5884 0.2172
vn -0.7764 -0.5926 0.2147
vn -0.7739 -0.5973 0.2104
vn -0.7689 -0.6076 0.1991
vn -0.7642 -0.6176 0.1859
vn -0.7616 -0.6239 0.1755
vn -0.7588 -0.6328 0.1543
vn -0.7554 -0.6461 0.1092
vn -0.7535 -0.6538 0.0692
vn -0.7525 -0.6553 0.0661
vn -0.7561 -0.6522 0.0544
vn -0.7587 -0.6501 0.0421
vn 0.6392 -0.7648 -0.0804
vn 0.5830 -0.7892 0.1933
vn 0.4267 -0.9016 0.0708
vn 0.4254 -0.8999 -0.0955
vn 0.3740 0.3509 -0.8585
vn 0.8730 -0.3300 -0.3592
vn 0.9751 0.0619 -0.2131
vn 0.9856 -0.0803 0.1489
vn 0.8924 -0.4509 0.0164
vn -0.5830 -0.7892 0.1933
vn -0.7994 -0.4983 0.3356
vn -0.8924 -0.4509 0.0164
vn -0.6392 -0.7648 -0.0804
vn 0.0361 -0.4383 -0.8981
vn -0.2677 -0.6186 -0.7387
vn -0.2028 -0.5032 -0.8400
vn 0.3457 0.5230 -0.7790
vn 0.5153 0.6506 -0.5579
vn 0.6987 0.4758 -0.5343
vn 0.6390 0.3273 -0.6961
vn -0.3457 0.5230 -0.7790
vn -0.1535 0.2229 -0.9627
vn -0.5003 0.0170 -0.8657
vn -0.8730 -0.3300 -0.3592
vn -0.6091 -0.6607 -0.4387
vn -0.4254 -0.8999 -0.0955
vn -0.3789 -0.8103 -0.4470
vn -0.7238 -0.1567 -0.6720
vn -0.9073 0.1488 -0.3933
vn -0.7954 0.5067 -0.3326
vn -0.5558 0.4910 -0.6709
vn -0.7087 0.1211 -0.6950
vn -0.4774 -0.4776 -0.7375
vn 0.3750 0.0168 -0.9269
vn -0.0055 -0.1488 -0.9889
vn 0.2201 0.3906 -0.8938
vn 0.0289 0.7001 -0.7134
vn -0.4267 -0.9016 0.0708
vn 0.3970 0.9114 0.1084
vn -0.3147 -0.3131 -0.8961
vn -0.6091 0.6607 0.4387
vn -0.3439 0.8262 0.4462
vn 0.4073 0.9059 0.1164
vn 0.4272 0.9014 -0.0711
vn 0.3159 -0.9381 0.1424
vn -0.1196 -0.9928 0.0052
vn -0.3685 -0.7930 0.4852
vn -0.2142 -0.9480 0.2355
vn -0.9361 0.3424 -0.0804
vn -0.8095 0.5807 0.0870
vn 0.8911 0.4537 -0.0076
vn 0.9880 0.0762 -0.1346
vn -0.9856 -0.0803 0.1489
vn -0.9751 0.0619 -0.2131
vn 0.0536 0.7008 0.7114
vn -0.0353 0.9000 0.4345
vn -0.9575 0.1751 0.2291
vn -0.5629 -0.4876 0.6674
vn 0.7925 -0.6095 -0.0223
vn 0.7174 -0.1242 0.6856
vn 0.3750 -0.0168 0.9269
vn 0.2201 -0.3906 0.8938
vn 0.5629 -0.4876 0.6674
vn 0.3457 -0.5230 0.7790
vn -0.2201 -0.3906 0.8938
vn -0.0289 -0.7001 0.7135
vn -0.8217 0.4104 0.3953
vn -0.4871 0.6283 0.6066
vn 0.2154 0.4865 0.8467
vn -0.0544 0.4558 0.8884
vn 0.6353 -0.6540 0.4108
vn 0.0544 0.4558 0.8884
vn -0.0177 0.1537 0.9880
vn 0.4656 0.3447 0.8151
vn 0.2516 0.6469 -0.7199
vn 0.6541 -0.7295 0.2000
vn 0.4651 -0.7560 0.4607
vn 0.1591 -0.8888 0.4299
vn 0.6927 0.6632 -0.2835
vn 0.3110 0.9439 -0.1112
vn 0.3685 -0.7930 0.4852
vn -0.1575 -0.2154 0.9637
vn -0.6390 -0.3273 0.6961
vn -0.3750 -0.0168 0.9269
vn -0.4656 0.3447 0.8151
vn -0.0536 0.7008 0.7114
vn -0.3564 -0.7595 0.5441
vn -0.3688 0.8599 0.3529
vn 0.6392 0.7648 0.0804
vn 0.6548 -0.7032 0.2772
vn 0.5108 -0.6739 0.5338
vn 0.2574 0.6343 0.7290
vn 0.3439 0.8262 0.4462
vn 0.9361 0.3424 -0.0804
vn 0.8084 0.4464 -0.3838
vn -0.8262 -0.2109 0.5225
vn 0.6077 -0.6708 0.4252
vn 0.9366 -0.3380 0.0928
vn 0.8075 -0.4460 0.3861
vn 0.9621 -0.1679 -0.2149
vn -0.6465 -0.5443 0.5346
vn -0.7817 -0.4820 0.3957
vn -0.4651 -0.7560 0.4607
vn 0.9751 -0.0619 0.2131
vn 0.8262 -0.2109 0.5225
vn -0.9751 -0.0619 0.2131
vn 0.6390 -0.3273 0.6961
vn 0.6987 -0.4762 0.5338
vn 0.9062 -0.1522 0.3946
vn 0.7994 -0.4983 0.3356
vn -0.0999 -0.2860 -0.9530
vn -0.2366 -0.0651 -0.9694
vn 0.7817 -0.4820 0.3957
vn 0.9446 -0.3116 0.1035
vn 0.9393 -0.0474 0.3399
vn 0.7617 -0.2611 0.5930
vn -0.8080 0.2657 0.5259
vn -0.8627 0.4646 0.1998
vn -0.6331 -0.0272 -0.7736
vn -0.3960 0.1901 -0.8984
vn -0.0488 0.4211 -0.9057
vn 0.1169 0.1386 -0.9834
vn 0.1319 -0.5509 -0.8241
vn -0.6249 -0.7169 -0.3091
vn -0.8628 -0.4645 -0.1996
vn -0.8081 -0.2657 -0.5257
vn -0.7616 0.2610 -0.5931
vn -0.9392 0.0473 -0.3400
vn 0.5863 -0.0971 -0.8042
vn 0.6181 -0.4628 -0.6354
vn 0.1910 -0.2145 -0.9579
vn 0.1027 0.8155 -0.5696
vn -0.9857 -0.1653 -0.0334
vn -0.9293 -0.2946 0.2228
vn -0.9641 -0.0600 0.2587
vn -0.9888 0.0869 0.1217
vn -0.1007 0.2901 0.9517
vn 0.1802 0.2320 0.9559
vn -0.9621 -0.1679 -0.2149
vn -0.9238 -0.0656 -0.3773
vn -0.7931 -0.1384 -0.5932
vn -0.8507 -0.3796 -0.3635
vn -0.0750 0.9471 -0.3120
vn 0.5116 -0.7836 -0.3524
vn 0.6329 0.0272 0.7737
vn 0.3961 -0.1900 0.8983
vn 0.5524 -0.4225 0.7186
vn -0.6329 0.0272 0.7737
vn -0.4008 0.2906 0.8689
vn -0.5559 0.5388 0.6330
vn 0.5982 0.8008 0.0302
vn 0.8029 0.5843 -0.1182
vn 0.4113 0.8646 -0.2886
vn -0.8829 0.2942 0.3658
vn -0.5838 0.4726 0.6602
vn -0.5982 -0.8008 -0.0302
vn -0.8030 -0.5842 0.1181
vn -0.6040 -0.6355 0.4810
vn -0.7632 -0.3264 0.5577
vn 0.8606 -0.0460 -0.5072
vn 0.8981 -0.2967 -0.3247
vn 0.8388 -0.5366 -0.0919
vn -0.3035 -0.5774 0.7580
vn -0.4111 -0.8647 0.2886
vn -0.1026 -0.8155 0.5696
vn -0.0570 0.7873 0.6139
vn 0.1031 0.9511 0.2912
vn 0.2423 0.9698 -0.0291
vn -0.6249 0.7169 0.3091
vn -0.8568 0.0095 0.5156
vn -0.3032 0.5778 -0.7578
vn -0.4648 0.2622 -0.8457
vn 0.9904 -0.1329 -0.0381
vn 0.9635 -0.0101 -0.2676
vn 0.1026 -0.8155 0.5696
vn -0.1387 -0.9532 0.2685
vn 0.2092 -0.9776 0.0219
vn 0.4111 -0.8647 0.2886
vn -0.1665 0.5316 0.8305
vn 0.0488 -0.4209 0.9058
vn 0.4188 0.8942 0.1581
vn 0.2213 0.0837 0.9716
vn 0.1007 0.2901 0.9517
vn 0.1613 0.4664 0.8697
vn 0.2694 0.7108 0.6498
vn 0.9293 -0.2946 0.2228
vn 0.8030 -0.5842 0.1181
vn -0.4184 -0.8944 -0.1583
vn 0.4008 0.2906 0.8689
vn 0.5559 0.5388 0.6330
vn 0.1129 0.5961 -0.7950
vn 0.3688 0.8599 0.3529
vn 0.6249 0.7169 0.3091
vn 0.8080 0.2657 0.5259
vn 0.6465 -0.5443 0.5346
vn 0.9800 -0.1442 -0.1370
vn 0.9631 0.0279 -0.2677
vn 0.2517 -0.6468 0.7200
vn 0.8627 0.4646 0.1998
vn 0.7950 0.4368 -0.4209
vn 0.9835 0.1684 0.0659
vn 0.9242 0.3161 -0.2145
vn -0.0418 0.4496 -0.8922
vn 0.2009 0.2152 -0.9557
vn -0.9880 0.0762 -0.1346
vn 0.6541 -0.4961 -0.5711
vn -0.9087 0.1089 0.4031
vn 0.8019 -0.5842 0.1250
vn 0.9041 -0.2990 0.3053
vn -0.7723 0.5625 0.2953
vn -0.4591 0.8684 0.1871
vn -0.5556 0.6834 0.4735
vn -0.1586 0.9020 0.4016
vn 0.2439 0.7856 0.5686
vn -0.2731 0.6989 0.6610
vn 0.0354 0.5705 0.8206
vn 0.2698 -0.7113 -0.6491
vn 0.4774 -0.4776 -0.7375
vn 0.3147 -0.3131 -0.8961
vn 0.6091 -0.6607 -0.4387
vn 0.3789 -0.8103 -0.4470
vn 0.7238 -0.1567 -0.6720
vn 0.5003 0.0170 -0.8657
vn 0.1535 0.2229 -0.9627
vn 0.8262 0.2109 -0.5225
vn -0.3684 0.7930 -0.4852
vn -0.0289 0.7001 -0.7134
vn -0.2201 0.3906 -0.8938
vn 0.1363 0.8721 -0.4700
vn -0.6987 -0.4762 0.5338
vn 0.8081 -0.2657 -0.5257
vn 0.8628 -0.4645 -0.1996
vn 0.6249 -0.7169 -0.3091
vn 0.5559 -0.5389 -0.6329
vn 0.9575 0.1751 0.2291
vn 0.9242 0.0557 0.3778
vn 0.7912 0.1773 0.5853
vn 0.8829 0.2942 0.3658
vn 0.8526 0.5026 0.1429
vn -0.5830 0.7892 -0.1933
vn -0.2452 0.9380 -0.2450
vn -0.8911 0.4537 -0.0076
vn -0.6392 0.7648 0.0804
vn -0.1588 0.9850 0.0669
vn -0.8730 0.3300 0.3592
vn -0.4272 0.9014 -0.0711
vn -0.4073 0.9059 0.1164
vn -0.8029 0.5843 -0.1182
vn -0.6038 0.6356 -0.4810
vn 0.3682 -0.8602 -0.3527
vn -0.7617 -0.2611 0.5930
vn 0.4184 -0.8944 -0.1583
vn 0.5982 -0.8008 -0.0302
vn 0.6343 0.5220 -0.5702
vn 0.9641 -0.0600 0.2587
vn 0.8568 0.0095 0.5156
vn 0.5702 0.1280 0.8115
vn 0.1003 -0.1085 0.9890
vn -0.2213 0.0837 0.9716
vt 0.000000 0.000000
s 1
f 1/1/1 2/1/2 3/1/3
f 735/1/4 758/1/5 734/1/6 726/1/7
f 1/1/1 3/1/3 5/1/8
f 413/1/9 415/1/10 408/1/11 407/1/12
f 5/1/8 3/1/3 6/1/13
f 124/1/14 130/1/15 125/1/16 118/1/17
f 6/1/13 3/1/3 8/1/18
f 130/1/15 136/1/19 131/1/20 125/1/16
f 122/1/21 128/1/22 124/1/14 117/1/23
f 129/1/24 130/1/15 124/1/14 128/1/22
f 105/1/25 123/1/26 122/1/21 117/1/23
f 693/1/27 694/1/28 686/1/29 692/1/30
f 8/1/18 3/1/3 15/1/31
f 136/1/19 160/1/32 137/1/33 131/1/20
f 277/1/34 313/1/35 285/1/36 278/1/37
f 44/1/38 45/1/39 17/1/40 37/1/41
f 122/1/21 123/1/26 104/1/42 116/1/43
f 6/1/13 9/1/44 7/1/45 5/1/8
f 104/1/42 123/1/26 95/1/46 96/1/47
f 106/1/48 56/1/49 97/1/50 105/1/25
f 158/1/51 160/1/32 136/1/19 152/1/52
f 166/1/53 168/1/54 137/1/33 160/1/32
f 16/1/55 25/1/56 24/1/57
f 15/1/31 3/1/3 26/1/58
f 73/1/59 85/1/60 80/1/61 57/1/62
f 968/1/63 969/1/64 947/1/65 965/1/66
f 2/1/2 28/1/67 3/1/3
f 832/1/68 839/1/69 831/1/70 825/1/71
f 713/1/72 743/1/73 741/1/74 721/1/75
f 24/1/57 25/1/56 30/1/76
f 165/1/77 167/1/78 158/1/51 157/1/79
f 25/1/56 33/1/80 30/1/76
f 815/1/81 871/1/82 868/1/83 849/1/84
f 26/1/58 3/1/3 34/1/85
f 28/1/67 35/1/86 3/1/3
f 149/1/87 151/1/88 143/1/89 142/1/90
f 175/1/91 191/1/92 196/1/93 195/1/94
f 732/1/95 739/1/96 733/1/97 724/1/98
f 165/1/77 191/1/92 175/1/91 167/1/78
f 175/1/91 181/1/99 176/1/100 167/1/78
f 176/1/100 177/1/101 174/1/102 173/1/103
f 30/1/76 33/1/80 40/1/104
f 34/1/85 3/1/3 41/1/105
f 68/1/106 59/1/107 45/1/39 44/1/38
f 35/1/86 43/1/108 3/1/3
f 142/1/90 143/1/89 121/1/109 115/1/110
f 115/1/110 121/1/109 116/1/43 110/1/111
f 176/1/100 182/1/112 89/1/113 177/1/101
f 40/1/104 47/1/114 46/1/115
f 41/1/105 3/1/3 48/1/116
f 43/1/108 49/1/117 3/1/3
f 42/1/118 43/1/108 35/1/86 27/1/119
f 50/1/120 88/1/121 51/1/122 42/1/118
f 686/1/29 694/1/28 690/1/123 684/1/124
f 487/1/125 493/1/126 486/1/127 479/1/128
f 47/1/114 54/1/129 46/1/115
f 287/1/130 293/1/131 230/1/132 292/1/133
f 48/1/116 3/1/3 55/1/134
f 27/1/119 35/1/86 28/1/67 22/1/135
f 49/1/117 56/1/49 3/1/3
f 87/1/136 88/1/121 50/1/120 80/1/61
f 635/1/137 650/1/138 628/1/139 627/1/140
f 113/1/141 115/1/110 110/1/111 109/1/142
f 751/1/143 758/1/5 757/1/144 753/1/145
f 705/1/146 756/1/147 714/1/148 706/1/149
f 776/1/150 781/1/151 737/1/152 731/1/153
f 77/1/154 83/1/155 82/1/156 76/1/157
f 55/1/134 3/1/3 64/1/158
f 95/1/46 97/1/50 51/1/122 88/1/121
f 114/1/159 155/1/160 113/1/141 109/1/142
f 109/1/142 110/1/111 103/1/161 102/1/162
f 102/1/162 103/1/161 94/1/163 93/1/164
f 148/1/165 142/1/90 115/1/110 113/1/141
f 175/1/91 195/1/94 188/1/166 181/1/99
f 188/1/166 194/1/167 62/1/168 181/1/99
f 63/1/169 70/1/170 62/1/168
f 526/1/171 527/1/172 522/1/173 521/1/174
f 64/1/158 3/1/3 71/1/175
f 93/1/164 94/1/163 86/1/176 92/1/177
f 59/1/107 60/1/178 53/1/179 45/1/39
f 68/1/106 75/1/180 74/1/181
f 59/1/107 81/1/182 66/1/183 60/1/178
f 70/1/170 76/1/157 62/1/168
f 71/1/175 70/1/170 63/1/169 64/1/158
f 71/1/175 3/1/3 77/1/154
f 101/1/184 120/1/185 102/1/162 93/1/164
f 92/1/177 100/1/186 101/1/184 93/1/164
f 86/1/176 87/1/136 80/1/61 85/1/60
f 54/1/129 63/1/169 62/1/168 46/1/115
f 72/1/187 79/1/188 73/1/59 65/1/189
f 77/1/154 3/1/3 83/1/155
f 85/1/60 91/1/190 92/1/177 86/1/176
f 114/1/159 161/1/191 162/1/192 155/1/160
f 103/1/161 104/1/42 96/1/47 94/1/163
f 83/1/155 3/1/3 89/1/113
f 48/1/116 55/1/134 54/1/129 47/1/114
f 839/1/69 869/1/193 840/1/194 831/1/70
f 126/1/195 161/1/191 114/1/159 120/1/185
f 987/1/196 1032/1/197 1033/1/198 988/1/199
f 399/1/200 401/1/201 395/1/202 394/1/203
f 65/1/189 73/1/59 57/1/62 58/1/204
f 21/1/205 52/1/206 27/1/119 22/1/135
f 21/1/205 58/1/204 57/1/62 52/1/206
f 802/1/207 809/1/208 803/1/209 793/1/210
f 98/1/211 100/1/186 92/1/177 91/1/190
f 849/1/84 850/1/212 841/1/213 807/1/214
f 316/1/215 317/1/216 146/1/217 311/1/218
f 66/1/183 295/1/219 90/1/220 84/1/221
f 61/1/222 65/1/189 58/1/204 19/1/223
f 399/1/200 407/1/12 408/1/11 401/1/201
f 21/1/205 22/1/135 13/1/224 20/1/225
f 607/1/226 653/1/227 616/1/228 608/1/229
f 56/1/49 106/1/48 3/1/3
f 108/1/230 127/1/231 101/1/184 100/1/186
f 98/1/211 133/1/232 108/1/230 100/1/186
f 645/1/233 666/1/234 660/1/235 653/1/227
f 485/1/236 491/1/237 470/1/238 477/1/239
f 60/1/178 67/1/240 61/1/222 53/1/179
f 53/1/179 61/1/222 19/1/223 18/1/241
f 4/1/242 13/1/224 2/1/2 1/1/1
f 106/1/48 111/1/243 3/1/3
f 194/1/167 216/1/244 215/1/245 69/1/246
f 66/1/183 84/1/221 67/1/240 60/1/178
f 71/1/175 77/1/154 76/1/157 70/1/170
f 866/1/247 871/1/82 815/1/81 822/1/248
f 111/1/243 118/1/17 3/1/3
f 5/1/8 7/1/45 4/1/242 1/1/1
f 251/1/249 272/1/250 258/1/251 252/1/252
f 132/1/253 405/1/254 126/1/195 127/1/231
f 45/1/39 53/1/179 18/1/241 17/1/40
f 24/1/57 23/1/255 14/1/256 16/1/55
f 17/1/40 18/1/241 10/1/257 11/1/258
f 117/1/23 124/1/14 118/1/17 111/1/243
f 118/1/17 125/1/16 3/1/3
f 830/1/259 833/1/260 838/1/261 837/1/262
f 67/1/240 84/1/221 78/1/263 72/1/187
f 90/1/220 112/1/264 78/1/263 84/1/221
f 12/1/265 37/1/41 17/1/40 11/1/258
f 604/1/266 594/1/267 593/1/268 603/1/269
f 512/1/270 532/1/271 527/1/172 526/1/171
f 125/1/16 131/1/20 3/1/3
f 119/1/272 139/1/273 107/1/274 112/1/264
f 800/1/275 814/1/276 791/1/277 792/1/278
f 107/1/274 139/1/273 134/1/279 133/1/232
f 90/1/220 302/1/280 119/1/272 112/1/264
f 14/1/256 23/1/255 12/1/265 9/1/44
f 131/1/20 137/1/33 3/1/3
f 7/1/45 11/1/258 10/1/257 4/1/242
f 146/1/217 317/1/216 153/1/281 145/1/282
f 119/1/272 147/1/283 140/1/284 139/1/273
f 134/1/279 141/1/285 138/1/286 135/1/287
f 403/1/288 405/1/254 132/1/253 398/1/289
f 728/1/290 720/1/291 711/1/292 718/1/293
f 140/1/284 147/1/283 146/1/217 145/1/282
f 144/1/294 392/1/295 138/1/286 141/1/285
f 397/1/296 398/1/289 138/1/286 392/1/295
f 244/1/297 253/1/298 251/1/249 252/1/252
f 31/1/299 32/1/300 24/1/57 30/1/76
f 68/1/106 44/1/38 36/1/301 75/1/180
f 29/1/302 37/1/41 12/1/265 23/1/255
f 390/1/303 396/1/304 397/1/296 392/1/295
f 387/1/305 390/1/303 392/1/295 144/1/294
f 397/1/296 404/1/306 403/1/288 398/1/289
f 412/1/307 405/1/254 403/1/288 411/1/308
f 74/1/181 81/1/182 59/1/107 68/1/106
f 148/1/165 156/1/309 150/1/310
f 24/1/57 32/1/300 29/1/302 23/1/255
f 468/1/311 487/1/125 479/1/128 469/1/312
f 29/1/302 32/1/300 38/1/313 36/1/301
f 291/1/314 295/1/219 66/1/183 81/1/182
f 283/1/315 291/1/314 81/1/182 74/1/181
f 275/1/316 74/1/181 75/1/180 269/1/317
f 246/1/318 248/1/319 226/1/320 240/1/321
f 31/1/299 232/1/322 38/1/313 32/1/300
f 158/1/51 152/1/52 151/1/88 157/1/79
f 160/1/32 158/1/51 166/1/53
f 352/1/323 362/1/324 359/1/325 344/1/326
f 158/1/51 167/1/78 166/1/53
f 137/1/33 168/1/54 3/1/3
f 300/1/327 301/1/328 295/1/219 291/1/314
f 734/1/6 758/1/5 751/1/143 750/1/329
f 238/1/330 245/1/331 75/1/180 36/1/301
f 150/1/310 172/1/332 171/1/333
f 166/1/53 167/1/78 173/1/103
f 26/1/58 34/1/85 33/1/80 25/1/56
f 168/1/54 174/1/102 3/1/3
f 94/1/163 96/1/47 87/1/136 86/1/176
f 695/1/334 722/1/335 701/1/336 691/1/337
f 920/1/338 954/1/339 943/1/340 924/1/341
f 167/1/78 176/1/100 173/1/103
f 3/1/3 177/1/101 89/1/113
f 3/1/3 174/1/102 177/1/101
f 149/1/87 178/1/342 159/1/343
f 293/1/131 279/1/344 288/1/345 211/1/346
f 274/1/347 275/1/316 269/1/317 268/1/348
f 209/1/349 273/1/350 271/1/351 266/1/352
f 176/1/100 181/1/99 182/1/112
f 182/1/112 181/1/99 82/1/156
f 108/1/230 135/1/287 132/1/253 127/1/231
f 237/1/353 238/1/330 38/1/313 232/1/322
f 274/1/347 290/1/354 282/1/355 275/1/316
f 268/1/348 299/1/356 294/1/357 274/1/347
f 294/1/357 309/1/358 290/1/354 274/1/347
f 771/1/359 776/1/150 731/1/153 730/1/360
f 343/1/361 344/1/326 359/1/325 338/1/362
f 531/1/363 536/1/364 530/1/365 525/1/366
f 835/1/367 836/1/368 845/1/369 844/1/370
f 308/1/371 309/1/358 294/1/357 307/1/372
f 185/1/373 163/1/374 192/1/375
f 312/1/376 319/1/377 305/1/378 283/1/315
f 163/1/374 193/1/379 192/1/375
f 226/1/320 227/1/380 39/1/381 222/1/382
f 226/1/320 248/1/319 231/1/383 227/1/380
f 270/1/384 278/1/37 264/1/385 265/1/386
f 259/1/387 262/1/388 237/1/353 256/1/389
f 192/1/375 193/1/379 199/1/390
f 364/1/391 371/1/392 367/1/393 366/1/394
f 427/1/395 428/1/396 423/1/397 422/1/398
f 303/1/399 299/1/356 259/1/387 296/1/400
f 303/1/399 307/1/372 294/1/357 299/1/356
f 458/1/401 459/1/402 453/1/403 452/1/404
f 315/1/405 290/1/354 309/1/358 314/1/406
f 308/1/371 329/1/407 314/1/406 309/1/358
f 199/1/390 207/1/408 206/1/409
f 199/1/390 193/1/379 207/1/408
f 935/1/410 936/1/411 929/1/412 930/1/413
f 254/1/414 260/1/415 259/1/387 256/1/389
f 640/1/416 665/1/417 666/1/234 645/1/233
f 203/1/418 211/1/346 202/1/419
f 285/1/36 313/1/35 308/1/371 307/1/372
f 204/1/420 225/1/421 211/1/346 203/1/418
f 357/1/422 373/1/423 375/1/424 374/1/425
f 208/1/426 216/1/244 194/1/167 188/1/166
f 408/1/11 409/1/427 402/1/428 401/1/201
f 10/1/257 20/1/225 13/1/224 4/1/242
f 320/1/429 346/1/430 323/1/431 329/1/407
f 170/1/432 214/1/433 193/1/379 163/1/374
f 286/1/434 267/1/435 260/1/415 261/1/436
f 867/1/437 870/1/438 864/1/439 861/1/440
f 323/1/431 330/1/441 324/1/442 318/1/443
f 200/1/444 208/1/426 188/1/166 195/1/94
f 325/1/445 334/1/446 333/1/447 326/1/448
f 208/1/426 229/1/449 224/1/450 216/1/244
f 196/1/93 218/1/451 200/1/444 195/1/94
f 320/1/429 329/1/407 308/1/371 313/1/35
f 996/1/452 1003/1/453 998/1/454 995/1/455
f 228/1/456 233/1/457 223/1/458 215/1/245
f 277/1/34 321/1/459 320/1/429 313/1/35
f 973/1/460 982/1/461 974/1/462 970/1/463
f 190/1/464 191/1/92 165/1/77 184/1/465
f 493/1/126 499/1/466 492/1/467 486/1/127
f 235/1/468 241/1/469 224/1/450 229/1/449
f 228/1/456 234/1/470 233/1/457
f 921/1/471 915/1/472 914/1/473 916/1/474
f 229/1/449 236/1/475 235/1/468
f 775/1/476 777/1/477 771/1/359 770/1/478
f 183/1/479 201/1/480 190/1/464 184/1/465
f 38/1/313 238/1/330 36/1/301
f 1023/1/481 1031/1/482 1027/1/483 1019/1/484
f 233/1/457 234/1/470 239/1/485
f 234/1/470 242/1/486 239/1/485
f 316/1/215 351/1/487 322/1/488 317/1/216
f 235/1/468 236/1/475 243/1/489
f 239/1/485 240/1/321 223/1/458 233/1/457
f 235/1/468 243/1/489 244/1/297
f 186/1/490 198/1/491 179/1/492 180/1/493
f 171/1/333 189/1/494 183/1/479 178/1/342
f 217/1/495 218/1/451 196/1/93 210/1/496
f 253/1/298 243/1/489 218/1/451 217/1/495
f 239/1/485 242/1/486 247/1/497
f 506/1/498 515/1/499 514/1/500 507/1/501
f 410/1/502 411/1/308 403/1/288 404/1/306
f 250/1/503 247/1/497 242/1/486 249/1/504
f 250/1/503 255/1/505 246/1/318 247/1/497
f 244/1/297 243/1/489 253/1/298
f 209/1/349 266/1/352 217/1/495 210/1/496
f 209/1/349 210/1/496 190/1/464 201/1/480
f 134/1/279 135/1/287 108/1/230 133/1/232
f 257/1/506 263/1/507 250/1/503 249/1/504
f 231/1/383 256/1/389 237/1/353 232/1/322
f 805/1/508 804/1/509 795/1/510 786/1/511
f 271/1/351 272/1/250 251/1/249 266/1/352
f 151/1/88 152/1/52 129/1/24 143/1/89
f 388/1/512 394/1/203 395/1/202 389/1/513
f 67/1/240 72/1/187 65/1/189 61/1/222
f 281/1/514 288/1/345 271/1/351 273/1/350
f 260/1/415 267/1/435 259/1/387
f 179/1/492 189/1/494 171/1/333 172/1/332
f 179/1/492 198/1/491 197/1/515 189/1/494
f 245/1/331 269/1/317 75/1/180
f 279/1/344 293/1/131 287/1/130 280/1/516
f 261/1/436 260/1/415 254/1/414 255/1/505
f 500/1/517 495/1/518 492/1/467 499/1/466
f 142/1/90 148/1/165 150/1/310 149/1/87
f 224/1/450 241/1/469 234/1/470 228/1/456
f 960/1/519 967/1/520 961/1/521 955/1/522
f 264/1/385 286/1/434 261/1/436 263/1/507
f 257/1/506 265/1/386 264/1/385 263/1/507
f 273/1/350 197/1/515 281/1/514
f 219/1/523 454/1/524 230/1/132 225/1/421
f 200/1/444 218/1/451 243/1/489 236/1/475
f 163/1/374 185/1/373 164/1/525 156/1/309
f 842/1/526 862/1/527 856/1/528 848/1/529
f 419/1/530 420/1/531 413/1/9 414/1/532
f 784/1/533 793/1/210 786/1/511 782/1/534
f 293/1/131 211/1/346 225/1/421 230/1/132
f 281/1/514 298/1/535 211/1/346 288/1/345
f 680/1/536 683/1/537 682/1/538 679/1/539
f 284/1/540 328/1/541 327/1/542 321/1/459
f 285/1/36 286/1/434 264/1/385 278/1/37
f 282/1/355 289/1/543 283/1/315
f 192/1/375 199/1/390 187/1/544 185/1/373
f 57/1/62 80/1/61 50/1/120 52/1/206
f 277/1/34 278/1/37 270/1/384 276/1/545
f 290/1/354 315/1/405 289/1/543 282/1/355
f 826/1/546 833/1/260 830/1/259 810/1/547
f 267/1/435 296/1/400 259/1/387
f 284/1/540 321/1/459 277/1/34 276/1/545
f 281/1/514 197/1/515 298/1/535
f 211/1/346 298/1/535 202/1/419
f 814/1/276 822/1/248 815/1/81 806/1/548
f 412/1/307 161/1/191 126/1/195 405/1/254
f 304/1/549 306/1/550 301/1/328 300/1/327
f 333/1/447 340/1/551 341/1/552 336/1/553
f 296/1/400 285/1/36 303/1/399
f 445/1/554 452/1/404 453/1/403 446/1/555
f 417/1/556 169/1/557 412/1/307 411/1/308
f 417/1/556 424/1/558 170/1/432 169/1/557
f 162/1/192 169/1/557 170/1/432 163/1/374
f 303/1/399 285/1/36 307/1/372
f 730/1/360 731/1/153 701/1/336 722/1/335
f 186/1/490 205/1/559 204/1/420 203/1/418
f 1010/1/560 1018/1/561 1011/1/562 1003/1/453
f 271/1/351 288/1/345 279/1/344 272/1/250
f 503/1/563 520/1/564 496/1/565 495/1/518
f 283/1/315 289/1/543 312/1/376
f 883/1/566 910/1/567 902/1/568 894/1/569
f 995/1/455 998/1/454 989/1/570 985/1/571
f 289/1/543 315/1/405 312/1/376
f 402/1/428 404/1/306 397/1/296 396/1/304
f 402/1/428 409/1/427 410/1/502 404/1/306
f 312/1/376 315/1/405 318/1/443
f 315/1/405 314/1/406 318/1/443
f 214/1/433 221/1/572 207/1/408 193/1/379
f 224/1/450 228/1/456 215/1/245 216/1/244
f 219/1/523 225/1/421 204/1/420 212/1/573
f 402/1/428 396/1/304 395/1/202 401/1/201
f 197/1/515 273/1/350 209/1/349 201/1/480
f 213/1/574 212/1/573 206/1/409 207/1/408
f 366/1/394 367/1/393 363/1/575 365/1/576
f 424/1/558 220/1/577 214/1/433 170/1/432
f 220/1/577 433/1/578 221/1/572 214/1/433
f 453/1/403 459/1/402 297/1/579 454/1/524
f 453/1/403 454/1/524 219/1/523 446/1/555
f 337/1/580 345/1/581 344/1/326 343/1/361
f 436/1/582 444/1/583 445/1/554 438/1/584
f 810/1/547 811/1/585 803/1/209 809/1/208
f 423/1/397 428/1/396 220/1/577 424/1/558
f 432/1/586 433/1/578 220/1/577 428/1/396
f 332/1/587 331/1/588 335/1/589
f 206/1/409 212/1/573 204/1/420 205/1/559
f 445/1/554 446/1/555 213/1/574 438/1/584
f 359/1/325 362/1/324 356/1/590 331/1/588
f 334/1/446 335/1/589 339/1/591
f 323/1/431 346/1/430 338/1/362 330/1/441
f 423/1/397 418/1/592 416/1/593 422/1/398
f 129/1/24 152/1/52 136/1/19 130/1/15
f 164/1/525 172/1/332 150/1/310 156/1/309
f 450/1/594 457/1/595 458/1/401 452/1/404
f 339/1/591 335/1/589 347/1/596
f 339/1/591 347/1/596 348/1/597
f 773/1/598 755/1/599 754/1/600 772/1/601
f 339/1/591 348/1/597 340/1/551
f 416/1/593 409/1/427 408/1/11 415/1/10
f 186/1/490 203/1/418 202/1/419 198/1/491
f 449/1/602 456/1/603 457/1/595 450/1/594
f 431/1/604 435/1/605 434/1/606 432/1/586
f 347/1/596 355/1/607 348/1/597
f 335/1/589 356/1/590 354/1/608
f 335/1/589 331/1/588 356/1/590
f 275/1/316 282/1/355 283/1/315 74/1/181
f 898/1/609 905/1/610 900/1/611 897/1/612
f 172/1/332 164/1/525 180/1/493 179/1/492
f 699/1/613 700/1/614 690/1/123 694/1/28
f 452/1/404 445/1/554 444/1/583 450/1/594
f 437/1/615 439/1/616 444/1/583 436/1/582
f 456/1/603 449/1/602 448/1/617 455/1/618
f 450/1/594 444/1/583 439/1/616 449/1/602
f 448/1/617 449/1/602 439/1/616 440/1/619
f 356/1/590 362/1/324 354/1/608
f 355/1/607 354/1/608 363/1/575
f 355/1/607 363/1/575 348/1/597
f 837/1/262 838/1/261 847/1/620 846/1/621
f 363/1/575 354/1/608 365/1/576
f 362/1/324 365/1/576 354/1/608
f 361/1/622 366/1/394 365/1/576
f 440/1/619 441/1/623 442/1/624 447/1/625
f 363/1/575 367/1/393 348/1/597
f 442/1/624 443/1/626 451/1/627 447/1/625
f 348/1/597 369/1/628 368/1/629
f 348/1/597 370/1/630 369/1/628
f 348/1/597 367/1/393 371/1/392
f 368/1/629 369/1/628 372/1/631
f 1004/1/632 1010/1/560 1003/1/453 996/1/452
f 314/1/406 329/1/407 323/1/431 318/1/443
f 406/1/633 414/1/532 413/1/9 407/1/12
f 370/1/630 376/1/634 369/1/628
f 369/1/628 376/1/634 377/1/635
f 369/1/628 377/1/635 372/1/631
f 393/1/636 400/1/637 399/1/200 394/1/203
f 645/1/233 653/1/227 607/1/226 610/1/638
f 393/1/636 394/1/203 388/1/512 391/1/639
f 381/1/640 385/1/641 384/1/642 382/1/643
f 388/1/512 389/1/513 384/1/642 385/1/641
f 386/1/644 391/1/639 388/1/512 385/1/641
f 140/1/284 145/1/282 144/1/294 141/1/285
f 539/1/645 547/1/646 546/1/647 542/1/648
f 384/1/642 387/1/305 153/1/281 382/1/643
f 390/1/303 387/1/305 384/1/642 389/1/513
f 416/1/593 418/1/592 410/1/502 409/1/427
f 381/1/640 382/1/643 322/1/488 379/1/649
f 322/1/488 382/1/643 153/1/281 317/1/216
f 138/1/286 398/1/289 132/1/253 135/1/287
f 140/1/284 141/1/285 134/1/279 139/1/273
f 358/1/650 379/1/649 322/1/488 351/1/487
f 918/1/651 910/1/567 892/1/652 917/1/653
f 544/1/654 549/1/655 543/1/656 536/1/364
f 79/1/188 99/1/657 98/1/211 91/1/190
f 302/1/280 154/1/658 147/1/283 119/1/272
f 505/1/659 522/1/173 515/1/499 506/1/498
f 375/1/424 378/1/660 358/1/650 374/1/425
f 374/1/425 358/1/650 351/1/487 349/1/661
f 349/1/661 351/1/487 316/1/215 342/1/662
f 380/1/663 383/1/664 381/1/640 379/1/649
f 310/1/665 311/1/218 154/1/658 306/1/550
f 301/1/328 306/1/550 154/1/658 302/1/280
f 231/1/383 232/1/322 31/1/299 227/1/380
f 357/1/422 374/1/425 349/1/661 350/1/666
f 298/1/535 197/1/515 198/1/491 202/1/419
f 341/1/552 342/1/662 310/1/665 336/1/553
f 480/1/667 498/1/668 488/1/669 481/1/670
f 39/1/381 227/1/380 31/1/299 30/1/76
f 304/1/549 336/1/553 310/1/665 306/1/550
f 396/1/304 390/1/303 389/1/513 395/1/202
f 372/1/631 373/1/423 357/1/422 368/1/629
f 348/1/597 350/1/666 341/1/552 340/1/551
f 348/1/597 368/1/629 357/1/422 350/1/666
f 333/1/447 336/1/553 304/1/549 326/1/448
f 190/1/464 210/1/496 196/1/93 191/1/92
f 454/1/524 297/1/579 292/1/133 230/1/132
f 419/1/530 425/1/671 420/1/531
f 420/1/531 425/1/671 421/1/672
f 419/1/530 426/1/673 425/1/671
f 422/1/398 421/1/672 427/1/395
f 339/1/591 340/1/551 333/1/447 334/1/446
f 425/1/671 429/1/674 421/1/672
f 425/1/671 430/1/675 429/1/674
f 425/1/671 426/1/673 430/1/675
f 427/1/395 421/1/672 431/1/604
f 427/1/395 431/1/604 432/1/586
f 427/1/395 432/1/586 428/1/396
f 517/1/676 524/1/677 519/1/678 510/1/679
f 888/1/680 898/1/609 897/1/612 887/1/681
f 431/1/604 421/1/672 435/1/605
f 331/1/588 332/1/587 324/1/442 330/1/441
f 432/1/586 436/1/582 433/1/578
f 432/1/586 434/1/606 437/1/615
f 432/1/586 437/1/615 436/1/582
f 434/1/606 439/1/616 437/1/615
f 434/1/606 440/1/619 439/1/616
f 434/1/606 435/1/605 441/1/623
f 434/1/606 441/1/623 440/1/619
f 435/1/605 421/1/672 441/1/623
f 421/1/672 442/1/624 441/1/623
f 421/1/672 443/1/626 442/1/624
f 338/1/362 359/1/325 331/1/588 330/1/441
f 680/1/536 679/1/539 675/1/682 669/1/683
f 684/1/124 687/1/684 685/1/685 686/1/29
f 440/1/619 447/1/625 448/1/617
f 567/1/686 568/1/686 566/1/687 551/1/688
f 943/1/340 937/1/689 909/1/690 924/1/341
f 589/1/691 597/1/692 593/1/268 587/1/693
f 364/1/391 366/1/394 361/1/622 360/1/694
f 187/1/544 205/1/559 186/1/490 180/1/493
f 597/1/692 624/1/695 603/1/269 593/1/268
f 338/1/362 346/1/430 327/1/542 343/1/361
f 223/1/458 240/1/321 226/1/320 222/1/382
f 361/1/622 365/1/576 362/1/324 352/1/323
f 354/1/608 355/1/607 347/1/596 335/1/589
f 337/1/580 343/1/361 327/1/542 328/1/541
f 151/1/88 149/1/87 159/1/343 157/1/79
f 782/1/534 785/1/696 783/1/697 784/1/533
f 532/1/271 539/1/645 540/1/698 533/1/699
f 481/1/670 472/1/700 471/1/701 480/1/667
f 782/1/534 787/1/702 788/1/703 785/1/696
f 783/1/697 790/1/704 789/1/705 784/1/533
f 789/1/705 802/1/207 793/1/210 784/1/533
f 791/1/277 797/1/706 790/1/704 783/1/697
f 792/1/278 791/1/277 783/1/697 785/1/696
f 794/1/707 792/1/278 785/1/696 788/1/703
f 465/1/708 466/1/709 473/1/710
f 466/1/709 472/1/700 473/1/710
f 465/1/708 473/1/710 474/1/711
f 858/1/712 859/1/713 865/1/714 860/1/715
f 423/1/397 424/1/558 417/1/556 418/1/592
f 798/1/716 799/1/717 790/1/704 797/1/706
f 799/1/717 832/1/68 789/1/705 790/1/704
f 483/1/718 531/1/363 525/1/366 475/1/719
f 801/1/720 800/1/275 792/1/278 794/1/707
f 472/1/700 481/1/670 473/1/710
f 474/1/711 473/1/710 482/1/721
f 858/1/712 853/1/722 851/1/723 852/1/724
f 807/1/214 841/1/213 799/1/717 798/1/716
f 451/1/627 455/1/618 448/1/617 447/1/625
f 791/1/277 814/1/276 806/1/548 797/1/706
f 841/1/213 839/1/69 832/1/68 799/1/717
f 808/1/725 817/1/726 800/1/275 801/1/720
f 481/1/670 488/1/669 473/1/710
f 410/1/502 418/1/592 417/1/556 411/1/308
f 494/1/727 487/1/125 468/1/311 476/1/728
f 250/1/503 263/1/507 261/1/436 255/1/505
f 869/1/193 839/1/69 841/1/213 850/1/212
f 789/1/705 832/1/68 825/1/71 802/1/207
f 982/1/461 992/1/729 991/1/730 984/1/731
f 815/1/81 849/1/84 807/1/214 806/1/548
f 817/1/726 822/1/248 814/1/276 800/1/275
f 862/1/527 869/1/193 850/1/212 863/1/732
f 95/1/46 123/1/26 105/1/25 97/1/50
f 217/1/495 266/1/352 251/1/249 253/1/298
f 840/1/194 869/1/193 862/1/527 842/1/526
f 868/1/83 867/1/437 861/1/440 863/1/732
f 863/1/732 861/1/440 856/1/528 862/1/527
f 183/1/479 184/1/465 159/1/343 178/1/342
f 824/1/733 866/1/247 822/1/248 817/1/726
f 816/1/734 824/1/733 817/1/726 808/1/725
f 488/1/669 507/1/501 473/1/710
f 660/1/235 672/1/735 667/1/736 661/1/737
f 842/1/526 838/1/261 833/1/260 840/1/194
f 19/1/223 58/1/204 21/1/205 20/1/225
f 825/1/71 831/1/70 826/1/546 818/1/738
f 511/1/739 547/1/646 512/1/270 504/1/740
f 848/1/529 856/1/528 857/1/741 855/1/742
f 823/1/743 860/1/715 824/1/733 816/1/734
f 507/1/501 514/1/500 473/1/710
f 866/1/247 824/1/733 860/1/715 865/1/714
f 69/1/246 222/1/382 39/1/381 46/1/115
f 928/1/744 917/1/653 923/1/745 927/1/746
f 469/1/312 477/1/239 470/1/238 462/1/747
f 770/1/478 771/1/359 730/1/360 764/1/748
f 818/1/738 826/1/546 810/1/547 809/1/208
f 806/1/548 807/1/214 798/1/716 797/1/706
f 865/1/714 870/1/438 871/1/82 866/1/247
f 853/1/722 858/1/712 860/1/715 823/1/743
f 514/1/500 523/1/749 473/1/710
f 660/1/235 661/1/737 616/1/228 653/1/227
f 811/1/585 813/1/750 805/1/508 803/1/209
f 991/1/730 1055/1/751 1049/1/752 993/1/753
f 864/1/439 870/1/438 865/1/714 859/1/713
f 545/1/754 546/1/647 547/1/646 511/1/739
f 857/1/741 864/1/439 859/1/713 854/1/755
f 471/1/701 463/1/756 462/1/747 470/1/238
f 852/1/724 851/1/723 843/1/757 844/1/370
f 523/1/749 529/1/758 473/1/710
f 821/1/759 820/1/760 813/1/750 811/1/585
f 804/1/509 805/1/508 813/1/750 812/1/761
f 301/1/328 302/1/280 90/1/220 295/1/219
f 763/1/762 764/1/748 714/1/148 756/1/147
f 529/1/758 534/1/763 473/1/710
f 185/1/373 187/1/544 180/1/493 164/1/525
f 497/1/764 505/1/659 506/1/498 498/1/668
f 812/1/761 813/1/750 820/1/760 819/1/765
f 482/1/721 473/1/710 538/1/766
f 854/1/755 845/1/369 855/1/742 857/1/741
f 844/1/370 845/1/369 854/1/755 852/1/724
f 534/1/763 541/1/767 473/1/710
f 721/1/75 726/1/7 717/1/768 712/1/769
f 837/1/262 846/1/621 836/1/368 829/1/770
f 836/1/368 835/1/367 828/1/771 829/1/770
f 819/1/765 820/1/760 828/1/771 827/1/772
f 538/1/766 473/1/710 544/1/654
f 743/1/73 749/1/773 748/1/774 741/1/74
f 846/1/621 855/1/742 845/1/369 836/1/368
f 847/1/620 848/1/529 855/1/742 846/1/621
f 803/1/209 805/1/508 786/1/511 793/1/210
f 544/1/654 473/1/710 549/1/655
f 827/1/772 828/1/771 835/1/367 834/1/775
f 541/1/767 549/1/655 473/1/710
f 550/1/776 551/1/688 552/1/777
f 550/1/776 553/1/778 551/1/688
f 552/1/777 551/1/688 554/1/779
f 553/1/778 555/1/780 551/1/688
f 554/1/779 551/1/688 556/1/781
f 556/1/781 551/1/688 557/1/782
f 557/1/782 551/1/688 558/1/783
f 558/1/783 551/1/688 559/1/784
f 559/1/784 551/1/688 560/1/785
f 560/1/785 551/1/688 561/1/786
f 561/1/786 551/1/688 562/1/787
f 562/1/787 551/1/688 563/1/788
f 563/1/788 551/1/688 564/1/789
f 564/1/789 551/1/688 565/1/790
f 565/1/790 551/1/688 566/1/687
f 570/1/791 568/1/686 567/1/686 569/1/792
f 436/1/582 438/1/584 221/1/572 433/1/578
f 570/1/791 569/1/792 571/1/793
f 571/1/793 569/1/792 572/1/794
f 572/1/794 569/1/792 573/1/795
f 573/1/795 569/1/792 574/1/796
f 574/1/796 569/1/792 575/1/797
f 575/1/797 569/1/792 576/1/798
f 576/1/798 569/1/792 577/1/799
f 577/1/799 569/1/792 578/1/800
f 578/1/800 569/1/792 579/1/801
f 579/1/801 569/1/792 580/1/802
f 580/1/802 569/1/792 581/1/803
f 581/1/803 569/1/792 582/1/804
f 582/1/804 569/1/792 583/1/805
f 583/1/805 569/1/792 584/1/806
f 569/1/792 585/1/807 584/1/806
f 599/1/808 617/1/809 609/1/810 600/1/811
f 468/1/311 469/1/312 462/1/747 461/1/812
f 591/1/813 613/1/814 622/1/815 621/1/816
f 904/1/817 919/1/818 911/1/819 885/1/820
f 882/1/821 883/1/566 875/1/822 874/1/823
f 606/1/824 614/1/825 611/1/826 601/1/827
f 887/1/681 891/1/828 881/1/829 880/1/830
f 34/1/85 41/1/105 40/1/104 33/1/80
f 885/1/820 911/1/819 877/1/831 876/1/832
f 886/1/833 885/1/820 876/1/832 884/1/834
f 878/1/835 888/1/680 887/1/681 880/1/830
f 663/1/836 657/1/837 642/1/838 637/1/839
f 877/1/831 878/1/835 872/1/840 876/1/832
f 892/1/652 910/1/567 883/1/566 882/1/821
f 890/1/841 892/1/652 882/1/821 879/1/842
f 889/1/843 890/1/841 879/1/842 881/1/829
f 891/1/828 901/1/844 889/1/843 881/1/829
f 62/1/168 194/1/167 69/1/246 46/1/115
f 896/1/845 904/1/817 885/1/820 886/1/833
f 494/1/727 517/1/676 510/1/679 501/1/846
f 874/1/823 875/1/822 872/1/840 873/1/847
f 897/1/612 900/1/611 891/1/828 887/1/681
f 676/1/848 680/1/536 669/1/683 662/1/849
f 943/1/340 958/1/850 953/1/851 937/1/689
f 900/1/611 909/1/690 901/1/844 891/1/828
f 406/1/633 407/1/12 399/1/200 400/1/637
f 902/1/568 944/1/852 893/1/853 894/1/569
f 903/1/854 904/1/817 896/1/845 895/1/855
f 906/1/856 912/1/857 905/1/610 898/1/609
f 936/1/411 942/1/858 934/1/859 927/1/746
f 877/1/831 911/1/819 908/1/860 899/1/861
f 721/1/75 741/1/74 735/1/4 726/1/7
f 873/1/847 880/1/830 881/1/829 879/1/842
f 662/1/849 669/1/683 652/1/862 654/1/863
f 899/1/861 908/1/860 907/1/864 906/1/856
f 911/1/819 919/1/818 916/1/474 908/1/860
f 922/1/865 921/1/471 916/1/474 919/1/818
f 918/1/651 941/1/866 902/1/568 910/1/567
f 883/1/566 894/1/569 884/1/834 875/1/822
f 890/1/841 923/1/745 917/1/653 892/1/652
f 633/1/867 639/1/868 634/1/869 626/1/870
f 957/1/871 960/1/519 925/1/872 931/1/873
f 920/1/338 924/1/341 905/1/610 912/1/857
f 913/1/874 939/1/875 920/1/338 912/1/857
f 955/1/522 961/1/521 962/1/876 950/1/877
f 345/1/581 353/1/878 352/1/323 344/1/326
f 889/1/843 929/1/412 923/1/745 890/1/841
f 669/1/683 675/1/682 651/1/879 652/1/862
f 651/1/879 659/1/880 639/1/868 644/1/881
f 713/1/72 721/1/75 712/1/769 704/1/882
f 930/1/413 929/1/412 889/1/843 901/1/844
f 1062/1/883 1065/1/884 1049/1/752 1055/1/751
f 893/1/853 944/1/852 938/1/885 895/1/855
f 619/1/886 641/1/887 635/1/137 627/1/140
f 905/1/610 924/1/341 909/1/690 900/1/611
f 254/1/414 256/1/389 231/1/383 248/1/319
f 618/1/888 610/1/638 609/1/810 617/1/809
f 664/1/889 682/1/538 677/1/890 665/1/417
f 926/1/891 955/1/522 950/1/877 932/1/892
f 932/1/892 950/1/877 945/1/893 939/1/875
f 515/1/499 528/1/894 523/1/749 514/1/500
f 735/1/4 741/1/74 748/1/774 765/1/895
f 953/1/851 958/1/850 948/1/896 935/1/410
f 305/1/378 326/1/448 304/1/549 300/1/327
f 925/1/872 960/1/519 955/1/522 926/1/891
f 941/1/866 946/1/897 944/1/852 902/1/568
f 946/1/897 952/1/898 938/1/885 944/1/852
f 945/1/893 966/1/899 959/1/900 954/1/339
f 619/1/886 627/1/140 620/1/901 612/1/902
f 929/1/412 936/1/411 927/1/746 923/1/745
f 677/1/890 682/1/538 683/1/537 678/1/903
f 925/1/872 926/1/891 921/1/471 922/1/865
f 952/1/898 957/1/871 931/1/873 938/1/885
f 513/1/904 521/1/174 522/1/173 505/1/659
f 940/1/905 951/1/906 946/1/897 941/1/866
f 928/1/744 933/1/907 918/1/651 917/1/653
f 962/1/876 966/1/899 945/1/893 950/1/877
f 879/1/842 882/1/821 874/1/823 873/1/847
f 221/1/572 438/1/584 213/1/574 207/1/408
f 778/1/908 769/1/909 763/1/762 762/1/910
f 934/1/859 933/1/907 928/1/744 927/1/746
f 949/1/911 964/1/912 951/1/906 940/1/905
f 949/1/911 940/1/905 933/1/907 934/1/859
f 199/1/390 206/1/409 205/1/559 187/1/544
f 966/1/899 968/1/63 965/1/66 959/1/900
f 678/1/903 674/1/913 667/1/736 672/1/735
f 963/1/914 967/1/520 960/1/519 957/1/871
f 964/1/912 963/1/914 956/1/915 951/1/906
f 630/1/916 633/1/867 626/1/870 625/1/917
f 968/1/63 966/1/899 962/1/876 961/1/521
f 947/1/65 969/1/64 964/1/912 949/1/911
f 947/1/65 949/1/911 934/1/859 942/1/858
f 498/1/668 506/1/498 507/1/501 488/1/669
f 877/1/831 899/1/861 888/1/680 878/1/835
f 969/1/64 967/1/520 963/1/914 964/1/912
f 969/1/64 968/1/63 961/1/521 967/1/520
f 972/1/918 973/1/460 970/1/463 971/1/919
f 1060/1/920 1067/1/921 1053/1/922 1054/1/923
f 767/1/924 774/1/925 777/1/477 775/1/476
f 976/1/926 978/1/927 971/1/919 970/1/463
f 285/1/36 296/1/400 267/1/435 286/1/434
f 325/1/445 332/1/587 335/1/589 334/1/446
f 979/1/928 977/1/929 971/1/919 978/1/927
f 981/1/930 992/1/729 982/1/461 973/1/460
f 983/1/931 1009/1/932 975/1/933 974/1/462
f 121/1/109 128/1/22 122/1/21 116/1/43
f 976/1/926 986/1/934 985/1/571 978/1/927
f 940/1/905 941/1/866 918/1/651 933/1/907
f 975/1/933 997/1/935 986/1/934 976/1/926
f 990/1/936 1008/1/937 981/1/930 980/1/938
f 988/1/199 990/1/936 980/1/938 977/1/929
f 987/1/196 988/1/199 977/1/929 979/1/928
f 989/1/570 999/1/939 987/1/196 979/1/928
f 913/1/874 912/1/857 906/1/856 907/1/864
f 1006/1/940 1022/1/941 1013/1/942 1005/1/943
f 753/1/145 752/1/944 745/1/945 751/1/143
f 714/1/148 764/1/748 730/1/360 722/1/335
f 324/1/442 332/1/587 325/1/445 319/1/377
f 997/1/935 1004/1/632 996/1/452 986/1/934
f 668/1/946 670/1/947 632/1/948 631/1/949
f 998/1/454 1007/1/950 999/1/939 989/1/570
f 1000/1/951 1055/1/751 991/1/730 992/1/729
f 981/1/930 1008/1/937 1000/1/951 992/1/729
f 773/1/598 778/1/908 762/1/910 755/1/599
f 200/1/444 236/1/475 229/1/449 208/1/426
f 1051/1/952 1057/1/953 1058/1/954 1054/1/923
f 767/1/924 766/1/955 760/1/956 761/1/957
f 1003/1/453 1011/1/562 1007/1/950 998/1/454
f 1036/1/958 1037/1/959 1032/1/197 1024/1/960
f 1012/1/961 1020/1/962 1018/1/561 1010/1/560
f 1012/1/961 1010/1/560 1004/1/632 1005/1/943
f 997/1/935 1006/1/940 1005/1/943 1004/1/632
f 1002/1/963 1030/1/964 1009/1/932 983/1/931
f 1022/1/941 1030/1/964 1028/1/965 1021/1/966
f 990/1/936 1039/1/967 1017/1/968 1008/1/937
f 1017/1/968 1061/1/969 1000/1/951 1008/1/937
f 1039/1/967 990/1/936 988/1/199 1033/1/198
f 1021/1/966 1028/1/965 1029/1/970 1023/1/481
f 1001/1/971 1043/1/972 1029/1/970 1028/1/965
f 78/1/263 99/1/657 79/1/188 72/1/187
f 1018/1/561 1026/1/973 1015/1/974 1011/1/562
f 1015/1/974 1016/1/975 1007/1/950 1011/1/562
f 765/1/895 748/1/774 749/1/773 768/1/976
f 1013/1/942 1022/1/941 1021/1/966 1014/1/977
f 703/1/978 693/1/27 692/1/30 702/1/979
f 479/1/128 486/1/127 484/1/980 478/1/981
f 740/1/982 747/1/983 708/1/984 716/1/985
f 993/1/753 1049/1/752 1043/1/972 1001/1/971
f 1016/1/975 1024/1/960 999/1/939 1007/1/950
f 1024/1/960 1032/1/197 987/1/196 999/1/939
f 1019/1/484 1027/1/483 1025/1/986 1020/1/962
f 1014/1/977 1021/1/966 1023/1/481 1019/1/484
f 1029/1/970 1056/1/987 1031/1/482 1023/1/481
f 133/1/232 98/1/211 99/1/657 107/1/274
f 1042/1/988 1036/1/958 1024/1/960 1016/1/975
f 985/1/571 989/1/570 979/1/928 978/1/927
f 412/1/307 169/1/557 162/1/192 161/1/191
f 1025/1/986 1026/1/973 1018/1/561 1020/1/962
f 1031/1/482 1050/1/989 1045/1/990 1027/1/483
f 1027/1/483 1045/1/990 1040/1/991 1025/1/986
f 703/1/978 713/1/72 704/1/882 693/1/27
f 1025/1/986 1040/1/991 1034/1/992 1026/1/973
f 954/1/339 959/1/900 958/1/850 943/1/340
f 729/1/993 732/1/95 724/1/98 723/1/994
f 994/1/995 1002/1/963 983/1/931 984/1/731
f 1040/1/991 1046/1/996 1041/1/997 1034/1/992
f 246/1/318 255/1/505 254/1/414 248/1/319
f 467/1/998 476/1/728 468/1/311 461/1/812
f 1062/1/883 1055/1/751 1000/1/951 1061/1/969
f 1035/1/999 1042/1/988 1016/1/975 1015/1/974
f 1041/1/997 1047/1/1000 1035/1/999 1034/1/992
f 1061/1/969 1067/1/921 1060/1/920 1062/1/883
f 1046/1/996 1051/1/952 1048/1/1001 1041/1/997
f 1042/1/988 1035/1/999 1047/1/1000 1036/1/958
f 87/1/136 96/1/47 95/1/46 88/1/121
f 1059/1/1002 1065/1/884 1062/1/883 1060/1/920
f 1017/1/968 1066/1/1003 1067/1/921 1061/1/969
f 79/1/188 91/1/190 85/1/60 73/1/59
f 1064/1/1004 1066/1/1003 1017/1/968 1039/1/967
f 1050/1/989 1057/1/953 1051/1/952 1046/1/996
f 1056/1/987 1063/1/1005 1058/1/954 1057/1/953
f 1047/1/1000 1044/1/1006 1037/1/959 1036/1/958
f 710/1/1007 718/1/293 711/1/292 700/1/614
f 1053/1/922 1067/1/921 1066/1/1003 1052/1/1008
f 1064/1/1004 1039/1/967 1033/1/198 1038/1/1009
f 1048/1/1001 1053/1/922 1052/1/1008 1044/1/1006
f 977/1/929 980/1/938 972/1/918 971/1/919
f 1063/1/1005 1065/1/884 1059/1/1002 1058/1/954
f 69/1/246 215/1/245 223/1/458 222/1/382
f 1048/1/1001 1051/1/952 1054/1/923 1053/1/922
f 1032/1/197 1037/1/959 1038/1/1009 1033/1/198
f 1044/1/1006 1052/1/1008 1038/1/1009 1037/1/959
f 852/1/724 854/1/755 859/1/713 858/1/712
f 464/1/1010 467/1/998 461/1/812 460/1/1011
f 465/1/708 474/1/711 464/1/1010 460/1/1011
f 786/1/511 795/1/510 787/1/702 782/1/534
f 674/1/913 673/1/1012 668/1/946 667/1/736
f 861/1/440 864/1/439 857/1/741 856/1/528
f 237/1/353 262/1/388 245/1/331 238/1/330
f 279/1/344 280/1/516 258/1/251 272/1/250
f 197/1/515 201/1/480 183/1/479 189/1/494
f 787/1/702 796/1/1013 788/1/703
f 787/1/702 795/1/510 796/1/1013
f 788/1/703 796/1/1013 794/1/707
f 867/1/437 868/1/83 871/1/82 870/1/438
f 40/1/104 46/1/115 39/1/381 30/1/76
f 470/1/238 491/1/237 480/1/667 471/1/701
f 543/1/656 549/1/655 541/1/767 548/1/1014
f 794/1/707 796/1/1013 801/1/720
f 475/1/719 524/1/677 476/1/728 467/1/998
f 464/1/1010 483/1/718 475/1/719 467/1/998
f 795/1/510 804/1/509 796/1/1013
f 474/1/711 482/1/721 483/1/718 464/1/1010
f 512/1/270 547/1/646 539/1/645 532/1/271
f 478/1/981 484/1/980 485/1/236 477/1/239
f 838/1/261 842/1/526 848/1/529 847/1/620
f 801/1/720 796/1/1013 808/1/725
f 239/1/485 247/1/497 246/1/318 240/1/321
f 475/1/719 525/1/366 519/1/678 524/1/677
f 154/1/658 311/1/218 146/1/217 147/1/283
f 804/1/509 812/1/761 796/1/1013
f 110/1/111 116/1/43 104/1/42 103/1/161
f 490/1/1015 497/1/764 491/1/237 485/1/236
f 484/1/980 489/1/1016 490/1/1015 485/1/236
f 808/1/725 796/1/1013 816/1/734
f 341/1/552 350/1/666 349/1/661 342/1/662
f 829/1/770 828/1/771 820/1/760 821/1/759
f 82/1/156 181/1/99 62/1/168 76/1/157
f 476/1/728 524/1/677 517/1/676 494/1/727
f 812/1/761 819/1/765 796/1/1013
f 831/1/70 840/1/194 833/1/260 826/1/546
f 498/1/668 480/1/667 491/1/237 497/1/764
f 816/1/734 796/1/1013 823/1/743
f 466/1/709 465/1/708 460/1/1011 463/1/756
f 1019/1/484 1020/1/962 1012/1/961 1014/1/977
f 714/1/148 722/1/335 695/1/334 706/1/149
f 915/1/472 913/1/874 907/1/864 914/1/473
f 819/1/765 827/1/772 796/1/1013
f 538/1/766 544/1/654 536/1/364 531/1/363
f 536/1/364 543/1/656 535/1/1017 530/1/365
f 525/1/366 530/1/365 518/1/1018 519/1/678
f 535/1/1017 537/1/1019 518/1/1018 530/1/365
f 510/1/679 519/1/678 518/1/1018 509/1/1020
f 493/1/126 487/1/125 494/1/727 501/1/846
f 501/1/846 510/1/679 509/1/1020 502/1/1021
f 827/1/772 834/1/775 796/1/1013
f 482/1/721 538/1/766 531/1/363 483/1/718
f 268/1/348 269/1/317 245/1/331 262/1/388
f 166/1/53 173/1/103 174/1/102 168/1/54
f 518/1/1018 537/1/1019 516/1/1022 509/1/1020
f 502/1/1021 499/1/466 493/1/126 501/1/846
f 51/1/122 97/1/50 56/1/49 49/1/117
f 8/1/18 14/1/256 9/1/44 6/1/13
f 834/1/775 843/1/757 796/1/1013
f 540/1/698 548/1/1014 541/1/767 534/1/763
f 540/1/698 539/1/645 542/1/648 548/1/1014
f 810/1/547 830/1/259 821/1/759 811/1/585
f 537/1/1019 546/1/647 545/1/754 516/1/1022
f 516/1/1022 545/1/754 511/1/739 508/1/1023
f 486/1/127 492/1/467 489/1/1016 484/1/980
f 22/1/135 28/1/67 2/1/2 13/1/224
f 843/1/757 851/1/723 796/1/1013
f 533/1/699 540/1/698 534/1/763 529/1/758
f 796/1/1013 853/1/722 823/1/743
f 796/1/1013 851/1/723 853/1/722
f 462/1/747 463/1/756 460/1/1011 461/1/812
f 469/1/312 479/1/128 478/1/981 477/1/239
f 508/1/1023 511/1/739 504/1/740 500/1/517
f 542/1/648 546/1/647 537/1/1019 535/1/1017
f 386/1/644 385/1/641 381/1/640 383/1/664
f 528/1/894 533/1/699 529/1/758 523/1/749
f 19/1/223 20/1/225 10/1/257 18/1/241
f 527/1/172 532/1/271 533/1/699 528/1/894
f 696/1/1024 706/1/149 695/1/334 687/1/684
f 512/1/270 526/1/171 503/1/563 504/1/740
f 121/1/109 143/1/89 129/1/24 128/1/22
f 55/1/134 64/1/158 63/1/169 54/1/129
f 495/1/518 496/1/565 489/1/1016 492/1/467
f 78/1/263 112/1/264 107/1/274 99/1/657
f 522/1/173 527/1/172 528/1/894 515/1/499
f 310/1/665 342/1/662 316/1/215 311/1/218
f 490/1/1015 513/1/904 505/1/659 497/1/764
f 543/1/656 548/1/1014 542/1/648 535/1/1017
f 526/1/171 521/1/174 520/1/564 503/1/563
f 980/1/938 981/1/930 973/1/460 972/1/918
f 496/1/565 513/1/904 490/1/1015 489/1/1016
f 520/1/564 521/1/174 513/1/904 496/1/565
f 113/1/141 155/1/160 156/1/309 148/1/165
f 586/1/1025 589/1/691 587/1/693 588/1/1026
f 590/1/1027 598/1/1028 589/1/691 586/1/1025
f 586/1/1025 592/1/1029 591/1/813 590/1/1027
f 588/1/1026 596/1/1030 592/1/1029 586/1/1025
f 587/1/693 593/1/268 594/1/267 588/1/1026
f 595/1/1031 596/1/1030 588/1/1026 594/1/267
f 413/1/9 420/1/531 421/1/672 415/1/10
f 598/1/1028 608/1/229 597/1/692 589/1/691
f 948/1/896 965/1/66 947/1/65 942/1/858
f 875/1/822 884/1/834 876/1/832 872/1/840
f 595/1/1031 606/1/824 601/1/827 596/1/1030
f 878/1/835 880/1/830 873/1/847 872/1/840
f 602/1/1032 613/1/814 591/1/813 592/1/1029
f 643/1/1033 615/1/1034 605/1/1035 642/1/838
f 615/1/1034 623/1/1036 614/1/825 606/1/824
f 605/1/1035 595/1/1031 594/1/267 604/1/266
f 325/1/445 326/1/448 305/1/378 319/1/377
f 607/1/226 608/1/229 598/1/1028 600/1/811
f 600/1/811 609/1/810 610/1/638 607/1/226
f 678/1/903 672/1/735 671/1/1037 677/1/890
f 611/1/826 612/1/902 602/1/1032 601/1/827
f 935/1/410 930/1/413 937/1/689 953/1/851
f 612/1/902 620/1/901 613/1/814 602/1/1032
f 614/1/825 619/1/886 612/1/902 611/1/826
f 632/1/948 637/1/839 604/1/266 603/1/269
f 616/1/228 624/1/695 597/1/692 608/1/229
f 12/1/265 11/1/258 7/1/45 9/1/44
f 956/1/915 963/1/914 957/1/871 952/1/898
f 689/1/1038 719/1/1039 697/1/1040 688/1/1041
f 899/1/861 906/1/856 898/1/609 888/1/680
f 591/1/813 621/1/816 599/1/808 590/1/1027
f 623/1/1036 641/1/887 619/1/886 614/1/825
f 621/1/816 625/1/917 617/1/809 599/1/808
f 628/1/139 629/1/1042 620/1/901 627/1/140
f 622/1/815 629/1/1042 636/1/1043 630/1/916
f 636/1/1043 629/1/1042 628/1/139 638/1/1044
f 509/1/1020 516/1/1022 508/1/1023 502/1/1021
f 901/1/844 909/1/690 937/1/689 930/1/413
f 631/1/949 632/1/948 603/1/269 624/1/695
f 502/1/1021 508/1/1023 500/1/517 499/1/466
f 945/1/893 954/1/339 920/1/338 939/1/875
f 884/1/834 894/1/569 893/1/853 886/1/833
f 636/1/1043 638/1/1044 633/1/867 630/1/916
f 105/1/25 117/1/23 111/1/243 106/1/48
f 617/1/809 625/1/917 626/1/870 618/1/888
f 605/1/1035 615/1/1034 606/1/824 595/1/1031
f 634/1/869 640/1/416 618/1/888 626/1/870
f 659/1/880 664/1/889 634/1/869 639/1/868
f 638/1/1044 644/1/881 639/1/868 633/1/867
f 670/1/947 663/1/836 637/1/839 632/1/948
f 259/1/387 299/1/356 268/1/348 262/1/388
f 727/1/1045 728/1/290 718/1/293 725/1/1046
f 640/1/416 645/1/233 610/1/638 618/1/888
f 628/1/139 650/1/138 644/1/881 638/1/1044
f 213/1/574 446/1/555 219/1/523 212/1/573
f 318/1/443 324/1/442 319/1/377 312/1/376
f 642/1/838 657/1/837 649/1/1047 643/1/1033
f 615/1/1034 643/1/1033 647/1/1048 623/1/1036
f 101/1/184 127/1/231 126/1/195 120/1/185
f 667/1/736 668/1/946 631/1/949 661/1/737
f 658/1/1049 656/1/1050 649/1/1047 657/1/837
f 663/1/836 673/1/1012 658/1/1049 657/1/837
f 623/1/1036 647/1/1048 646/1/1051 641/1/887
f 646/1/1051 654/1/863 635/1/137 641/1/887
f 635/1/137 654/1/863 652/1/862 650/1/138
f 932/1/892 939/1/875 913/1/874 915/1/472
f 300/1/327 291/1/314 283/1/315 305/1/378
f 504/1/740 503/1/563 495/1/518 500/1/517
f 644/1/881 650/1/138 652/1/862 651/1/879
f 673/1/1012 674/1/913 681/1/1052 658/1/1049
f 681/1/1052 676/1/848 656/1/1050 658/1/1049
f 958/1/850 959/1/900 965/1/66 948/1/896
f 895/1/855 938/1/885 931/1/873 903/1/854
f 629/1/1042 622/1/815 613/1/814 620/1/901
f 666/1/234 671/1/1037 672/1/735 660/1/235
f 926/1/891 932/1/892 915/1/472 921/1/471
f 673/1/1012 663/1/836 670/1/947 668/1/946
f 643/1/1033 649/1/1047 648/1/1053 647/1/1048
f 637/1/839 642/1/838 605/1/1035 604/1/266
f 665/1/417 677/1/890 671/1/1037 666/1/234
f 665/1/417 640/1/416 634/1/869 664/1/889
f 647/1/1048 648/1/1053 655/1/1054 646/1/1051
f 646/1/1051 655/1/1054 662/1/849 654/1/863
f 27/1/119 52/1/206 50/1/120 42/1/118
f 679/1/539 682/1/538 664/1/889 659/1/880
f 675/1/682 679/1/539 659/1/880 651/1/879
f 922/1/865 919/1/818 904/1/817 903/1/854
f 648/1/1053 649/1/1047 656/1/1050 655/1/1054
f 678/1/903 683/1/537 681/1/1052 674/1/913
f 676/1/848 662/1/849 655/1/1054 656/1/1050
f 830/1/259 837/1/262 829/1/770 821/1/759
f 951/1/906 956/1/915 952/1/898 946/1/897
f 681/1/1052 683/1/537 680/1/536 676/1/848
f 908/1/860 916/1/474 914/1/473 907/1/864
f 935/1/410 948/1/896 942/1/858 936/1/411
f 621/1/816 622/1/815 630/1/916 625/1/917
f 1052/1/1008 1066/1/1003 1064/1/1004 1038/1/1009
f 688/1/1041 696/1/1024 687/1/684 684/1/124
f 684/1/124 690/1/123 689/1/1038 688/1/1041
f 777/1/477 774/1/925 780/1/1055 781/1/151
f 685/1/685 691/1/337 692/1/30 686/1/29
f 781/1/151 780/1/1055 742/1/1056 737/1/152
f 687/1/684 695/1/334 691/1/337 685/1/685
f 975/1/933 976/1/926 970/1/463 974/1/462
f 975/1/933 1009/1/932 1006/1/940 997/1/935
f 698/1/1057 696/1/1024 688/1/1041 697/1/1040
f 749/1/773 780/1/1055 774/1/925 768/1/976
f 693/1/27 704/1/882 699/1/613 694/1/28
f 766/1/955 767/1/924 775/1/476 779/1/1058
f 903/1/854 931/1/873 925/1/872 922/1/865
f 36/1/301 44/1/38 37/1/41 29/1/302
f 703/1/978 742/1/1056 743/1/73 713/1/72
f 15/1/31 26/1/58 25/1/56 16/1/55
f 705/1/146 706/1/149 696/1/1024 698/1/1057
f 698/1/1057 707/1/1059 708/1/984 705/1/146
f 697/1/1040 715/1/1060 707/1/1059 698/1/1057
f 709/1/1061 710/1/1007 700/1/614 699/1/613
f 704/1/882 712/1/769 709/1/1061 699/1/613
f 731/1/153 737/1/152 702/1/979 701/1/336
f 712/1/769 717/1/768 710/1/1007 709/1/1061
f 702/1/979 692/1/30 691/1/337 701/1/336
f 380/1/663 379/1/649 358/1/650 378/1/660
f 1034/1/992 1035/1/999 1015/1/974 1026/1/973
f 707/1/1059 715/1/1060 716/1/985 708/1/984
f 717/1/768 725/1/1046 718/1/293 710/1/1007
f 753/1/145 757/1/144 761/1/957 760/1/956
f 689/1/1038 711/1/292 720/1/291 719/1/1039
f 463/1/756 471/1/701 472/1/700 466/1/709
f 719/1/1039 723/1/994 715/1/1060 697/1/1040
f 726/1/7 734/1/6 725/1/1046 717/1/768
f 601/1/827 602/1/1032 592/1/1029 596/1/1030
f 729/1/993 720/1/291 728/1/290 736/1/1062
f 728/1/290 727/1/1045 738/1/1063 736/1/1062
f 327/1/542 346/1/430 320/1/429 321/1/459
f 600/1/811 598/1/1028 590/1/1027 599/1/808
f 986/1/934 996/1/452 995/1/455 985/1/571
f 1045/1/990 1050/1/989 1046/1/996 1040/1/991
f 734/1/6 750/1/329 727/1/1045 725/1/1046
f 171/1/333 178/1/342 149/1/87 150/1/310
f 727/1/1045 750/1/329 744/1/1064 738/1/1063
f 802/1/207 825/1/71 818/1/738 809/1/208
f 729/1/993 723/1/994 719/1/1039 720/1/291
f 738/1/1063 744/1/1064 739/1/96 732/1/95
f 163/1/374 156/1/309 155/1/160 162/1/192
f 751/1/143 745/1/945 744/1/1064 750/1/329
f 159/1/343 184/1/465 165/1/77 157/1/79
f 745/1/945 746/1/1065 739/1/96 744/1/1064
f 724/1/98 716/1/985 715/1/1060 723/1/994
f 1030/1/964 1002/1/963 1001/1/971 1028/1/965
f 733/1/97 740/1/982 716/1/985 724/1/98
f 746/1/1065 754/1/600 733/1/97 739/1/96
f 1063/1/1005 1056/1/987 1029/1/970 1043/1/972
f 737/1/152 742/1/1056 703/1/978 702/1/979
f 849/1/84 868/1/83 863/1/732 850/1/212
f 735/1/4 765/1/895 757/1/144 758/1/5
f 895/1/855 896/1/845 886/1/833 893/1/853
f 742/1/1056 780/1/1055 749/1/773 743/1/73
f 421/1/672 422/1/398 416/1/593 415/1/10
f 41/1/105 48/1/116 47/1/114 40/1/104
f 1005/1/943 1013/1/942 1014/1/977 1012/1/961
f 974/1/462 982/1/461 984/1/731 983/1/931
f 765/1/895 768/1/976 761/1/957 757/1/144
f 1001/1/971 1002/1/963 994/1/995 993/1/753
f 1049/1/752 1065/1/884 1063/1/1005 1043/1/972
f 102/1/162 120/1/185 114/1/159 109/1/142
f 1009/1/932 1030/1/964 1022/1/941 1006/1/940
f 736/1/1062 738/1/1063 732/1/95 729/1/993
f 760/1/956 759/1/1066 752/1/944 753/1/145
f 1059/1/1002 1060/1/920 1054/1/923 1058/1/954
f 700/1/614 711/1/292 689/1/1038 690/1/123
f 768/1/976 774/1/925 767/1/924 761/1/957
f 747/1/983 756/1/147 705/1/146 708/1/984
f 772/1/601 759/1/1066 760/1/956 766/1/955
f 844/1/370 843/1/757 834/1/775 835/1/367
f 1048/1/1001 1044/1/1006 1047/1/1000 1041/1/997
f 759/1/1066 772/1/601 754/1/600 746/1/1065
f 766/1/955 779/1/1058 773/1/598 772/1/601
f 1056/1/987 1057/1/953 1050/1/989 1031/1/482
f 773/1/598 779/1/1058 769/1/909 778/1/908
f 769/1/909 779/1/1058 775/1/476 770/1/478
f 42/1/118 51/1/122 49/1/117 43/1/108
f 747/1/983 762/1/910 763/1/762 756/1/147
f 755/1/599 740/1/982 733/1/97 754/1/600
f 752/1/944 759/1/1066 746/1/1065 745/1/945
f 361/1/622 352/1/323 353/1/878 360/1/694
f 777/1/477 781/1/151 776/1/150 771/1/359
f 762/1/910 747/1/983 740/1/982 755/1/599
f 993/1/753 994/1/995 984/1/731 991/1/730
f 616/1/228 661/1/737 631/1/949 624/1/695
f 89/1/113 182/1/112 82/1/156 83/1/155
f 8/1/18 15/1/31 16/1/55 14/1/256
f 770/1/478 764/1/748 763/1/762 769/1/909
f 153/1/281 387/1/305 144/1/294 145/1/282
