# Blender 4.3.2
# www.blender.org
mtllib bobcut.mtl
o bobcut
v 0.000000 1.153314 -0.331269
v -0.014253 1.156813 -0.318449
v -0.008981 1.157204 -0.317293
v -0.004322 1.157441 -0.316553
v 0.000000 1.157538 -0.316234
v 0.004322 1.157441 -0.316553
v 0.008981 1.157204 -0.317293
v 0.014253 1.156813 -0.318449
v 0.027469 1.157696 -0.313861
v 0.029350 1.156391 -0.318527
v 0.029645 1.154978 -0.323642
v 0.029031 1.153632 -0.328520
v 0.027636 1.152391 -0.333016
v 0.025590 1.151283 -0.337032
v 0.023032 1.150327 -0.340505
v 0.020098 1.149528 -0.343410
v 0.016914 1.148887 -0.345751
v 0.013585 1.148393 -0.347558
v 0.010191 1.148033 -0.348881
v 0.006784 1.147791 -0.349773
v 0.003386 1.147652 -0.350284
v -0.000000 1.147607 -0.350450
v -0.003386 1.147652 -0.350284
v -0.006784 1.147791 -0.349773
v -0.010191 1.148033 -0.348881
v -0.013585 1.148393 -0.347558
v -0.016914 1.148887 -0.345751
v -0.020098 1.149528 -0.343410
v -0.023032 1.150327 -0.340505
v -0.025590 1.151283 -0.337032
v -0.027636 1.152391 -0.333016
v -0.029031 1.153632 -0.328520
v -0.029645 1.154978 -0.323642
v -0.029350 1.156391 -0.318527
v -0.027469 1.157696 -0.313861
v -0.050693 1.163911 -0.286543
v -0.031927 1.165656 -0.282558
v -0.015367 1.166642 -0.279964
v 0.000000 1.167018 -0.278840
v 0.015367 1.166642 -0.279964
v 0.031927 1.165656 -0.282558
v 0.050693 1.163911 -0.286543
v 0.097468 1.164572 -0.269675
v 0.104206 1.160116 -0.286241
v 0.105269 1.155416 -0.304487
v 0.103105 1.150932 -0.321892
v 0.098162 1.146801 -0.337940
v 0.090906 1.143119 -0.352278
v 0.081827 1.139946 -0.364687
v 0.071411 1.137306 -0.375068
v 0.060101 1.135194 -0.383438
v 0.048275 1.133578 -0.389906
v 0.036217 1.132406 -0.394640
v 0.024109 1.131624 -0.397834
v 0.012035 1.131178 -0.399667
v -0.000000 1.131034 -0.400263
v -0.012035 1.131178 -0.399667
v -0.024109 1.131624 -0.397834
v -0.036217 1.132406 -0.394640
v -0.048275 1.133578 -0.389906
v -0.060101 1.135195 -0.383438
v -0.071411 1.137306 -0.375068
v -0.081827 1.139946 -0.364687
v -0.090906 1.143119 -0.352278
v -0.098162 1.146801 -0.337940
v -0.103105 1.150932 -0.321892
v -0.105269 1.155416 -0.304487
v -0.104206 1.160116 -0.286241
v -0.097468 1.164572 -0.269675
v -0.107147 1.170972 -0.235991
v -0.067523 1.175877 -0.227860
v -0.032507 1.178449 -0.222487
v 0.000000 1.179352 -0.220136
v 0.032507 1.178449 -0.222487
v 0.067523 1.175877 -0.227860
v 0.107147 1.170972 -0.235991
v 0.205197 1.164092 -0.198510
v 0.219488 1.155274 -0.233503
v 0.221835 1.146422 -0.272208
v 0.217376 1.137969 -0.309164
v 0.207044 1.130180 -0.343268
v 0.191814 1.123252 -0.373772
v 0.172717 1.117304 -0.400195
v 0.150777 1.112388 -0.422327
v 0.126932 1.108487 -0.440193
v 0.101978 1.105532 -0.454014
v 0.076519 1.103416 -0.464142
v 0.050944 1.102019 -0.470984
v 0.025433 1.101233 -0.474912
v -0.000000 1.100980 -0.476190
v -0.025433 1.101233 -0.474912
v -0.050944 1.102019 -0.470984
v -0.076519 1.103416 -0.464142
v -0.101978 1.105532 -0.454014
v -0.126932 1.108487 -0.440193
v -0.150777 1.112388 -0.422327
v -0.172717 1.117304 -0.400195
v -0.191814 1.123252 -0.373772
v -0.207044 1.130180 -0.343268
v -0.217376 1.137969 -0.309164
v -0.221835 1.146422 -0.272208
v -0.219488 1.155274 -0.233503
v -0.205197 1.164092 -0.198510
v -0.179628 1.172885 -0.168991
v -0.113389 1.183796 -0.155867
v -0.054616 1.189187 -0.147053
v -0.000000 1.190943 -0.143149
v 0.054616 1.189187 -0.147053
v 0.113389 1.183796 -0.155867
v 0.179628 1.172885 -0.168991
v 0.341085 1.143227 -0.102919
v 0.365164 1.129785 -0.161313
v 0.369480 1.117342 -0.226257
v 0.362437 1.105426 -0.288398
v 0.345549 1.094438 -0.345865
v 0.320417 1.084686 -0.397370
v 0.288749 1.076367 -0.442080
v 0.252247 1.069560 -0.479606
v 0.212482 1.064235 -0.509962
v 0.170794 1.060276 -0.533494
v 0.128205 1.057504 -0.550774
v 0.085378 1.055716 -0.562467
v 0.042630 1.054731 -0.569191
v -0.000000 1.054417 -0.571380
v -0.042630 1.054731 -0.569191
v -0.085378 1.055716 -0.562467
v -0.128205 1.057504 -0.550774
v -0.170794 1.060276 -0.533494
v -0.212482 1.064235 -0.509962
v -0.252247 1.069560 -0.479606
v -0.288749 1.076367 -0.442080
v -0.320417 1.084686 -0.397370
v -0.345549 1.094438 -0.345865
v -0.362437 1.105426 -0.288398
v -0.369480 1.117342 -0.226257
v -0.365164 1.129785 -0.161313
v -0.341085 1.143227 -0.102919
v -0.263554 1.164569 -0.088289
v -0.166883 1.185309 -0.069662
v -0.080459 1.195139 -0.056970
v 0.000000 1.198147 -0.051281
v 0.080459 1.195139 -0.056970
v 0.166883 1.185309 -0.069662
v 0.263554 1.164569 -0.088289
v 0.492750 1.089571 0.012520
v 0.528369 1.072228 -0.072138
v 0.535711 1.058173 -0.166960
v 0.526520 1.044632 -0.258047
v 0.502892 1.032104 -0.342597
v 0.467081 1.021023 -0.418651
v 0.421536 1.011665 -0.484904
v 0.368722 1.004143 -0.540703
v 0.310937 0.998414 -0.585993
v 0.250159 0.994308 -0.621216
v 0.187911 0.991563 -0.647158
v 0.125203 0.989886 -0.664759
v 0.062535 0.989007 -0.674900
v -0.000000 0.988736 -0.678206
v -0.062535 0.989007 -0.674900
v -0.125203 0.989886 -0.664759
v -0.187911 0.991563 -0.647158
v -0.250159 0.994308 -0.621216
v -0.310937 0.998414 -0.585993
v -0.368722 1.004143 -0.540703
v -0.421536 1.011665 -0.484904
v -0.467081 1.021023 -0.418651
v -0.502892 1.032104 -0.342597
v -0.526520 1.044632 -0.258047
v -0.535711 1.058173 -0.166960
v -0.528369 1.072228 -0.072138
v -0.492750 1.089571 0.012520
v -0.353813 1.141897 0.002632
v -0.225130 1.176921 0.027122
v -0.108706 1.193085 0.043971
v 0.000000 1.197796 0.051597
v 0.108706 1.193085 0.043971
v 0.225130 1.176921 0.027122
v 0.353813 1.141897 0.002632
v 0.645414 0.994428 0.140593
v 0.693800 0.974719 0.029453
v 0.705749 0.962126 -0.096150
v 0.695794 0.949816 -0.217558
v 0.666477 0.938338 -0.330919
v 0.620633 0.928239 -0.433459
v 0.561422 0.919879 -0.523261
v 0.492083 0.913410 -0.599279
v 0.415687 0.908779 -0.661279
v 0.334911 0.905762 -0.709718
v 0.251856 0.904017 -0.745544
v 0.167943 0.903150 -0.769938
v 0.083922 0.902801 -0.784031
v -0.000000 0.902715 -0.788631
v -0.083922 0.902801 -0.784031
v -0.167943 0.903150 -0.769938
v -0.251856 0.904017 -0.745543
v -0.334911 0.905762 -0.709718
v -0.415687 0.908779 -0.661279
v -0.492083 0.913410 -0.599279
v -0.561422 0.919879 -0.523261
v -0.620633 0.928239 -0.433459
v -0.666477 0.938338 -0.330919
v -0.695794 0.949816 -0.217558
v -0.705749 0.962126 -0.096150
v -0.693800 0.974719 0.029453
v -0.645414 0.994428 0.140593
v -0.445041 1.102440 0.099569
v -0.285129 1.156276 0.130329
v -0.137972 1.180753 0.151521
v 0.000000 1.187624 0.161172
v 0.137972 1.180753 0.151521
v 0.285129 1.156276 0.130329
v 0.445041 1.102440 0.099569
v 0.783503 0.855254 0.271800
v 0.845289 0.835153 0.136848
v 0.863951 0.827569 -0.017358
v 0.855598 0.819807 -0.167764
v 0.822948 0.812386 -0.309387
v 0.769225 0.805952 -0.438502
v 0.698170 0.800946 -0.552413
v 0.613732 0.797557 -0.649505
v 0.519740 0.795734 -0.729206
v 0.419601 0.795206 -0.791846
v 0.316046 0.795547 -0.838424
v 0.210986 0.796268 -0.870284
v 0.105503 0.796915 -0.888752
v -0.000000 0.797169 -0.894790
v -0.105503 0.796915 -0.888752
v -0.210986 0.796268 -0.870284
v -0.316046 0.795547 -0.838424
v -0.419601 0.795206 -0.791846
v -0.519740 0.795734 -0.729206
v -0.613732 0.797557 -0.649505
v -0.698170 0.800946 -0.552413
v -0.769225 0.805952 -0.438502
v -0.822948 0.812386 -0.309387
v -0.855598 0.819807 -0.167764
v -0.863951 0.827569 -0.017358
v -0.845289 0.835153 0.136848
v -0.783503 0.855254 0.271800
v -0.532088 1.045949 0.197874
v -0.343946 1.122525 0.235468
v -0.166896 1.157141 0.261155
v 0.000000 1.166588 0.272860
v 0.166896 1.157141 0.261155
v 0.343946 1.122525 0.235468
v 0.532088 1.045949 0.197874
v 0.893135 0.676824 0.395650
v 0.968279 0.658240 0.242203
v 0.996070 0.658913 0.064511
v 0.992440 0.658766 -0.110932
v 0.959896 0.658210 -0.277997
v 0.901754 0.657957 -0.431885
v 0.822118 0.658510 -0.568947
v 0.725502 0.660103 -0.686798
v 0.616421 0.662682 -0.784320
v 0.498999 0.665937 -0.861530
v 0.376640 0.669368 -0.919314
v 0.251816 0.672392 -0.959051
v 0.126034 0.674466 -0.982174
v -0.000000 0.675203 -0.989751
v -0.126034 0.674466 -0.982174
v -0.251816 0.672392 -0.959051
v -0.376640 0.669368 -0.919314
v -0.498999 0.665937 -0.861530
v -0.616421 0.662682 -0.784320
v -0.725502 0.660103 -0.686798
v -0.822118 0.658510 -0.568947
v -0.901754 0.657957 -0.431885
v -0.959896 0.658210 -0.277997
v -0.992440 0.658766 -0.110932
v -0.996070 0.658913 0.064511
v -0.968279 0.658240 0.242203
v -0.893135 0.676824 0.395650
v -0.610557 0.974494 0.292883
v -0.398940 1.076513 0.338032
v -0.194238 1.122695 0.368345
v 0.000000 1.135037 0.382089
v 0.194238 1.122695 0.368345
v 0.398940 1.076513 0.338032
v 0.610557 0.974494 0.292883
v 0.964767 0.470665 0.502556
v 1.052488 0.454973 0.337788
v 1.091729 0.466134 0.143950
v 1.096206 0.475774 -0.050466
v 1.067775 0.484112 -0.238246
v 1.009484 0.491881 -0.413445
v 0.925507 0.499625 -0.571303
v 0.820717 0.507606 -0.708467
v 0.700188 0.515771 -0.823049
v 0.568714 0.523770 -0.914538
v 0.430380 0.531034 -0.983513
v 0.288281 0.536889 -1.031234
v 0.144445 0.540704 -1.059124
v -0.000000 0.542029 -1.068284
v -0.144445 0.540704 -1.059124
v -0.288281 0.536889 -1.031234
v -0.430380 0.531034 -0.983513
v -0.568714 0.523770 -0.914538
v -0.700188 0.515771 -0.823049
v -0.820717 0.507606 -0.708467
v -0.925507 0.499625 -0.571303
v -1.009484 0.491881 -0.413445
v -1.067775 0.484112 -0.238246
v -1.096206 0.475774 -0.050466
v -1.091729 0.466134 0.143950
v -1.052488 0.454973 0.337788
v -0.964767 0.470665 0.502556
v -0.677292 0.892241 0.380413
v -0.447987 1.020741 0.433864
v -0.218969 1.079309 0.468892
v 0.000000 1.094721 0.484614
v 0.218969 1.079309 0.468892
v 0.447987 1.020741 0.433864
v 0.677292 0.892241 0.380413
v 0.995107 0.252856 0.585722
v 1.093908 0.240607 0.417452
v 1.146329 0.263035 0.215842
v 1.161929 0.283326 0.009669
v 1.141483 0.301435 -0.192907
v 1.087402 0.318069 -0.384790
v 1.003618 0.333776 -0.560016
v 0.895115 0.348824 -0.714096
v 0.767364 0.363149 -0.844180
v 0.625735 0.376361 -0.949017
v 0.474977 0.387817 -1.028689
v 0.318845 0.396759 -1.084165
v 0.159967 0.402467 -1.116737
v -0.000000 0.404432 -1.127460
v -0.159967 0.402467 -1.116737
v -0.318845 0.396759 -1.084165
v -0.474977 0.387817 -1.028689
v -0.625735 0.376361 -0.949017
v -0.767364 0.363149 -0.844180
v -0.895115 0.348824 -0.714096
v -1.003618 0.333776 -0.560016
v -1.087402 0.318069 -0.384790
v -1.141483 0.301435 -0.192907
v -1.161929 0.283326 0.009669
v -1.146329 0.263035 0.215842
v -1.093908 0.240607 0.417452
v -0.995107 0.252856 0.585722
v -0.730658 0.804935 0.457174
v -0.489644 0.959130 0.519475
v -0.240339 1.030156 0.559211
v 0.000000 1.048640 0.576798
v 0.240339 1.030156 0.559211
v 0.489644 0.959130 0.519475
v 0.730658 0.804935 0.457174
v 0.987677 0.040838 0.642421
v 1.095487 0.031749 0.477771
v 1.161814 0.064738 0.276365
v 1.190571 0.095178 0.065622
v 1.181124 0.122721 -0.145570
v 1.134935 0.147991 -0.349044
v 1.055407 0.171503 -0.537615
v 0.947392 0.193506 -0.705578
v 0.816572 0.213904 -0.848985
v 0.668777 0.232258 -0.965686
v 0.509364 0.247852 -1.055104
v 0.342748 0.259838 -1.117773
v 0.172206 0.267414 -1.154738
v -0.000000 0.270009 -1.166936
v -0.172206 0.267414 -1.154738
v -0.342748 0.259838 -1.117773
v -0.509364 0.247852 -1.055104
v -0.668777 0.232258 -0.965686
v -0.816572 0.213904 -0.848985
v -0.947392 0.193506 -0.705578
v -1.055407 0.171503 -0.537615
v -1.134935 0.147991 -0.349044
v -1.181124 0.122721 -0.145570
v -1.190571 0.095178 0.065622
v -1.161814 0.064738 0.276365
v -1.095487 0.031749 0.477771
v -0.987677 0.040838 0.642421
v -0.770572 0.719234 0.521003
v -0.523195 0.896643 0.592246
v -0.257904 0.979397 0.636503
v 0.000000 1.000767 0.655786
v 0.257904 0.979397 0.636503
v 0.523195 0.896643 0.592246
v 0.770572 0.719234 0.521003
v 0.951880 -0.149733 0.674296
v 1.066329 -0.156531 0.518504
v 1.146074 -0.114820 0.323560
v 1.188620 -0.075809 0.114239
v 1.191763 -0.040162 -0.100088
v 1.155823 -0.007371 -0.310342
v 1.083464 0.023006 -0.508204
v 0.979209 0.051170 -0.686765
v 0.848777 0.076980 -0.840942
v 0.698327 0.099934 -0.967614
v 0.533735 0.119242 -1.065445
v 0.360038 0.133967 -1.134440
v 0.181160 0.143227 -1.175315
v -0.000000 0.146389 -1.188834
v -0.181160 0.143227 -1.175315
v -0.360038 0.133967 -1.134440
v -0.533735 0.119242 -1.065445
v -0.698327 0.099934 -0.967614
v -0.848777 0.076980 -0.840942
v -0.979209 0.051170 -0.686765
v -1.083464 0.023006 -0.508204
v -1.155823 -0.007371 -0.310342
v -1.191763 -0.040162 -0.100088
v -1.188620 -0.075809 0.114239
v -1.146074 -0.114820 0.323560
v -1.066329 -0.156531 0.518504
v -0.951880 -0.149733 0.674296
v -0.798245 0.642045 0.570846
v -0.548584 0.838823 0.650442
v -0.271497 0.931798 0.698781
v 0.000000 0.955681 0.719518
v 0.271497 0.931798 0.698781
v 0.548584 0.838823 0.650441
v 0.798245 0.642045 0.570846
v 0.900951 -0.307113 0.686624
v 1.019729 -0.312684 0.542287
v 1.111224 -0.264636 0.357387
v 1.166646 -0.219209 0.153391
v 1.182252 -0.177354 -0.060086
v 1.157191 -0.138702 -0.273256
v 1.093302 -0.102901 -0.476838
v 0.994661 -0.069815 -0.662845
v 0.866896 -0.039645 -0.825135
v 0.716367 -0.012958 -0.959642
v 0.549363 0.009378 -1.064272
v 0.371458 0.026346 -1.138476
v 0.187170 0.036988 -1.182607
v -0.000000 0.040617 -1.197232
v -0.187170 0.036988 -1.182607
v -0.371458 0.026346 -1.138476
v -0.549363 0.009378 -1.064272
v -0.716367 -0.012958 -0.959642
v -0.866896 -0.039645 -0.825135
v -0.994661 -0.069815 -0.662845
v -1.093302 -0.102901 -0.476838
v -1.157191 -0.138702 -0.273256
v -1.182252 -0.177354 -0.060086
v -1.166646 -0.219209 0.153391
v -1.111224 -0.264636 0.357387
v -1.019729 -0.312684 0.542287
v -0.900951 -0.307113 0.686624
v -0.815698 0.579991 0.606480
v -0.587185 0.718011 0.704376
v -0.328096 0.845933 0.773345
v -0.065619 0.845933 0.773345
v 0.328096 0.845933 0.773345
v 0.587185 0.718011 0.704376
v 0.815698 0.579991 0.606480
v 0.849480 -0.423990 0.686843
v 0.970669 -0.429205 0.553663
v 1.071294 -0.377164 0.379279
v 1.137233 -0.327529 0.181943
v 1.163448 -0.281489 -0.028659
v 1.148056 -0.238800 -0.242258
v 1.092137 -0.199200 -0.448844
v 0.999314 -0.162621 -0.639572
v 0.875057 -0.129324 -0.807427
v 0.732242 -0.177040 -0.934066
v 0.564662 -0.150586 -1.048084
v 0.383289 -0.130527 -1.129625
v 0.193576 -0.117964 -1.178394
v -0.000000 -0.113681 -1.194603
v -0.193576 -0.117964 -1.178394
v -0.383289 -0.130527 -1.129625
v -0.564662 -0.150586 -1.048084
v -0.732242 -0.177040 -0.934066
v -0.875057 -0.129324 -0.807427
v -0.999314 -0.162621 -0.639572
v -1.092137 -0.199200 -0.448844
v -1.148056 -0.238800 -0.242258
v -1.163448 -0.281489 -0.028659
v -1.137233 -0.327529 0.181943
v -1.071294 -0.377164 0.379279
v -0.970669 -0.429205 0.553663
v -0.849480 -0.423990 0.686843
v -0.825040 0.539039 0.627826
v -0.587185 0.718011 0.704376
v -0.328096 0.845933 0.773345
v -0.065619 0.845933 0.773345
v 0.328096 0.845933 0.773345
v 0.587185 0.718011 0.704376
v 0.825040 0.539039 0.627826
v 0.810998 -0.496332 0.682561
v 0.919525 -0.530230 0.559759
v 1.028700 -0.474185 0.396137
v 1.104446 -0.421523 0.206200
v 1.140764 -0.372368 -0.000606
v 1.134774 -0.326583 -0.213615
v 1.086796 -0.283991 -0.422166
v 0.999976 -0.244592 -0.616622
v 0.879600 -0.208707 -0.789142
v 0.732201 -0.177032 -0.934099
v 0.564628 -0.150581 -1.048103
v 0.383265 -0.130525 -1.129633
v 0.193564 -0.117963 -1.178396
v 0.000000 -0.113681 -1.194603
v -0.193564 -0.117963 -1.178396
v -0.383265 -0.130525 -1.129633
v -0.564628 -0.150581 -1.048103
v -0.732201 -0.177032 -0.934099
v -0.879600 -0.208707 -0.789142
v -0.999976 -0.244592 -0.616622
v -1.086796 -0.283991 -0.422166
v -1.134774 -0.326583 -0.213615
v -1.140764 -0.372368 -0.000606
v -1.104446 -0.421523 0.206200
v -1.028700 -0.474185 0.396137
v -0.919525 -0.530230 0.559759
v -0.810998 -0.496332 0.682561
v -0.825002 0.523075 0.625430
v -0.587185 0.718011 0.704376
v -0.328096 0.845933 0.773345
v -0.065619 0.845933 0.773345
v 0.328096 0.845933 0.773345
v 0.587185 0.718011 0.704376
v 0.825002 0.523075 0.625430
v 0.786775 -0.588508 0.688944
v 0.919660 -0.530167 0.559597
v 1.028726 -0.474170 0.396089
v 1.104458 -0.421511 0.206154
v 1.140767 -0.372359 -0.000648
v 1.134769 -0.326575 -0.213652
v 1.086785 -0.283985 -0.422197
v 0.999962 -0.244587 -0.616647
v 0.879585 -0.208703 -0.789160
v 0.732186 -0.177029 -0.934112
v 0.564615 -0.150579 -1.048111
v 0.383255 -0.130524 -1.129637
v 0.193558 -0.117963 -1.178397
v 0.000000 -0.113681 -1.194603
v -0.193558 -0.117963 -1.178397
v -0.383255 -0.130524 -1.129637
v -0.564615 -0.150579 -1.048111
v -0.732186 -0.177029 -0.934112
v -0.879585 -0.208703 -0.789160
v -0.999962 -0.244587 -0.616647
v -1.086785 -0.283985 -0.422197
v -1.134769 -0.326575 -0.213652
v -1.140767 -0.372359 -0.000648
v -1.104458 -0.421511 0.206154
v -1.028726 -0.474170 0.396089
v -0.919660 -0.530167 0.559597
v -0.786775 -0.588508 0.688944
v -0.000000 0.980529 -0.280810
v -0.008017 0.983750 -0.269137
v -0.006364 0.983463 -0.270286
v -0.003093 0.983556 -0.270028
v -0.000000 0.983617 -0.269831
v 0.003093 0.983556 -0.270028
v 0.006365 0.983463 -0.270286
v 0.008018 0.983750 -0.269137
v 0.020301 0.984456 -0.265329
v 0.023167 0.982583 -0.272039
v 0.023360 0.981419 -0.276255
v 0.022754 0.980365 -0.280080
v 0.021535 0.979404 -0.283568
v 0.019822 0.978557 -0.286650
v 0.017731 0.977833 -0.289286
v 0.015383 0.977237 -0.291460
v 0.012865 0.976768 -0.293179
v 0.010275 0.976414 -0.294483
v 0.007668 0.976162 -0.295417
v 0.005087 0.975996 -0.296034
v 0.002536 0.975904 -0.296376
v -0.000000 0.975874 -0.296490
v -0.002536 0.975904 -0.296377
v -0.005088 0.975995 -0.296036
v -0.007669 0.976161 -0.295418
v -0.010275 0.976414 -0.294483
v -0.012866 0.976768 -0.293179
v -0.015383 0.977237 -0.291460
v -0.017732 0.977833 -0.289287
v -0.019821 0.978557 -0.286650
v -0.021536 0.979404 -0.283568
v -0.022755 0.980365 -0.280080
v -0.023361 0.981419 -0.276255
v -0.023166 0.982583 -0.272039
v -0.020301 0.984456 -0.265329
v -0.038084 0.989503 -0.243258
v -0.025612 0.990613 -0.240935
v -0.012348 0.991339 -0.239101
v 0.000000 0.991636 -0.238218
v 0.012349 0.991339 -0.239100
v 0.025612 0.990613 -0.240935
v 0.038085 0.989503 -0.243258
v 0.081382 0.990270 -0.227201
v 0.086889 0.985693 -0.244831
v 0.087602 0.981733 -0.260255
v 0.085639 0.978014 -0.274714
v 0.081376 0.974602 -0.287998
v 0.075210 0.971571 -0.299828
v 0.067563 0.968972 -0.310024
v 0.058842 0.966822 -0.318513
v 0.049423 0.965113 -0.325321
v 0.039623 0.963813 -0.330549
v 0.029675 0.962880 -0.334350
v 0.019728 0.962261 -0.336900
v 0.009842 0.961911 -0.338354
v 0.000000 0.961800 -0.338823
v -0.009841 0.961912 -0.338352
v -0.019728 0.962262 -0.336897
v -0.029675 0.962880 -0.334349
v -0.039623 0.963814 -0.330549
v -0.049423 0.965113 -0.325321
v -0.058841 0.966822 -0.318513
v -0.067562 0.968972 -0.310023
v -0.075211 0.971571 -0.299828
v -0.081376 0.974602 -0.287999
v -0.085639 0.978014 -0.274714
v -0.087601 0.981733 -0.260256
v -0.086888 0.985693 -0.244831
v -0.081382 0.990270 -0.227201
v -0.085487 0.994749 -0.204506
v -0.055762 0.999258 -0.194762
v -0.026845 1.001368 -0.190359
v -0.000000 1.002119 -0.188380
v 0.026845 1.001368 -0.190360
v 0.055762 0.999258 -0.194762
v 0.085487 0.994749 -0.204507
v 0.174374 0.989004 -0.168675
v 0.185039 0.981559 -0.200106
v 0.186761 0.974114 -0.232826
v 0.182838 0.967018 -0.263911
v 0.173987 0.960492 -0.292554
v 0.161035 0.954699 -0.318129
v 0.144863 0.949738 -0.340243
v 0.126338 0.945651 -0.358724
v 0.106256 0.942419 -0.373605
v 0.085290 0.939981 -0.385084
v 0.063946 0.938244 -0.393470
v 0.042546 0.937103 -0.399119
v 0.021232 0.936463 -0.402355
v 0.000000 0.936258 -0.403406
v -0.021232 0.936463 -0.402356
v -0.042547 0.937103 -0.399119
v -0.063946 0.938244 -0.393470
v -0.085290 0.939981 -0.385084
v -0.106256 0.942419 -0.373605
v -0.126337 0.945651 -0.358724
v -0.144862 0.949738 -0.340243
v -0.161035 0.954699 -0.318129
v -0.173986 0.960492 -0.292554
v -0.182838 0.967018 -0.263911
v -0.186761 0.974114 -0.232826
v -0.185039 0.981559 -0.200106
v -0.174374 0.989004 -0.168674
v -0.146894 0.995930 -0.152958
v -0.094680 1.005973 -0.133953
v -0.045567 1.010503 -0.126358
v -0.000000 1.011980 -0.122982
v 0.045567 1.010503 -0.126358
v 0.094680 1.005974 -0.133953
v 0.146895 0.995930 -0.152958
v 0.292962 0.969789 -0.089010
v 0.309154 0.959839 -0.138779
v 0.312377 0.949421 -0.193739
v 0.306249 0.939378 -0.246249
v 0.291818 0.930127 -0.294766
v 0.270441 0.921930 -0.338207
v 0.243574 0.914950 -0.375876
v 0.212660 0.909252 -0.407453
v 0.179035 0.904808 -0.432960
v 0.143833 0.901515 -0.452700
v 0.107916 0.899218 -0.467171
v 0.071840 0.897744 -0.476947
v 0.035862 0.896935 -0.482560
v 0.000000 0.896678 -0.484387
v -0.035862 0.896935 -0.482560
v -0.071840 0.897745 -0.476947
v -0.107915 0.899218 -0.467170
v -0.143832 0.901515 -0.452700
v -0.179035 0.904808 -0.432960
v -0.212660 0.909252 -0.407453
v -0.243574 0.914950 -0.375876
v -0.270441 0.921930 -0.338207
v -0.291818 0.930127 -0.294766
v -0.306249 0.939378 -0.246249
v -0.312377 0.949421 -0.193739
v -0.309154 0.959839 -0.138779
v -0.292962 0.969789 -0.089010
v -0.218465 0.989053 -0.090497
v -0.140113 1.007288 -0.061105
v -0.067460 1.015584 -0.049907
v 0.000000 1.018113 -0.044924
v 0.067460 1.015584 -0.049907
v 0.140113 1.007287 -0.061105
v 0.218465 0.989053 -0.090497
v 0.425588 0.921616 0.007483
v 0.448220 0.910766 -0.062995
v 0.453809 0.899124 -0.143292
v 0.445849 0.887699 -0.220426
v 0.425683 0.877137 -0.291986
v 0.395222 0.867808 -0.356313
v 0.356547 0.859943 -0.412311
v 0.311755 0.853635 -0.459434
v 0.262799 0.848846 -0.497647
v 0.211355 0.845427 -0.527334
v 0.158713 0.843154 -0.549175
v 0.105722 0.841774 -0.563978
v 0.052796 0.841055 -0.572500
v 0.000000 0.840834 -0.575276
v -0.052796 0.841055 -0.572500
v -0.105722 0.841774 -0.563978
v -0.158713 0.843154 -0.549175
v -0.211355 0.845427 -0.527334
v -0.262799 0.848846 -0.497647
v -0.311755 0.853635 -0.459434
v -0.356547 0.859943 -0.412311
v -0.395222 0.867808 -0.356313
v -0.425683 0.877137 -0.291986
v -0.445849 0.887699 -0.220426
v -0.453809 0.899124 -0.143292
v -0.448220 0.910766 -0.062995
v -0.425588 0.921616 0.007483
v -0.295985 0.970800 -0.019927
v -0.189626 1.000237 0.020699
v -0.091397 1.013872 0.035768
v 0.000000 1.017818 0.042498
v 0.091397 1.013872 0.035768
v 0.189626 1.000237 0.020699
v 0.295985 0.970800 -0.019927
v 0.558870 0.836952 0.114191
v 0.589151 0.827623 0.023328
v 0.598468 0.817442 -0.083041
v 0.589858 0.807069 -0.185970
v 0.564855 0.797399 -0.282041
v 0.525861 0.788904 -0.368903
v 0.475562 0.781887 -0.444939
v 0.416712 0.776474 -0.509266
v 0.351923 0.772619 -0.561698
v 0.283465 0.770127 -0.602632
v 0.213119 0.768705 -0.632884
v 0.142086 0.768014 -0.653468
v 0.070993 0.767746 -0.665353
v -0.000000 0.767682 -0.669231
v -0.070993 0.767746 -0.665353
v -0.142087 0.768014 -0.653468
v -0.213119 0.768705 -0.632884
v -0.283465 0.770127 -0.602632
v -0.351923 0.772619 -0.561698
v -0.416712 0.776474 -0.509266
v -0.475562 0.781887 -0.444939
v -0.525861 0.788904 -0.368903
v -0.564855 0.797399 -0.282041
v -0.589858 0.807069 -0.185970
v -0.598468 0.817442 -0.083041
v -0.589151 0.827623 0.023328
v -0.558871 0.836952 0.114191
v -0.375152 0.939172 0.055436
v -0.240688 0.982819 0.107934
v -0.116205 1.003435 0.127056
v -0.000000 1.009166 0.135611
v 0.116206 1.003435 0.127056
v 0.240688 0.982819 0.107934
v 0.375152 0.939172 0.055436
v 0.679075 0.713807 0.222707
v 0.718151 0.708635 0.114550
v 0.733032 0.702995 -0.015985
v 0.725791 0.696495 -0.143579
v 0.697963 0.690275 -0.263694
v 0.652273 0.684897 -0.373169
v 0.591905 0.680731 -0.469719
v 0.520214 0.677939 -0.551983
v 0.440457 0.676471 -0.619480
v 0.355525 0.676095 -0.672502
v 0.267738 0.676447 -0.711908
v 0.178712 0.677108 -0.738847
v 0.089357 0.677688 -0.754455
v -0.000000 0.677914 -0.759558
v -0.089357 0.677688 -0.754456
v -0.178712 0.677108 -0.738847
v -0.267738 0.676447 -0.711907
v -0.355525 0.676095 -0.672502
v -0.440457 0.676471 -0.619480
v -0.520214 0.677939 -0.551983
v -0.591905 0.680731 -0.469719
v -0.652273 0.684897 -0.373169
v -0.697963 0.690275 -0.263694
v -0.725791 0.696495 -0.143579
v -0.733032 0.702995 -0.015985
v -0.718151 0.708635 0.114550
v -0.679075 0.713807 0.222707
v -0.451845 0.893846 0.131964
v -0.290822 0.954310 0.196797
v -0.140735 0.983426 0.220108
v 0.000000 0.991273 0.230515
v 0.140736 0.983426 0.220108
v 0.290822 0.954310 0.196797
v 0.451845 0.893846 0.131964
v 0.774107 0.556696 0.323836
v 0.822815 0.557854 0.203987
v 0.845379 0.559550 0.053708
v 0.842171 0.559533 -0.095177
v 0.814448 0.559149 -0.236937
v 0.765014 0.559024 -0.367491
v 0.697357 0.559583 -0.483745
v 0.615314 0.561025 -0.583679
v 0.522724 0.563299 -0.666348
v 0.423090 0.566141 -0.731776
v 0.319303 0.569120 -0.780723
v 0.213459 0.571739 -0.814371
v 0.106829 0.573532 -0.833945
v 0.000000 0.574169 -0.840358
v -0.106829 0.573532 -0.833945
v -0.213459 0.571739 -0.814371
v -0.319303 0.569120 -0.780723
v -0.423090 0.566141 -0.731776
v -0.522724 0.563299 -0.666348
v -0.615314 0.561025 -0.583679
v -0.697357 0.559583 -0.483745
v -0.765014 0.559024 -0.367491
v -0.814448 0.559149 -0.236937
v -0.842171 0.559533 -0.095177
v -0.845379 0.559550 0.053708
v -0.822815 0.557854 0.203987
v -0.774107 0.556696 0.323836
v -0.522480 0.836297 0.206036
v -0.337800 0.915415 0.283480
v -0.163937 0.954226 0.311083
v -0.000000 0.964439 0.323322
v 0.163937 0.954226 0.311083
v 0.337800 0.915415 0.283480
v 0.522480 0.836297 0.206036
v 0.835820 0.376054 0.409311
v 0.894408 0.384682 0.285062
v 0.926692 0.395610 0.121361
v 0.930403 0.403918 -0.043654
v 0.906201 0.411091 -0.203039
v 0.856658 0.417782 -0.351729
v 0.785324 0.424451 -0.485686
v 0.696337 0.431319 -0.602063
v 0.594014 0.438339 -0.699262
v 0.482426 0.445212 -0.776852
v 0.365046 0.451448 -0.835333
v 0.244499 0.456473 -0.875783
v 0.122502 0.459746 -0.899418
v 0.000000 0.460883 -0.907180
v -0.122502 0.459746 -0.899418
v -0.244499 0.456473 -0.875783
v -0.365046 0.451448 -0.835333
v -0.482426 0.445212 -0.776852
v -0.594014 0.438339 -0.699262
v -0.696337 0.431319 -0.602063
v -0.785324 0.424451 -0.485686
v -0.856658 0.417782 -0.351729
v -0.906201 0.411091 -0.203039
v -0.930403 0.403918 -0.043654
v -0.926692 0.395610 0.121361
v -0.894408 0.384682 0.285062
v -0.835820 0.376054 0.409311
v -0.584333 0.769657 0.274404
v -0.379819 0.868239 0.364471
v -0.184941 0.917445 0.396418
v -0.000000 0.930158 0.410426
v 0.184941 0.917444 0.396418
v 0.379820 0.868239 0.364471
v 0.584333 0.769657 0.274405
v 0.861649 0.186162 0.473488
v 0.929554 0.202133 0.352563
v 0.973080 0.222916 0.182626
v 0.986279 0.240279 0.007618
v 0.968894 0.255754 -0.164359
v 0.922954 0.269973 -0.327254
v 0.851799 0.283403 -0.476002
v 0.759666 0.296272 -0.606788
v 0.651203 0.308523 -0.717194
v 0.530977 0.319821 -0.806159
v 0.403021 0.329619 -0.873757
v 0.270526 0.337265 -0.920817
v 0.135720 0.342147 -0.948443
v -0.000000 0.343827 -0.957537
v -0.135720 0.342147 -0.948443
v -0.270526 0.337265 -0.920817
v -0.403021 0.329619 -0.873757
v -0.530977 0.319821 -0.806159
v -0.651203 0.308523 -0.717194
v -0.759666 0.296272 -0.606788
v -0.851799 0.283403 -0.476002
v -0.922954 0.269973 -0.327254
v -0.968894 0.255754 -0.164359
v -0.986279 0.240279 0.007618
v -0.973080 0.222916 0.182626
v -0.929554 0.202133 0.352563
v -0.861649 0.186162 0.473488
v -0.635736 0.698375 0.334510
v -0.415640 0.816089 0.436830
v -0.203111 0.875775 0.473078
v -0.000000 0.890984 0.488745
v 0.203112 0.875775 0.473078
v 0.415640 0.816089 0.436830
v 0.635736 0.698375 0.334510
v 0.854974 0.002257 0.514448
v 0.930796 0.024341 0.403602
v 0.986213 0.054316 0.234256
v 1.010633 0.080306 0.055364
v 1.002630 0.103792 -0.123954
v 0.963425 0.125343 -0.296725
v 0.895906 0.145398 -0.456847
v 0.804197 0.164169 -0.599467
v 0.693127 0.181575 -0.721231
v 0.567651 0.197237 -0.820311
v 0.432323 0.210547 -0.896220
v 0.290896 0.220778 -0.949415
v 0.146150 0.227246 -0.980788
v -0.000000 0.229461 -0.991140
v -0.146150 0.227245 -0.980788
v -0.290896 0.220778 -0.949415
v -0.432323 0.210547 -0.896220
v -0.567651 0.197237 -0.820311
v -0.693127 0.181575 -0.721231
v -0.804197 0.164169 -0.599467
v -0.895906 0.145398 -0.456847
v -0.963425 0.125343 -0.296725
v -1.002630 0.103792 -0.123954
v -1.010633 0.080306 0.055364
v -0.986213 0.054316 0.234256
v -0.930796 0.024341 0.403602
v -0.854974 0.002257 0.514448
v -0.676105 0.627770 0.384651
v -0.444624 0.763155 0.498350
v -0.218071 0.832743 0.538694
v 0.000000 0.850291 0.555858
v 0.218071 0.832743 0.538694
v 0.444624 0.763155 0.498350
v 0.676105 0.627770 0.384651
v 0.824168 -0.162239 0.534176
v 0.905908 -0.135894 0.438010
v 0.972804 -0.098358 0.274585
v 1.008988 -0.065084 0.096900
v 1.011721 -0.034717 -0.085103
v 0.981256 -0.006782 -0.263666
v 0.919850 0.019098 -0.431717
v 0.831346 0.043097 -0.583380
v 0.720605 0.065093 -0.714334
v 0.592863 0.084660 -0.821923
v 0.453117 0.101120 -0.905011
v 0.305648 0.113675 -0.963604
v 0.153790 0.121572 -0.998314
v -0.000000 0.124269 -1.009793
v -0.153790 0.121572 -0.998314
v -0.305648 0.113676 -0.963604
v -0.453117 0.101120 -0.905011
v -0.592863 0.084660 -0.821923
v -0.720605 0.065093 -0.714335
v -0.831346 0.043097 -0.583380
v -0.919850 0.019098 -0.431716
v -0.981256 -0.006782 -0.263666
v -1.011721 -0.034717 -0.085103
v -1.008988 -0.065084 0.096900
v -0.972804 -0.098358 0.274585
v -0.905908 -0.135894 0.438010
v -0.824168 -0.162239 0.534176
v -0.705797 0.563575 0.423976
v -0.466692 0.714188 0.547500
v -0.229682 0.792455 0.591497
v -0.000000 0.812040 0.609933
v 0.229682 0.792455 0.591497
v 0.466692 0.714188 0.547500
v 0.705797 0.563576 0.423976
v 0.780711 -0.297508 0.537835
v 0.866205 -0.268781 0.458055
v 0.943154 -0.225774 0.303567
v 0.990325 -0.187046 0.130405
v 1.003690 -0.151408 -0.050896
v 0.982499 -0.118499 -0.231967
v 0.928312 -0.088016 -0.404914
v 0.844590 -0.059842 -0.562944
v 0.736115 -0.034147 -0.700830
v 0.608296 -0.011414 -0.815112
v 0.466481 0.007616 -0.904007
v 0.315412 0.022075 -0.967049
v 0.158928 0.031144 -1.004539
v 0.000000 0.034237 -1.016963
v -0.158928 0.031144 -1.004539
v -0.315412 0.022075 -0.967049
v -0.466481 0.007616 -0.904007
v -0.608296 -0.011414 -0.815112
v -0.736115 -0.034147 -0.700830
v -0.844590 -0.059842 -0.562944
v -0.928312 -0.088016 -0.404914
v -0.982499 -0.118499 -0.231967
v -1.003690 -0.151408 -0.050896
v -0.990325 -0.187046 0.130405
v -0.943154 -0.225774 0.303567
v -0.866205 -0.268781 0.458055
v -0.780711 -0.297508 0.537835
v -0.725902 0.512338 0.451842
v -0.482750 0.677052 0.579751
v -0.238285 0.762826 0.626023
v -0.000000 0.784111 0.645187
v 0.238285 0.762826 0.626023
v 0.482750 0.677052 0.579751
v 0.725902 0.512338 0.451841
v 0.737033 -0.397637 0.532390
v 0.824423 -0.367980 0.467620
v 0.909181 -0.321536 0.322405
v 0.965338 -0.279232 0.154902
v 0.987757 -0.240037 -0.023977
v 0.974814 -0.203699 -0.205442
v 0.927420 -0.169991 -0.380975
v 0.848651 -0.138852 -0.543054
v 0.743158 -0.110504 -0.685705
v 0.616435 -0.085479 -0.804792
v 0.474084 -0.064577 -0.897969
v 0.321202 -0.048725 -0.964346
v 0.162040 -0.038794 -1.003942
v 0.000000 -0.035409 -1.017084
v -0.162040 -0.038794 -1.003942
v -0.321202 -0.048725 -0.964346
v -0.474084 -0.064577 -0.897969
v -0.616435 -0.085480 -0.804792
v -0.743158 -0.110504 -0.685705
v -0.848652 -0.138852 -0.543053
v -0.927420 -0.169991 -0.380975
v -0.974814 -0.203699 -0.205442
v -0.987757 -0.240037 -0.023977
v -0.965338 -0.279232 0.154901
v -0.909181 -0.321536 0.322405
v -0.824423 -0.367980 0.467620
v -0.737033 -0.397637 0.532390
v -0.740829 0.495131 0.460130
v -0.503681 0.706365 0.537584
v -0.249787 0.809659 0.574299
v -0.000000 0.833463 0.589249
v 0.249787 0.809659 0.574299
v 0.503681 0.706365 0.537584
v 0.740829 0.495131 0.460130
v 0.704829 -0.458827 0.524805
v 0.792782 -0.429837 0.471111
v 0.882547 -0.381610 0.332905
v 0.944679 -0.337346 0.169993
v 0.973278 -0.296143 -0.006497
v 0.966110 -0.257827 -0.187529
v 0.923620 -0.222226 -0.364198
v 0.848593 -0.189325 -0.528499
v 0.745559 -0.159382 -0.673962
v 0.620047 -0.132969 -0.795987
v 0.477811 -0.110924 -0.891835
v 0.324179 -0.094217 -0.960319
v 0.163677 -0.083757 -1.001255
v 0.000000 -0.080192 -1.014857
v -0.163678 -0.083757 -1.001256
v -0.324179 -0.094217 -0.960319
v -0.477811 -0.110924 -0.891835
v -0.620047 -0.132969 -0.795987
v -0.745559 -0.159381 -0.673963
v -0.848593 -0.189325 -0.528499
v -0.923620 -0.222226 -0.364197
v -0.966110 -0.257826 -0.187530
v -0.973278 -0.296144 -0.006496
v -0.944679 -0.337346 0.169992
v -0.882547 -0.381610 0.332905
v -0.792782 -0.429837 0.471112
v -0.704829 -0.458827 0.524805
v -0.782023 0.530207 0.469758
v -0.534803 0.758090 0.544699
v -0.272911 0.889010 0.606900
v 0.000000 0.903627 0.613486
v 0.272911 0.889010 0.606900
v 0.534803 0.758090 0.544699
v 0.782023 0.530208 0.469758
v 0.699373 -0.481020 0.529184
v 0.787292 -0.456354 0.476352
v 0.879740 -0.407248 0.339577
v 0.944711 -0.361923 0.177079
v 0.975952 -0.319654 0.000035
v 0.970970 -0.280296 -0.182355
v 0.930032 -0.243702 -0.360958
v 0.855827 -0.209873 -0.527518
v 0.752877 -0.179085 -0.675315
v 0.626768 -0.151931 -0.799525
v 0.483362 -0.129271 -0.897234
v 0.328123 -0.112101 -0.967126
v 0.165722 -0.101354 -1.008937
v 0.000000 -0.097691 -1.022834
v -0.165722 -0.101354 -1.008937
v -0.328123 -0.112102 -0.967126
v -0.483362 -0.129271 -0.897234
v -0.626768 -0.151930 -0.799525
v -0.752877 -0.179085 -0.675315
v -0.855827 -0.209873 -0.527518
v -0.930032 -0.243702 -0.360958
v -0.970970 -0.280296 -0.182355
v -0.975952 -0.319654 0.000036
v -0.944710 -0.361923 0.177079
v -0.879740 -0.407248 0.339577
v -0.787292 -0.456354 0.476352
v -0.699373 -0.481020 0.529184
vn -0.0000 0.9609 -0.2770
vn -0.0363 0.9586 -0.2823
vn -0.0159 0.9650 -0.2616
vn -0.0073 0.9660 -0.2585
vn -0.0000 0.9663 -0.2574
vn 0.0073 0.9660 -0.2585
vn 0.0159 0.9650 -0.2616
vn 0.0363 0.9586 -0.2823
vn 0.0558 0.9619 -0.2678
vn 0.0378 0.9664 -0.2542
vn 0.0380 0.9647 -0.2606
vn 0.0380 0.9629 -0.2670
vn 0.0370 0.9613 -0.2732
vn 0.0351 0.9597 -0.2789
vn 0.0323 0.9583 -0.2840
vn 0.0288 0.9570 -0.2885
vn 0.0248 0.9560 -0.2923
vn 0.0203 0.9551 -0.2955
vn 0.0155 0.9545 -0.2979
vn 0.0105 0.9540 -0.2996
vn 0.0052 0.9537 -0.3006
vn -0.0000 0.9536 -0.3010
vn -0.0052 0.9537 -0.3006
vn -0.0105 0.9540 -0.2996
vn -0.0155 0.9545 -0.2979
vn -0.0203 0.9551 -0.2955
vn -0.0248 0.9560 -0.2923
vn -0.0288 0.9570 -0.2885
vn -0.0323 0.9583 -0.2840
vn -0.0351 0.9597 -0.2789
vn -0.0370 0.9613 -0.2732
vn -0.0380 0.9629 -0.2670
vn -0.0380 0.9647 -0.2606
vn -0.0378 0.9664 -0.2542
vn -0.0558 0.9619 -0.2678
vn -0.0689 0.9653 -0.2517
vn -0.0367 0.9722 -0.2314
vn -0.0170 0.9739 -0.2262
vn -0.0000 0.9745 -0.2244
vn 0.0170 0.9739 -0.2262
vn 0.0367 0.9722 -0.2314
vn 0.0689 0.9653 -0.2517
vn 0.1096 0.9693 -0.2200
vn 0.1005 0.9690 -0.2257
vn 0.1012 0.9644 -0.2442
vn 0.1001 0.9601 -0.2611
vn 0.0962 0.9561 -0.2770
vn 0.0899 0.9524 -0.2914
vn 0.0818 0.9491 -0.3041
vn 0.0721 0.9464 -0.3149
vn 0.0612 0.9441 -0.3239
vn 0.0496 0.9423 -0.3310
vn 0.0375 0.9410 -0.3364
vn 0.0251 0.9401 -0.3401
vn 0.0126 0.9395 -0.3423
vn -0.0000 0.9393 -0.3430
vn -0.0126 0.9395 -0.3423
vn -0.0251 0.9401 -0.3401
vn -0.0375 0.9410 -0.3364
vn -0.0496 0.9423 -0.3310
vn -0.0612 0.9441 -0.3239
vn -0.0721 0.9464 -0.3149
vn -0.0818 0.9491 -0.3041
vn -0.0899 0.9524 -0.2914
vn -0.0962 0.9561 -0.2770
vn -0.1001 0.9601 -0.2611
vn -0.1012 0.9644 -0.2442
vn -0.1005 0.9690 -0.2257
vn -0.1096 0.9693 -0.2200
vn -0.1154 0.9740 -0.1949
vn -0.0678 0.9803 -0.1855
vn -0.0315 0.9836 -0.1778
vn -0.0000 0.9846 -0.1751
vn 0.0315 0.9836 -0.1778
vn 0.0678 0.9803 -0.1855
vn 0.1154 0.9740 -0.1949
vn 0.1874 0.9712 -0.1474
vn 0.1953 0.9640 -0.1806
vn 0.1975 0.9559 -0.2175
vn 0.1944 0.9484 -0.2507
vn 0.1860 0.9414 -0.2814
vn 0.1731 0.9351 -0.3092
vn 0.1567 0.9297 -0.3334
vn 0.1374 0.9251 -0.3540
vn 0.1162 0.9214 -0.3707
vn 0.0938 0.9186 -0.3839
vn 0.0706 0.9165 -0.3937
vn 0.0472 0.9152 -0.4003
vn 0.0236 0.9144 -0.4042
vn -0.0000 0.9141 -0.4055
vn -0.0236 0.9144 -0.4042
vn -0.0472 0.9152 -0.4003
vn -0.0706 0.9165 -0.3937
vn -0.0938 0.9186 -0.3839
vn -0.1162 0.9214 -0.3707
vn -0.1374 0.9251 -0.3540
vn -0.1567 0.9297 -0.3334
vn -0.1731 0.9351 -0.3092
vn -0.1860 0.9414 -0.2814
vn -0.1944 0.9484 -0.2507
vn -0.1975 0.9559 -0.2175
vn -0.1953 0.9640 -0.1806
vn -0.1874 0.9712 -0.1474
vn -0.1754 0.9775 -0.1169
vn -0.1080 0.9863 -0.1249
vn -0.0502 0.9922 -0.1141
vn -0.0000 0.9939 -0.1104
vn 0.0502 0.9922 -0.1141
vn 0.1080 0.9863 -0.1249
vn 0.1754 0.9775 -0.1169
vn 0.2831 0.9576 -0.0534
vn 0.3146 0.9417 -0.1192
vn 0.3193 0.9305 -0.1796
vn 0.3141 0.9202 -0.2336
vn 0.3003 0.9107 -0.2836
vn 0.2792 0.9022 -0.3287
vn 0.2523 0.8949 -0.3681
vn 0.2210 0.8889 -0.4013
vn 0.1867 0.8841 -0.4283
vn 0.1505 0.8805 -0.4495
vn 0.1132 0.8780 -0.4651
vn 0.0755 0.8763 -0.4758
vn 0.0377 0.8754 -0.4819
vn -0.0000 0.8751 -0.4839
vn -0.0377 0.8754 -0.4819
vn -0.0755 0.8763 -0.4758
vn -0.1132 0.8780 -0.4651
vn -0.1505 0.8805 -0.4495
vn -0.1867 0.8841 -0.4283
vn -0.2210 0.8889 -0.4013
vn -0.2523 0.8949 -0.3681
vn -0.2792 0.9022 -0.3287
vn -0.3003 0.9107 -0.2836
vn -0.3141 0.9202 -0.2336
vn -0.3193 0.9305 -0.1796
vn -0.3146 0.9417 -0.1192
vn -0.2831 0.9576 -0.0534
vn -0.2448 0.9693 -0.0220
vn -0.1551 0.9865 -0.0524
vn -0.0721 0.9967 -0.0381
vn -0.0000 0.9994 -0.0333
vn 0.0721 0.9967 -0.0381
vn 0.1551 0.9865 -0.0524
vn 0.2448 0.9693 -0.0220
vn 0.3881 0.9198 0.0577
vn 0.4477 0.8931 -0.0433
vn 0.4562 0.8802 -0.1307
vn 0.4493 0.8687 -0.2085
vn 0.4299 0.8580 -0.2809
vn 0.4001 0.8485 -0.3463
vn 0.3618 0.8405 -0.4034
vn 0.3171 0.8339 -0.4517
vn 0.2679 0.8289 -0.4911
vn 0.2159 0.8253 -0.5218
vn 0.1624 0.8228 -0.5446
vn 0.1083 0.8213 -0.5601
vn 0.0541 0.8205 -0.5691
vn -0.0000 0.8202 -0.5720
vn -0.0541 0.8205 -0.5691
vn -0.1083 0.8213 -0.5601
vn -0.1624 0.8228 -0.5446
vn -0.2159 0.8253 -0.5218
vn -0.2679 0.8289 -0.4911
vn -0.3171 0.8339 -0.4517
vn -0.3618 0.8405 -0.4034
vn -0.4001 0.8485 -0.3463
vn -0.4299 0.8580 -0.2809
vn -0.4493 0.8687 -0.2085
vn -0.4562 0.8802 -0.1307
vn -0.4477 0.8931 -0.0433
vn -0.3881 0.9198 0.0577
vn -0.3179 0.9443 0.0851
vn -0.2064 0.9780 0.0290
vn -0.0961 0.9943 0.0470
vn -0.0000 0.9986 0.0530
vn 0.0961 0.9943 0.0470
vn 0.2064 0.9780 0.0290
vn 0.3179 0.9443 0.0851
vn 0.4916 0.8521 0.1798
vn 0.5820 0.8120 0.0431
vn 0.5960 0.7997 -0.0723
vn 0.5885 0.7893 -0.1751
vn 0.5646 0.7796 -0.2712
vn 0.5265 0.7709 -0.3584
vn 0.4770 0.7638 -0.4349
vn 0.4187 0.7582 -0.4999
vn 0.3542 0.7541 -0.5531
vn 0.2857 0.7514 -0.5948
vn 0.2151 0.7498 -0.6257
vn 0.1435 0.7490 -0.6468
vn 0.0718 0.7487 -0.6591
vn -0.0000 0.7486 -0.6630
vn -0.0718 0.7487 -0.6591
vn -0.1435 0.7490 -0.6468
vn -0.2151 0.7498 -0.6257
vn -0.2857 0.7514 -0.5948
vn -0.3542 0.7541 -0.5531
vn -0.4187 0.7582 -0.4999
vn -0.4770 0.7638 -0.4349
vn -0.5265 0.7709 -0.3584
vn -0.5646 0.7796 -0.2712
vn -0.5885 0.7893 -0.1751
vn -0.5960 0.7997 -0.0723
vn -0.5820 0.8120 0.0431
vn -0.4916 0.8521 0.1798
vn -0.3886 0.8997 0.1989
vn -0.2594 0.9589 0.1154
vn -0.1209 0.9831 0.1375
vn -0.0000 0.9895 0.1447
vn 0.1209 0.9831 0.1375
vn 0.2594 0.9589 0.1154
vn 0.3886 0.8997 0.1989
vn 0.5827 0.7530 0.3058
vn 0.7042 0.6971 0.1347
vn 0.7258 0.6879 -0.0074
vn 0.7197 0.6812 -0.1341
vn 0.6931 0.6748 -0.2534
vn 0.6486 0.6693 -0.3624
vn 0.5894 0.6649 -0.4588
vn 0.5187 0.6619 -0.5412
vn 0.4398 0.6601 -0.6089
vn 0.3554 0.6595 -0.6623
vn 0.2679 0.6597 -0.7021
vn 0.1790 0.6602 -0.7294
vn 0.0895 0.6607 -0.7453
vn -0.0000 0.6609 -0.7505
vn -0.0895 0.6607 -0.7453
vn -0.1790 0.6602 -0.7294
vn -0.2679 0.6597 -0.7021
vn -0.3554 0.6595 -0.6623
vn -0.4398 0.6601 -0.6089
vn -0.5187 0.6619 -0.5412
vn -0.5894 0.6649 -0.4588
vn -0.6486 0.6693 -0.3624
vn -0.6931 0.6748 -0.2534
vn -0.7197 0.6812 -0.1341
vn -0.7258 0.6879 -0.0074
vn -0.7042 0.6971 0.1347
vn -0.5827 0.7530 0.3058
vn -0.4508 0.8358 0.3133
vn -0.3112 0.9284 0.2031
vn -0.1453 0.9624 0.2295
vn -0.0000 0.9713 0.2380
vn 0.1453 0.9624 0.2295
vn 0.3112 0.9284 0.2031
vn 0.4508 0.8358 0.3133
vn 0.6514 0.6264 0.4281
vn 0.8026 0.5523 0.2252
vn 0.8340 0.5486 0.0598
vn 0.8318 0.5481 -0.0874
vn 0.8054 0.5473 -0.2276
vn 0.7574 0.5468 -0.3569
vn 0.6912 0.5470 -0.4723
vn 0.6105 0.5480 -0.5717
vn 0.5192 0.5500 -0.6542
vn 0.4207 0.5525 -0.7196
vn 0.3178 0.5552 -0.7686
vn 0.2126 0.5576 -0.8024
vn 0.1064 0.5593 -0.8221
vn -0.0000 0.5598 -0.8286
vn -0.1064 0.5593 -0.8221
vn -0.2126 0.5576 -0.8024
vn -0.3178 0.5552 -0.7686
vn -0.4207 0.5525 -0.7196
vn -0.5192 0.5500 -0.6542
vn -0.6105 0.5480 -0.5717
vn -0.6912 0.5470 -0.4723
vn -0.7574 0.5468 -0.3569
vn -0.8054 0.5473 -0.2276
vn -0.8318 0.5481 -0.0874
vn -0.8340 0.5486 0.0598
vn -0.8026 0.5523 0.2252
vn -0.6514 0.6264 0.4281
vn -0.4998 0.7560 0.4227
vn -0.3598 0.8874 0.2881
vn -0.1683 0.9326 0.3192
vn -0.0000 0.9444 0.3289
vn 0.1683 0.9326 0.3192
vn 0.3598 0.8874 0.2881
vn 0.4998 0.7560 0.4227
vn 0.6911 0.4807 0.5397
vn 0.8690 0.3867 0.3086
vn 0.9123 0.3900 0.1248
vn 0.9169 0.3974 -0.0380
vn 0.8938 0.4039 -0.1951
vn 0.8456 0.4099 -0.3419
vn 0.7759 0.4159 -0.4743
vn 0.6886 0.4222 -0.5895
vn 0.5880 0.4287 -0.6860
vn 0.4779 0.4350 -0.7631
vn 0.3619 0.4409 -0.8214
vn 0.2426 0.4456 -0.8617
vn 0.1216 0.4487 -0.8854
vn -0.0000 0.4498 -0.8931
vn -0.1216 0.4487 -0.8854
vn -0.2426 0.4456 -0.8617
vn -0.3619 0.4409 -0.8214
vn -0.4779 0.4350 -0.7631
vn -0.5880 0.4287 -0.6860
vn -0.6886 0.4222 -0.5895
vn -0.7759 0.4159 -0.4743
vn -0.8456 0.4099 -0.3419
vn -0.8938 0.4039 -0.1951
vn -0.9169 0.3974 -0.0380
vn -0.9123 0.3900 0.1248
vn -0.8690 0.3867 0.3086
vn -0.6911 0.4807 0.5397
vn -0.5329 0.6659 0.5221
vn -0.4031 0.8383 0.3672
vn -0.1891 0.8954 0.4031
vn -0.0000 0.9103 0.4140
vn 0.1891 0.8954 0.4031
vn 0.4031 0.8383 0.3672
vn 0.5329 0.6659 0.5221
vn 0.6994 0.3274 0.6353
vn 0.9002 0.2128 0.3800
vn 0.9573 0.2233 0.1836
vn 0.9709 0.2393 0.0110
vn 0.9543 0.2537 -0.1582
vn 0.9095 0.2669 -0.3186
vn 0.8399 0.2794 -0.4652
vn 0.7496 0.2915 -0.5943
vn 0.6430 0.3029 -0.7034
vn 0.5247 0.3136 -0.7914
vn 0.3985 0.3228 -0.8585
vn 0.2676 0.3301 -0.9052
vn 0.1343 0.3347 -0.9327
vn -0.0000 0.3363 -0.9417
vn -0.1343 0.3347 -0.9327
vn -0.2676 0.3301 -0.9052
vn -0.3985 0.3228 -0.8585
vn -0.5247 0.3136 -0.7914
vn -0.6430 0.3029 -0.7034
vn -0.7496 0.2915 -0.5943
vn -0.8399 0.2794 -0.4652
vn -0.9095 0.2669 -0.3186
vn -0.9543 0.2537 -0.1582
vn -0.9709 0.2393 0.0110
vn -0.9573 0.2233 0.1836
vn -0.9002 0.2128 0.3800
vn -0.6994 0.3274 0.6353
vn -0.5496 0.5730 0.6080
vn -0.4401 0.7843 0.4372
vn -0.2069 0.8535 0.4782
vn -0.0000 0.8715 0.4903
vn 0.2069 0.8535 0.4782
vn 0.4401 0.7843 0.4372
vn 0.5496 0.5730 0.6080
vn 0.6790 0.1792 0.7119
vn 0.8986 0.0438 0.4366
vn 0.9706 0.0607 0.2330
vn 0.9948 0.0850 0.0565
vn 0.9870 0.1070 -0.1198
vn 0.9486 0.1273 -0.2897
vn 0.8824 0.1461 -0.4472
vn 0.7925 0.1638 -0.5875
vn 0.6834 0.1803 -0.7075
vn 0.5600 0.1951 -0.8052
vn 0.4267 0.2077 -0.8802
vn 0.2872 0.2174 -0.9329
vn 0.1444 0.2236 -0.9639
vn -0.0000 0.2257 -0.9742
vn -0.1444 0.2236 -0.9639
vn -0.2872 0.2174 -0.9329
vn -0.4267 0.2077 -0.8802
vn -0.5600 0.1951 -0.8052
vn -0.6834 0.1803 -0.7075
vn -0.7925 0.1638 -0.5875
vn -0.8824 0.1461 -0.4472
vn -0.9486 0.1273 -0.2897
vn -0.9870 0.1070 -0.1198
vn -0.9948 0.0850 0.0565
vn -0.9706 0.0607 0.2330
vn -0.8986 0.0438 0.4366
vn -0.6790 0.1792 0.7119
vn -0.5519 0.4847 0.6786
vn -0.4700 0.7299 0.4964
vn -0.2215 0.8105 0.5423
vn -0.0000 0.8315 0.5555
vn 0.2215 0.8105 0.5423
vn 0.4700 0.7299 0.4964
vn 0.5519 0.4847 0.6786
vn 0.6374 0.0477 0.7691
vn 0.8716 -0.1079 0.4783
vn 0.9585 -0.0865 0.2715
vn 0.9939 -0.0553 0.0959
vn 0.9962 -0.0266 -0.0831
vn 0.9660 -0.0002 -0.2585
vn 0.9056 0.0243 -0.4235
vn 0.8186 0.0470 -0.5725
vn 0.7097 0.0679 -0.7012
vn 0.5842 0.0865 -0.8070
vn 0.4467 0.1021 -0.8889
vn 0.3014 0.1141 -0.9466
vn 0.1517 0.1216 -0.9809
vn -0.0000 0.1242 -0.9923
vn -0.1517 0.1216 -0.9809
vn -0.3014 0.1141 -0.9466
vn -0.4467 0.1021 -0.8889
vn -0.5842 0.0865 -0.8070
vn -0.7097 0.0679 -0.7012
vn -0.8186 0.0470 -0.5725
vn -0.9056 0.0243 -0.4235
vn -0.9660 -0.0002 -0.2585
vn -0.9962 -0.0266 -0.0831
vn -0.9939 -0.0553 0.0959
vn -0.9585 -0.0865 0.2715
vn -0.8716 -0.1079 0.4783
vn -0.6374 0.0477 0.7691
vn -0.5167 0.3743 0.7700
vn -0.4936 0.6361 0.5931
vn -0.2110 0.7000 0.6822
vn 0.0054 0.6959 0.7181
vn 0.2077 0.6932 0.6902
vn 0.4936 0.6361 0.5931
vn 0.5167 0.3743 0.7700
vn 0.5855 -0.0583 0.8086
vn 0.8302 -0.2329 0.5065
vn 0.9310 -0.2094 0.2990
vn 0.9767 -0.1729 0.1274
vn 0.9890 -0.1391 -0.0509
vn 0.9675 -0.1078 -0.2287
vn 0.9138 -0.0789 -0.3983
vn 0.8313 -0.0521 -0.5533
vn 0.7240 -0.0293 -0.6892
vn 0.6001 -0.0127 -0.7999
vn 0.4620 0.0027 -0.8869
vn 0.3126 0.0166 -0.9497
vn 0.1576 0.0254 -0.9872
vn -0.0000 0.0283 -0.9996
vn -0.1576 0.0254 -0.9872
vn -0.3126 0.0166 -0.9497
vn -0.4620 0.0027 -0.8869
vn -0.6001 -0.0127 -0.7999
vn -0.7240 -0.0293 -0.6892
vn -0.8313 -0.0521 -0.5533
vn -0.9138 -0.0789 -0.3983
vn -0.9675 -0.1078 -0.2287
vn -0.9890 -0.1391 -0.0509
vn -0.9767 -0.1729 0.1274
vn -0.9310 -0.2094 0.2990
vn -0.8302 -0.2329 0.5065
vn -0.5855 -0.0583 0.8086
vn -0.4803 0.3090 0.8209
vn -0.5437 0.5158 0.6621
vn -0.2883 0.6065 0.7410
vn -0.0220 0.5645 0.8252
vn 0.2847 0.5987 0.7487
vn 0.5437 0.5158 0.6621
vn 0.4803 0.3090 0.8209
vn 0.3091 0.0737 0.9482
vn 0.6938 -0.3153 0.6475
vn 0.7864 -0.3196 0.5287
vn 0.8992 -0.2965 0.3218
vn 0.9543 -0.2555 0.1552
vn 0.9759 -0.2172 -0.0213
vn 0.9628 -0.1818 -0.2001
vn 0.9158 -0.1491 -0.3729
vn 0.8380 -0.1192 -0.5325
vn 0.7336 -0.0974 -0.6726
vn 0.6469 -0.0938 -0.7567
vn 0.4802 -0.0490 -0.8758
vn 0.3262 -0.0335 -0.9447
vn 0.1648 -0.0238 -0.9860
vn -0.0000 -0.0204 -0.9998
vn -0.1648 -0.0238 -0.9860
vn -0.3262 -0.0335 -0.9447
vn -0.4802 -0.0490 -0.8758
vn -0.6469 -0.0938 -0.7567
vn -0.7336 -0.0974 -0.6726
vn -0.8380 -0.1192 -0.5325
vn -0.9158 -0.1491 -0.3729
vn -0.9628 -0.1818 -0.2001
vn -0.9759 -0.2172 -0.0213
vn -0.9543 -0.2555 0.1552
vn -0.8992 -0.2965 0.3218
vn -0.7864 -0.3196 0.5287
vn -0.6938 -0.3153 0.6475
vn -0.3091 0.0737 0.9482
vn -0.3081 0.0575 0.9496
vn -0.5736 0.4777 0.6654
vn -0.0000 1.0000 -0.0000
vn 0.5736 0.4777 0.6654
vn 0.3081 0.0575 0.9496
vn -0.0346 0.0588 0.9977
vn 0.7020 -0.2399 0.6706
vn 0.7377 -0.2486 0.6277
vn 0.8689 -0.3380 0.3616
vn 0.9348 -0.2942 0.1989
vn 0.9674 -0.2524 0.0233
vn 0.9641 -0.2138 -0.1578
vn 0.9251 -0.1784 -0.3353
vn 0.8529 -0.1460 -0.5012
vn 0.7527 -0.1272 -0.6459
vn 0.6815 -0.1271 -0.7207
vn 0.0406 0.9832 0.1778
vn 0.0409 0.9877 0.1511
vn 0.0803 0.9807 0.1782
vn 0.0403 0.9830 0.1793
vn 0.0110 0.9687 0.2481
vn 0.0276 0.9726 0.2307
vn 0.0025 0.9731 0.2304
vn 0.0074 0.9700 0.2431
vn -0.0030 0.9716 0.2368
vn -0.0006 0.9549 0.2969
vn -0.0007 0.9721 0.2346
vn -0.0112 0.9625 0.2710
vn 0.0003 0.9638 0.2668
vn -0.0304 0.9699 0.2417
vn -0.0819 0.9797 0.1829
vn -0.0377 0.9837 0.1757
vn -0.0515 0.9873 0.1500
vn -0.0379 0.9840 0.1738
vn -0.6815 -0.1271 -0.7207
vn -0.7527 -0.1272 -0.6459
vn -0.8529 -0.1460 -0.5012
vn -0.9251 -0.1784 -0.3353
vn -0.9641 -0.2138 -0.1578
vn -0.9674 -0.2524 0.0233
vn -0.9348 -0.2942 0.1989
vn -0.8689 -0.3380 0.3616
vn -0.7377 -0.2486 0.6277
vn -0.7020 -0.2399 0.6706
vn 0.0346 0.0588 0.9977
vn 0.0237 0.0106 0.9997
vn -0.2020 -0.1458 0.9685
vn 0.2020 -0.1458 0.9685
vn -0.0237 0.0106 0.9997
vn -0.0905 0.0570 0.9943
vn 0.7218 -0.1430 0.6772
vn -0.2784 0.9503 0.1394
vn -0.3669 0.9262 0.0868
vn -0.2814 0.9497 0.1376
vn -0.1896 0.9793 0.0709
vn -0.3642 0.9275 0.0846
vn -0.3156 0.9245 0.2135
vn -0.1878 0.9793 0.0751
vn -0.2512 0.9513 0.1789
vn -0.3175 0.9231 0.2168
vn -0.1269 0.9402 0.3161
vn -0.2452 0.9522 0.1821
vn 0.0475 0.9834 0.1753
vn -0.1179 0.9414 0.3161
vn 0.0388 0.9912 0.1264
vn 0.0522 0.9842 0.1694
vn 0.1322 0.9836 0.1228
vn 0.0175 0.9674 0.2526
vn 0.0038 0.9825 0.1864
vn 0.0074 0.9760 0.2178
vn 0.0071 0.9759 0.2180
vn -0.0074 0.9808 0.1951
vn 0.0003 0.9848 0.1739
vn 0.0088 0.9649 0.2626
vn -0.1341 0.9835 0.1217
vn -0.0618 0.9897 0.1291
vn -0.0389 0.9786 0.2023
vn -0.0350 0.9776 0.2077
vn 0.0673 0.9495 0.3064
vn 0.0737 0.9489 0.3070
vn 0.1714 0.9581 0.2296
vn 0.1783 0.9574 0.2271
vn 0.2900 0.9300 0.2257
vn 0.2901 0.9313 0.2204
vn 0.1784 0.9821 0.0604
vn 0.1808 0.9819 0.0574
vn 0.3575 0.9256 0.1246
vn 0.3605 0.9241 0.1271
vn 0.2811 0.9498 0.1371
vn 0.2783 0.9506 0.1374
vn -0.7218 -0.1430 0.6772
vn 0.0905 0.0570 0.9943
vn -0.0000 -0.9612 0.2760
vn 0.0230 -0.9627 0.2697
vn 0.0371 -0.9616 0.2721
vn 0.0072 -0.9659 0.2590
vn -0.0000 -0.9662 0.2577
vn -0.0071 -0.9659 0.2590
vn -0.0232 -0.9626 0.2698
vn -0.0371 -0.9615 0.2721
vn -0.0543 -0.9628 0.2649
vn -0.0381 -0.9667 0.2532
vn -0.0384 -0.9646 0.2607
vn -0.0382 -0.9628 0.2673
vn -0.0371 -0.9612 0.2734
vn -0.0350 -0.9596 0.2791
vn -0.0322 -0.9582 0.2842
vn -0.0287 -0.9570 0.2886
vn -0.0246 -0.9560 0.2923
vn -0.0201 -0.9552 0.2953
vn -0.0153 -0.9546 0.2976
vn -0.0103 -0.9541 0.2993
vn -0.0052 -0.9539 0.3002
vn -0.0000 -0.9538 0.3006
vn 0.0052 -0.9539 0.3002
vn 0.0103 -0.9541 0.2993
vn 0.0153 -0.9546 0.2976
vn 0.0201 -0.9552 0.2953
vn 0.0246 -0.9560 0.2923
vn 0.0287 -0.9570 0.2886
vn 0.0322 -0.9582 0.2842
vn 0.0350 -0.9596 0.2791
vn 0.0371 -0.9612 0.2735
vn 0.0382 -0.9628 0.2673
vn 0.0384 -0.9646 0.2607
vn 0.0381 -0.9667 0.2532
vn 0.0543 -0.9628 0.2649
vn 0.0376 -0.9718 0.2330
vn 0.0682 -0.9656 0.2511
vn 0.0168 -0.9739 0.2265
vn -0.0000 -0.9745 0.2246
vn -0.0168 -0.9739 0.2265
vn -0.0376 -0.9718 0.2330
vn -0.0682 -0.9656 0.2511
vn -0.1088 -0.9705 0.2152
vn -0.0995 -0.9692 0.2253
vn -0.1010 -0.9644 0.2445
vn -0.0998 -0.9600 0.2615
vn -0.0959 -0.9560 0.2773
vn -0.0896 -0.9523 0.2916
vn -0.0814 -0.9491 0.3042
vn -0.0717 -0.9464 0.3150
vn -0.0609 -0.9441 0.3239
vn -0.0493 -0.9424 0.3309
vn -0.0373 -0.9410 0.3362
vn -0.0249 -0.9401 0.3399
vn -0.0125 -0.9396 0.3420
vn -0.0000 -0.9394 0.3427
vn 0.0125 -0.9396 0.3420
vn 0.0250 -0.9401 0.3399
vn 0.0373 -0.9410 0.3362
vn 0.0493 -0.9424 0.3309
vn 0.0609 -0.9441 0.3239
vn 0.0717 -0.9464 0.3150
vn 0.0814 -0.9491 0.3042
vn 0.0896 -0.9523 0.2916
vn 0.0959 -0.9560 0.2773
vn 0.0998 -0.9600 0.2615
vn 0.1010 -0.9644 0.2445
vn 0.0995 -0.9692 0.2253
vn 0.1088 -0.9705 0.2152
vn 0.0689 -0.9800 0.1865
vn 0.1125 -0.9743 0.1949
vn 0.0313 -0.9835 0.1781
vn -0.0000 -0.9845 0.1753
vn -0.0313 -0.9835 0.1781
vn -0.0689 -0.9800 0.1865
vn -0.1125 -0.9743 0.1949
vn -0.1850 -0.9729 0.1385
vn -0.1944 -0.9643 0.1800
vn -0.1972 -0.9558 0.2180
vn -0.1941 -0.9483 0.2511
vn -0.1856 -0.9413 0.2818
vn -0.1727 -0.9351 0.3095
vn -0.1562 -0.9297 0.3336
vn -0.1370 -0.9251 0.3541
vn -0.1158 -0.9215 0.3707
vn -0.0934 -0.9187 0.3838
vn -0.0704 -0.9166 0.3935
vn -0.0470 -0.9153 0.4001
vn -0.0235 -0.9145 0.4039
vn -0.0000 -0.9142 0.4052
vn 0.0235 -0.9145 0.4039
vn 0.0470 -0.9153 0.4001
vn 0.0703 -0.9166 0.3935
vn 0.0934 -0.9187 0.3838
vn 0.1158 -0.9215 0.3707
vn 0.1370 -0.9251 0.3541
vn 0.1562 -0.9297 0.3336
vn 0.1727 -0.9351 0.3095
vn 0.1856 -0.9413 0.2818
vn 0.1941 -0.9483 0.2511
vn 0.1972 -0.9558 0.2180
vn 0.1944 -0.9643 0.1800
vn 0.1850 -0.9729 0.1385
vn 0.1098 -0.9859 0.1267
vn 0.1703 -0.9786 0.1154
vn 0.0501 -0.9922 0.1145
vn -0.0000 -0.9939 0.1106
vn -0.0501 -0.9922 0.1145
vn -0.1098 -0.9859 0.1267
vn -0.1703 -0.9786 0.1154
vn -0.2786 -0.9597 0.0371
vn -0.3133 -0.9423 0.1180
vn -0.3191 -0.9305 0.1801
vn -0.3138 -0.9202 0.2341
vn -0.2999 -0.9107 0.2841
vn -0.2788 -0.9022 0.3290
vn -0.2519 -0.8949 0.3683
vn -0.2206 -0.8889 0.4014
vn -0.1863 -0.8842 0.4284
vn -0.1501 -0.8806 0.4494
vn -0.1129 -0.8781 0.4649
vn -0.0753 -0.8765 0.4755
vn -0.0376 -0.8756 0.4816
vn -0.0000 -0.8753 0.4836
vn 0.0376 -0.8756 0.4816
vn 0.0753 -0.8765 0.4755
vn 0.1129 -0.8781 0.4649
vn 0.1501 -0.8806 0.4494
vn 0.1863 -0.8842 0.4284
vn 0.2206 -0.8889 0.4014
vn 0.2519 -0.8949 0.3683
vn 0.2788 -0.9022 0.3290
vn 0.2999 -0.9107 0.2841
vn 0.3138 -0.9202 0.2341
vn 0.3191 -0.9305 0.1801
vn 0.3133 -0.9423 0.1180
vn 0.2786 -0.9597 0.0371
vn 0.1573 -0.9860 0.0553
vn 0.2363 -0.9715 0.0163
vn 0.0721 -0.9967 0.0385
vn -0.0000 -0.9994 0.0334
vn -0.0721 -0.9967 0.0385
vn -0.1573 -0.9860 0.0553
vn -0.2363 -0.9715 0.0163
vn -0.3807 -0.9210 -0.0820
vn -0.4464 -0.8938 0.0420
vn -0.4561 -0.8802 0.1312
vn -0.4491 -0.8687 0.2090
vn -0.4297 -0.8580 0.2813
vn -0.3998 -0.8485 0.3466
vn -0.3615 -0.8405 0.4036
vn -0.3167 -0.8340 0.4518
vn -0.2675 -0.8290 0.4911
vn -0.2156 -0.8254 0.5218
vn -0.1622 -0.8230 0.5445
vn -0.1082 -0.8214 0.5599
vn -0.0541 -0.8206 0.5689
vn -0.0000 -0.8204 0.5718
vn 0.0541 -0.8206 0.5689
vn 0.1082 -0.8214 0.5599
vn 0.1622 -0.8230 0.5445
vn 0.2156 -0.8254 0.5218
vn 0.2675 -0.8290 0.4911
vn 0.3167 -0.8340 0.4518
vn 0.3615 -0.8405 0.4036
vn 0.3998 -0.8485 0.3466
vn 0.4297 -0.8580 0.2813
vn 0.4491 -0.8687 0.2090
vn 0.4561 -0.8802 0.1312
vn 0.4464 -0.8938 0.0420
vn 0.3807 -0.9210 -0.0820
vn 0.2091 -0.9776 -0.0247
vn 0.3053 -0.9474 -0.0959
vn 0.0962 -0.9943 -0.0466
vn -0.0000 -0.9986 -0.0530
vn -0.0962 -0.9943 -0.0466
vn -0.2091 -0.9776 -0.0247
vn -0.3053 -0.9474 -0.0959
vn -0.4803 -0.8511 -0.2121
vn -0.5810 -0.8127 -0.0447
vn -0.5961 -0.7996 0.0729
vn -0.5885 -0.7892 0.1755
vn -0.5644 -0.7795 0.2716
vn -0.5263 -0.7709 0.3587
vn -0.4767 -0.7638 0.4352
vn -0.4184 -0.7582 0.5001
vn -0.3539 -0.7542 0.5532
vn -0.2855 -0.7515 0.5948
vn -0.2149 -0.7500 0.6256
vn -0.1434 -0.7492 0.6467
vn -0.0717 -0.7488 0.6589
vn -0.0000 -0.7487 0.6629
vn 0.0717 -0.7488 0.6589
vn 0.1434 -0.7492 0.6467
vn 0.2149 -0.7500 0.6256
vn 0.2855 -0.7515 0.5948
vn 0.3539 -0.7542 0.5532
vn 0.4184 -0.7582 0.5001
vn 0.4767 -0.7638 0.4352
vn 0.5263 -0.7709 0.3587
vn 0.5644 -0.7795 0.2716
vn 0.5885 -0.7892 0.1755
vn 0.5961 -0.7996 0.0729
vn 0.5810 -0.8127 -0.0447
vn 0.4803 -0.8511 -0.2121
vn 0.2623 -0.9587 -0.1097
vn 0.3712 -0.9034 -0.2149
vn 0.1211 -0.9831 -0.1371
vn -0.0000 -0.9895 -0.1447
vn -0.1211 -0.9831 -0.1371
vn -0.2623 -0.9587 -0.1097
vn -0.3712 -0.9034 -0.2149
vn -0.5656 -0.7488 -0.3455
vn -0.7033 -0.6976 -0.1368
vn -0.7259 -0.6877 0.0081
vn -0.7197 -0.6811 0.1345
vn -0.6930 -0.6748 0.2538
vn -0.6485 -0.6692 0.3627
vn -0.5893 -0.6648 0.4591
vn -0.5186 -0.6619 0.5413
vn -0.4396 -0.6602 0.6090
vn -0.3553 -0.6596 0.6624
vn -0.2678 -0.6598 0.7021
vn -0.1789 -0.6603 0.7294
vn -0.0895 -0.6608 0.7452
vn -0.0000 -0.6610 0.7504
vn 0.0895 -0.6608 0.7452
vn 0.1789 -0.6603 0.7294
vn 0.2678 -0.6598 0.7021
vn 0.3553 -0.6596 0.6624
vn 0.4396 -0.6602 0.6090
vn 0.5186 -0.6619 0.5413
vn 0.5893 -0.6648 0.4591
vn 0.6485 -0.6692 0.3627
vn 0.6930 -0.6748 0.2538
vn 0.7197 -0.6811 0.1345
vn 0.7259 -0.6877 0.0081
vn 0.7033 -0.6976 -0.1368
vn 0.5656 -0.7488 -0.3455
vn 0.3144 -0.9288 -0.1960
vn 0.4276 -0.8399 -0.3343
vn 0.1457 -0.9624 -0.2290
vn -0.0000 -0.9713 -0.2380
vn -0.1457 -0.9624 -0.2290
vn -0.3144 -0.9288 -0.1960
vn -0.4276 -0.8399 -0.3343
vn -0.6264 -0.6185 -0.4745
vn -0.8015 -0.5527 -0.2283
vn -0.8342 -0.5483 -0.0591
vn -0.8319 -0.5479 0.0877
vn -0.8054 -0.5472 0.2279
vn -0.7573 -0.5467 0.3572
vn -0.6911 -0.5469 0.4725
vn -0.6104 -0.5480 0.5719
vn -0.5191 -0.5500 0.6543
vn -0.4206 -0.5525 0.7196
vn -0.3177 -0.5552 0.7686
vn -0.2125 -0.5577 0.8024
vn -0.1064 -0.5594 0.8221
vn -0.0000 -0.5600 0.8285
vn 0.1064 -0.5594 0.8221
vn 0.2125 -0.5577 0.8024
vn 0.3177 -0.5552 0.7686
vn 0.4206 -0.5525 0.7196
vn 0.5191 -0.5500 0.6543
vn 0.6104 -0.5480 0.5719
vn 0.6911 -0.5469 0.4725
vn 0.7573 -0.5467 0.3572
vn 0.8054 -0.5472 0.2279
vn 0.8319 -0.5479 0.0877
vn 0.8342 -0.5483 -0.0591
vn 0.8015 -0.5527 -0.2283
vn 0.6264 -0.6185 -0.4745
vn 0.3631 -0.8887 -0.2798
vn 0.4698 -0.7607 -0.4480
vn 0.1689 -0.9327 -0.3187
vn -0.0000 -0.9443 -0.3290
vn -0.1689 -0.9327 -0.3187
vn -0.3631 -0.8887 -0.2798
vn -0.4698 -0.7607 -0.4480
vn -0.6555 -0.4692 -0.5917
vn -0.8673 -0.3871 -0.3131
vn -0.9125 -0.3897 -0.1241
vn -0.9169 -0.3973 0.0382
vn -0.8938 -0.4038 0.1953
vn -0.8456 -0.4098 0.3420
vn -0.7759 -0.4158 0.4744
vn -0.6886 -0.4221 0.5896
vn -0.5879 -0.4287 0.6860
vn -0.4779 -0.4351 0.7631
vn -0.3619 -0.4409 0.8213
vn -0.2425 -0.4457 0.8617
vn -0.1216 -0.4488 0.8853
vn -0.0000 -0.4499 0.8931
vn 0.1216 -0.4488 0.8853
vn 0.2425 -0.4457 0.8617
vn 0.3619 -0.4409 0.8213
vn 0.4779 -0.4351 0.7631
vn 0.5879 -0.4287 0.6860
vn 0.6886 -0.4221 0.5896
vn 0.7759 -0.4158 0.4744
vn 0.8456 -0.4098 0.3420
vn 0.8938 -0.4038 0.1953
vn 0.9169 -0.3973 0.0382
vn 0.9125 -0.3897 -0.1241
vn 0.8673 -0.3871 -0.3131
vn 0.6555 -0.4692 -0.5917
vn 0.4066 -0.8407 -0.3577
vn 0.4948 -0.6719 -0.5512
vn 0.1898 -0.8956 -0.4024
vn -0.0000 -0.9103 -0.4140
vn -0.1898 -0.8956 -0.4024
vn -0.4066 -0.8407 -0.3577
vn -0.4948 -0.6719 -0.5512
vn -0.6505 -0.3134 -0.6918
vn -0.8972 -0.2134 -0.3867
vn -0.9575 -0.2231 -0.1828
vn -0.9709 -0.2393 -0.0110
vn -0.9543 -0.2537 0.1582
vn -0.9095 -0.2669 0.3186
vn -0.8399 -0.2794 0.4652
vn -0.7496 -0.2915 0.5943
vn -0.6430 -0.3030 0.7033
vn -0.5247 -0.3137 0.7914
vn -0.3985 -0.3229 0.8584
vn -0.2677 -0.3302 0.9052
vn -0.1343 -0.3348 0.9326
vn -0.0000 -0.3364 0.9417
vn 0.1343 -0.3348 0.9326
vn 0.2677 -0.3302 0.9052
vn 0.3985 -0.3229 0.8584
vn 0.5247 -0.3137 0.7914
vn 0.6430 -0.3030 0.7033
vn 0.7496 -0.2915 0.5943
vn 0.8399 -0.2794 0.4652
vn 0.9095 -0.2669 0.3186
vn 0.9543 -0.2537 0.1582
vn 0.9709 -0.2393 -0.0110
vn 0.9575 -0.2231 -0.1828
vn 0.8972 -0.2134 -0.3867
vn 0.6505 -0.3134 -0.6918
vn 0.4436 -0.7880 -0.4270
vn 0.5736 -0.7210 -0.3887
vn 0.2079 -0.8538 -0.4774
vn -0.0000 -0.8716 -0.4902
vn -0.2079 -0.8538 -0.4774
vn -0.4436 -0.7880 -0.4270
vn -0.5736 -0.7210 -0.3887
vn -0.6140 -0.1648 -0.7719
vn -0.3830 -0.3838 -0.8402
vn -0.8934 -0.0451 -0.4469
vn -0.9708 -0.0607 -0.2323
vn -0.9948 -0.0851 -0.0566
vn -0.9870 -0.1072 0.1197
vn -0.9486 -0.1274 0.2895
vn -0.8825 -0.1463 0.4470
vn -0.7925 -0.1640 0.5874
vn -0.6834 -0.1804 0.7074
vn -0.5600 -0.1952 0.8051
vn -0.4268 -0.2079 0.8801
vn -0.2873 -0.2176 0.9328
vn -0.1444 -0.2237 0.9639
vn -0.0000 -0.2259 0.9742
vn 0.1444 -0.2237 0.9639
vn 0.2873 -0.2176 0.9328
vn 0.4268 -0.2079 0.8801
vn 0.5600 -0.1952 0.8051
vn 0.6834 -0.1804 0.7074
vn 0.7925 -0.1640 0.5874
vn 0.8825 -0.1463 0.4470
vn 0.9486 -0.1274 0.2895
vn 0.9870 -0.1072 0.1197
vn 0.9948 -0.0851 -0.0566
vn 0.9708 -0.0607 -0.2323
vn 0.8934 -0.0451 -0.4469
vn 0.6140 -0.1648 -0.7719
vn 0.3830 -0.3838 -0.8402
vn 0.4734 -0.7350 -0.4854
vn 0.6083 -0.6605 -0.4402
vn 0.2226 -0.8109 -0.5412
vn -0.0000 -0.8317 -0.5552
vn -0.2226 -0.8109 -0.5412
vn -0.4734 -0.7350 -0.4854
vn -0.6083 -0.6605 -0.4402
vn -0.2688 -0.1982 -0.9426
vn -0.3208 -0.2691 -0.9081
vn -0.8630 0.1055 -0.4940
vn -0.7642 0.1229 -0.6332
vn -0.9587 0.0863 -0.2709
vn -0.9938 0.0549 -0.0962
vn -0.9962 0.0262 0.0827
vn -0.9661 -0.0002 0.2581
vn -0.9057 -0.0246 0.4232
vn -0.8187 -0.0473 0.5722
vn -0.7099 -0.0681 0.7010
vn -0.5843 -0.0867 0.8069
vn -0.4468 -0.1023 0.8888
vn -0.3015 -0.1143 0.9466
vn -0.1518 -0.1218 0.9809
vn -0.0000 -0.1244 0.9922
vn 0.1518 -0.1218 0.9809
vn 0.3015 -0.1143 0.9466
vn 0.4468 -0.1023 0.8888
vn 0.5843 -0.0867 0.8069
vn 0.7099 -0.0681 0.7010
vn 0.8187 -0.0473 0.5722
vn 0.9057 -0.0246 0.4232
vn 0.9661 -0.0002 0.2581
vn 0.9962 0.0262 0.0827
vn 0.9938 0.0549 -0.0962
vn 0.9587 0.0863 -0.2709
vn 0.8630 0.1055 -0.4940
vn 0.7642 0.1229 -0.6332
vn 0.3208 -0.2691 -0.9081
vn 0.2688 -0.1982 -0.9426
vn 0.4944 -0.6890 -0.5300
vn 0.6340 -0.6094 -0.4762
vn 0.2330 -0.7722 -0.5911
vn -0.0000 -0.7953 -0.6062
vn -0.2330 -0.7722 -0.5911
vn -0.4944 -0.6890 -0.5300
vn -0.6339 -0.6094 -0.4762
vn -0.1938 -0.1257 -0.9730
vn -0.2493 -0.1765 -0.9522
vn -0.8166 0.2288 -0.5299
vn -0.6955 0.2384 -0.6778
vn -0.9312 0.2090 -0.2986
vn -0.9767 0.1722 -0.1281
vn -0.9891 0.1384 0.0503
vn -0.9677 0.1072 0.2282
vn -0.9141 0.0783 0.3979
vn -0.8316 0.0516 0.5530
vn -0.7249 0.0272 0.6883
vn -0.5992 0.0057 0.8006
vn -0.4597 -0.0124 0.8880
vn -0.3109 -0.0262 0.9501
vn -0.1567 -0.0348 0.9870
vn -0.0000 -0.0377 0.9993
vn 0.1567 -0.0348 0.9870
vn 0.3109 -0.0262 0.9501
vn 0.4597 -0.0124 0.8880
vn 0.5992 0.0057 0.8006
vn 0.7249 0.0272 0.6883
vn 0.8316 0.0516 0.5530
vn 0.9141 0.0783 0.3979
vn 0.9677 0.1072 0.2282
vn 0.9891 0.1384 0.0503
vn 0.9767 0.1722 -0.1281
vn 0.9312 0.2090 -0.2986
vn 0.8166 0.2288 -0.5299
vn 0.6955 0.2384 -0.6778
vn 0.2493 -0.1765 -0.9522
vn 0.1938 -0.1257 -0.9730
vn 0.5427 -0.6499 -0.5321
vn 0.6415 -0.5933 -0.4863
vn 0.2556 -0.7504 -0.6096
vn -0.0000 -0.7786 -0.6276
vn -0.2556 -0.7504 -0.6096
vn -0.5427 -0.6499 -0.5321
vn -0.6415 -0.5933 -0.4863
vn 0.2462 -0.0848 -0.9655
vn -0.0765 -0.1101 -0.9910
vn -0.7665 0.3180 -0.5579
vn -0.6245 0.3161 -0.7142
vn -0.8998 0.2995 -0.3172
vn -0.9539 0.2590 -0.1518
vn -0.9748 0.2217 0.0245
vn -0.9612 0.1871 0.2029
vn -0.9139 0.1550 0.3752
vn -0.8360 0.1254 0.5342
vn -0.7321 0.0984 0.6741
vn -0.6073 0.0746 0.7909
vn -0.4672 0.0548 0.8824
vn -0.3166 0.0397 0.9477
vn -0.1598 0.0303 0.9867
vn -0.0000 0.0271 0.9996
vn 0.1598 0.0303 0.9867
vn 0.3166 0.0397 0.9477
vn 0.4672 0.0548 0.8824
vn 0.6073 0.0746 0.7909
vn 0.7321 0.0984 0.6741
vn 0.8360 0.1254 0.5342
vn 0.9139 0.1550 0.3752
vn 0.9612 0.1871 0.2029
vn 0.9748 0.2217 0.0245
vn 0.9539 0.2590 -0.1518
vn 0.8998 0.2995 -0.3172
vn 0.7665 0.3180 -0.5579
vn 0.6245 0.3161 -0.7142
vn 0.0765 -0.1101 -0.9910
vn -0.2462 -0.0848 -0.9655
vn -0.5823 0.3408 0.7381
vn -0.4572 0.5433 0.7042
vn -0.4944 0.4905 0.7176
vn -0.2307 0.7057 0.6699
vn -0.2452 0.7013 0.6694
vn -0.0000 0.7396 0.6731
vn 0.2307 0.7057 0.6699
vn 0.2452 0.7013 0.6694
vn 0.4572 0.5433 0.7041
vn 0.4944 0.4905 0.7176
vn 0.5823 0.3408 0.7381
vn 0.3150 -0.0779 -0.9459
vn -0.7286 0.1746 -0.6623
vn -0.5456 0.0670 -0.8353
vn -0.9019 0.1631 -0.4000
vn -0.9677 0.1106 -0.2266
vn -0.9972 0.0620 -0.0424
vn -0.9894 0.0167 0.1440
vn -0.9458 -0.0251 0.3239
vn -0.8695 -0.0633 0.4899
vn -0.7652 -0.0975 0.6364
vn -0.6381 -0.1270 0.7594
vn -0.4934 -0.1511 0.8566
vn -0.3358 -0.1689 0.9267
vn -0.1700 -0.1798 0.9689
vn -0.0000 -0.1835 0.9830
vn 0.1700 -0.1798 0.9689
vn 0.3358 -0.1689 0.9267
vn 0.4934 -0.1511 0.8566
vn 0.6381 -0.1270 0.7594
vn 0.7652 -0.0975 0.6364
vn 0.8695 -0.0633 0.4899
vn 0.9458 -0.0251 0.3239
vn 0.9894 0.0167 0.1440
vn 0.9972 0.0620 -0.0424
vn 0.9677 0.1106 -0.2266
vn 0.9019 0.1631 -0.4000
vn 0.7286 0.1746 -0.6623
vn 0.5456 0.0670 -0.8353
vn -0.3150 -0.0779 -0.9459
vn 0.2010 -0.0607 0.9777
vn -0.0605 -0.2777 0.9588
vn -0.0591 -0.2800 0.9582
vn 0.0912 -0.1384 0.9862
vn -0.0278 -0.3318 0.9430
vn -0.0276 -0.3320 0.9429
vn -0.0000 -0.3570 0.9341
vn 0.0278 -0.3318 0.9430
vn 0.0276 -0.3320 0.9429
vn 0.0605 -0.2777 0.9588
vn 0.0591 -0.2800 0.9582
vn -0.2010 -0.0607 0.9777
vn -0.0912 -0.1384 0.9862
vn -0.3890 0.0814 0.9176
vn -0.6272 -0.0367 -0.7780
vn -0.5045 -0.0567 -0.8615
vn -0.8685 -0.0124 -0.4954
vn -0.9465 -0.0714 -0.3146
vn -0.9838 -0.1280 -0.1257
vn -0.9815 -0.1804 0.0644
vn -0.9417 -0.2289 0.2466
vn -0.8685 -0.2730 0.4137
vn -0.7670 -0.3125 0.5605
vn -0.6422 -0.3464 0.6838
vn -0.4988 -0.3741 0.7818
vn -0.3410 -0.3946 0.8532
vn -0.1732 -0.4073 0.8967
vn -0.0000 -0.4116 0.9114
vn 0.1732 -0.4073 0.8967
vn 0.3410 -0.3946 0.8532
vn 0.4988 -0.3741 0.7818
vn 0.6422 -0.3464 0.6838
vn 0.7670 -0.3125 0.5605
vn 0.8685 -0.2730 0.4137
vn 0.9417 -0.2289 0.2466
vn 0.9815 -0.1804 0.0644
vn 0.9838 -0.1280 -0.1257
vn 0.9465 -0.0714 -0.3146
vn 0.8685 -0.0124 -0.4954
vn 0.6272 -0.0367 -0.7780
vn 0.5045 -0.0567 -0.8615
vn 0.3890 0.0814 0.9176
vn 0.5631 -0.8263 0.0097
vn 0.6406 -0.7638 0.0794
vn 0.5445 -0.8388 -0.0061
vn 0.2859 -0.9434 -0.1681
vn 0.2189 -0.9548 -0.2011
vn 0.0092 -0.9572 -0.2891
vn -0.0033 -0.9565 -0.2917
vn -0.2838 -0.9432 -0.1730
vn -0.2157 -0.9541 -0.2077
vn -0.5631 -0.8263 0.0097
vn -0.5445 -0.8388 -0.0061
vn -0.6406 -0.7638 0.0794
vn -0.9116 0.0753 0.4042
vn -0.1642 -0.8578 -0.4870
vn -0.1157 -0.8434 -0.5246
vn -0.1617 -0.8572 -0.4890
vn -0.2409 -0.8835 -0.4018
vn -0.2407 -0.8834 -0.4022
vn -0.2812 -0.9071 -0.3132
vn -0.2812 -0.9070 -0.3135
vn -0.2971 -0.9263 -0.2315
vn -0.2971 -0.9263 -0.2317
vn -0.2965 -0.9416 -0.1598
vn -0.2965 -0.9415 -0.1599
vn -0.2838 -0.9537 -0.0993
vn -0.2838 -0.9537 -0.0994
vn -0.2626 -0.9636 -0.0494
vn -0.2626 -0.9636 -0.0495
vn -0.2349 -0.9720 -0.0086
vn -0.2349 -0.9720 -0.0087
vn -0.2011 -0.9793 0.0251
vn -0.2011 -0.9792 0.0250
vn -0.1606 -0.9856 0.0527
vn -0.1128 -0.9909 0.0740
vn -0.1129 -0.9908 0.0740
vn -0.0584 -0.9944 0.0879
vn -0.0585 -0.9944 0.0879
vn -0.0000 -0.9957 0.0927
vn 0.0584 -0.9944 0.0879
vn 0.0585 -0.9944 0.0879
vn 0.1128 -0.9909 0.0740
vn 0.1129 -0.9908 0.0740
vn 0.1606 -0.9856 0.0527
vn 0.2011 -0.9793 0.0251
vn 0.2011 -0.9792 0.0250
vn 0.2349 -0.9720 -0.0086
vn 0.2349 -0.9720 -0.0087
vn 0.2626 -0.9636 -0.0494
vn 0.2626 -0.9636 -0.0495
vn 0.2838 -0.9537 -0.0993
vn 0.2838 -0.9537 -0.0994
vn 0.2965 -0.9416 -0.1598
vn 0.2965 -0.9415 -0.1599
vn 0.2971 -0.9263 -0.2315
vn 0.2971 -0.9263 -0.2317
vn 0.2812 -0.9071 -0.3132
vn 0.2812 -0.9070 -0.3135
vn 0.2409 -0.8835 -0.4018
vn 0.2407 -0.8834 -0.4022
vn 0.1642 -0.8578 -0.4870
vn 0.1617 -0.8572 -0.4890
vn 0.1157 -0.8434 -0.5246
vn 0.9116 0.0753 0.4042
s 1
usemtl BobcutGlossy
f 1//1 2//2 3//3
f 1//1 3//3 4//4
f 1//1 4//4 5//5
f 1//1 5//5 6//6
f 1//1 6//6 7//7
f 1//1 7//7 8//8
f 1//1 8//8 9//9
f 1//1 9//9 10//10
f 1//1 10//10 11//11
f 1//1 11//11 12//12
f 1//1 12//12 13//13
f 1//1 13//13 14//14
f 1//1 14//14 15//15
f 1//1 15//15 16//16
f 1//1 16//16 17//17
f 1//1 17//17 18//18
f 1//1 18//18 19//19
f 1//1 19//19 20//20
f 1//1 20//20 21//21
f 1//1 21//21 22//22
f 1//1 22//22 23//23
f 1//1 23//23 24//24
f 1//1 24//24 25//25
f 1//1 25//25 26//26
f 1//1 26//26 27//27
f 1//1 27//27 28//28
f 1//1 28//28 29//29
f 1//1 29//29 30//30
f 1//1 30//30 31//31
f 1//1 31//31 32//32
f 1//1 32//32 33//33
f 1//1 33//33 34//34
f 1//1 34//34 35//35
f 1//1 35//35 2//2
f 2//2 36//36 37//37 3//3
f 3//3 37//37 38//38 4//4
f 4//4 38//38 39//39 5//5
f 5//5 39//39 40//40 6//6
f 6//6 40//40 41//41 7//7
f 7//7 41//41 42//42 8//8
f 8//8 42//42 43//43 9//9
f 9//9 43//43 44//44 10//10
f 10//10 44//44 45//45 11//11
f 11//11 45//45 46//46 12//12
f 12//12 46//46 47//47 13//13
f 13//13 47//47 48//48 14//14
f 14//14 48//48 49//49 15//15
f 15//15 49//49 50//50 16//16
f 16//16 50//50 51//51 17//17
f 17//17 51//51 52//52 18//18
f 18//18 52//52 53//53 19//19
f 19//19 53//53 54//54 20//20
f 20//20 54//54 55//55 21//21
f 21//21 55//55 56//56 22//22
f 22//22 56//56 57//57 23//23
f 23//23 57//57 58//58 24//24
f 24//24 58//58 59//59 25//25
f 25//25 59//59 60//60 26//26
f 26//26 60//60 61//61 27//27
f 27//27 61//61 62//62 28//28
f 28//28 62//62 63//63 29//29
f 29//29 63//63 64//64 30//30
f 30//30 64//64 65//65 31//31
f 31//31 65//65 66//66 32//32
f 32//32 66//66 67//67 33//33
f 33//33 67//67 68//68 34//34
f 34//34 68//68 69//69 35//35
f 35//35 69//69 36//36 2//2
f 36//36 70//70 71//71 37//37
f 37//37 71//71 72//72 38//38
f 38//38 72//72 73//73 39//39
f 39//39 73//73 74//74 40//40
f 40//40 74//74 75//75 41//41
f 41//41 75//75 76//76 42//42
f 42//42 76//76 77//77 43//43
f 43//43 77//77 78//78 44//44
f 44//44 78//78 79//79 45//45
f 45//45 79//79 80//80 46//46
f 46//46 80//80 81//81 47//47
f 47//47 81//81 82//82 48//48
f 48//48 82//82 83//83 49//49
f 49//49 83//83 84//84 50//50
f 50//50 84//84 85//85 51//51
f 51//51 85//85 86//86 52//52
f 52//52 86//86 87//87 53//53
f 53//53 87//87 88//88 54//54
f 54//54 88//88 89//89 55//55
f 55//55 89//89 90//90 56//56
f 56//56 90//90 91//91 57//57
f 57//57 91//91 92//92 58//58
f 58//58 92//92 93//93 59//59
f 59//59 93//93 94//94 60//60
f 60//60 94//94 95//95 61//61
f 61//61 95//95 96//96 62//62
f 62//62 96//96 97//97 63//63
f 63//63 97//97 98//98 64//64
f 64//64 98//98 99//99 65//65
f 65//65 99//99 100//100 66//66
f 66//66 100//100 101//101 67//67
f 67//67 101//101 102//102 68//68
f 68//68 102//102 103//103 69//69
f 69//69 103//103 70//70 36//36
f 70//70 104//104 105//105 71//71
f 71//71 105//105 106//106 72//72
f 72//72 106//106 107//107 73//73
f 73//73 107//107 108//108 74//74
f 74//74 108//108 109//109 75//75
f 75//75 109//109 110//110 76//76
f 76//76 110//110 111//111 77//77
f 77//77 111//111 112//112 78//78
f 78//78 112//112 113//113 79//79
f 79//79 113//113 114//114 80//80
f 80//80 114//114 115//115 81//81
f 81//81 115//115 116//116 82//82
f 82//82 116//116 117//117 83//83
f 83//83 117//117 118//118 84//84
f 84//84 118//118 119//119 85//85
f 85//85 119//119 120//120 86//86
f 86//86 120//120 121//121 87//87
f 87//87 121//121 122//122 88//88
f 88//88 122//122 123//123 89//89
f 89//89 123//123 124//124 90//90
f 90//90 124//124 125//125 91//91
f 91//91 125//125 126//126 92//92
f 92//92 126//126 127//127 93//93
f 93//93 127//127 128//128 94//94
f 94//94 128//128 129//129 95//95
f 95//95 129//129 130//130 96//96
f 96//96 130//130 131//131 97//97
f 97//97 131//131 132//132 98//98
f 98//98 132//132 133//133 99//99
f 99//99 133//133 134//134 100//100
f 100//100 134//134 135//135 101//101
f 101//101 135//135 136//136 102//102
f 102//102 136//136 137//137 103//103
f 103//103 137//137 104//104 70//70
f 104//104 138//138 139//139 105//105
f 105//105 139//139 140//140 106//106
f 106//106 140//140 141//141 107//107
f 107//107 141//141 142//142 108//108
f 108//108 142//142 143//143 109//109
f 109//109 143//143 144//144 110//110
f 110//110 144//144 145//145 111//111
f 111//111 145//145 146//146 112//112
f 112//112 146//146 147//147 113//113
f 113//113 147//147 148//148 114//114
f 114//114 148//148 149//149 115//115
f 115//115 149//149 150//150 116//116
f 116//116 150//150 151//151 117//117
f 117//117 151//151 152//152 118//118
f 118//118 152//152 153//153 119//119
f 119//119 153//153 154//154 120//120
f 120//120 154//154 155//155 121//121
f 121//121 155//155 156//156 122//122
f 122//122 156//156 157//157 123//123
f 123//123 157//157 158//158 124//124
f 124//124 158//158 159//159 125//125
f 125//125 159//159 160//160 126//126
f 126//126 160//160 161//161 127//127
f 127//127 161//161 162//162 128//128
f 128//128 162//162 163//163 129//129
f 129//129 163//163 164//164 130//130
f 130//130 164//164 165//165 131//131
f 131//131 165//165 166//166 132//132
f 132//132 166//166 167//167 133//133
f 133//133 167//167 168//168 134//134
f 134//134 168//168 169//169 135//135
f 135//135 169//169 170//170 136//136
f 136//136 170//170 171//171 137//137
f 137//137 171//171 138//138 104//104
f 138//138 172//172 173//173 139//139
f 139//139 173//173 174//174 140//140
f 140//140 174//174 175//175 141//141
f 141//141 175//175 176//176 142//142
f 142//142 176//176 177//177 143//143
f 143//143 177//177 178//178 144//144
f 144//144 178//178 179//179 145//145
f 145//145 179//179 180//180 146//146
f 146//146 180//180 181//181 147//147
f 147//147 181//181 182//182 148//148
f 148//148 182//182 183//183 149//149
f 149//149 183//183 184//184 150//150
f 150//150 184//184 185//185 151//151
f 151//151 185//185 186//186 152//152
f 152//152 186//186 187//187 153//153
f 153//153 187//187 188//188 154//154
f 154//154 188//188 189//189 155//155
f 155//155 189//189 190//190 156//156
f 156//156 190//190 191//191 157//157
f 157//157 191//191 192//192 158//158
f 158//158 192//192 193//193 159//159
f 159//159 193//193 194//194 160//160
f 160//160 194//194 195//195 161//161
f 161//161 195//195 196//196 162//162
f 162//162 196//196 197//197 163//163
f 163//163 197//197 198//198 164//164
f 164//164 198//198 199//199 165//165
f 165//165 199//199 200//200 166//166
f 166//166 200//200 201//201 167//167
f 167//167 201//201 202//202 168//168
f 168//168 202//202 203//203 169//169
f 169//169 203//203 204//204 170//170
f 170//170 204//204 205//205 171//171
f 171//171 205//205 172//172 138//138
f 172//172 206//206 207//207 173//173
f 173//173 207//207 208//208 174//174
f 174//174 208//208 209//209 175//175
f 175//175 209//209 210//210 176//176
f 176//176 210//210 211//211 177//177
f 177//177 211//211 212//212 178//178
f 178//178 212//212 213//213 179//179
f 179//179 213//213 214//214 180//180
f 180//180 214//214 215//215 181//181
f 181//181 215//215 216//216 182//182
f 182//182 216//216 217//217 183//183
f 183//183 217//217 218//218 184//184
f 184//184 218//218 219//219 185//185
f 185//185 219//219 220//220 186//186
f 186//186 220//220 221//221 187//187
f 187//187 221//221 222//222 188//188
f 188//188 222//222 223//223 189//189
f 189//189 223//223 224//224 190//190
f 190//190 224//224 225//225 191//191
f 191//191 225//225 226//226 192//192
f 192//192 226//226 227//227 193//193
f 193//193 227//227 228//228 194//194
f 194//194 228//228 229//229 195//195
f 195//195 229//229 230//230 196//196
f 196//196 230//230 231//231 197//197
f 197//197 231//231 232//232 198//198
f 198//198 232//232 233//233 199//199
f 199//199 233//233 234//234 200//200
f 200//200 234//234 235//235 201//201
f 201//201 235//235 236//236 202//202
f 202//202 236//236 237//237 203//203
f 203//203 237//237 238//238 204//204
f 204//204 238//238 239//239 205//205
f 205//205 239//239 206//206 172//172
f 206//206 240//240 241//241 207//207
f 207//207 241//241 242//242 208//208
f 208//208 242//242 243//243 209//209
f 209//209 243//243 244//244 210//210
f 210//210 244//244 245//245 211//211
f 211//211 245//245 246//246 212//212
f 212//212 246//246 247//247 213//213
f 213//213 247//247 248//248 214//214
f 214//214 248//248 249//249 215//215
f 215//215 249//249 250//250 216//216
f 216//216 250//250 251//251 217//217
f 217//217 251//251 252//252 218//218
f 218//218 252//252 253//253 219//219
f 219//219 253//253 254//254 220//220
f 220//220 254//254 255//255 221//221
f 221//221 255//255 256//256 222//222
f 222//222 256//256 257//257 223//223
f 223//223 257//257 258//258 224//224
f 224//224 258//258 259//259 225//225
f 225//225 259//259 260//260 226//226
f 226//226 260//260 261//261 227//227
f 227//227 261//261 262//262 228//228
f 228//228 262//262 263//263 229//229
f 229//229 263//263 264//264 230//230
f 230//230 264//264 265//265 231//231
f 231//231 265//265 266//266 232//232
f 232//232 266//266 267//267 233//233
f 233//233 267//267 268//268 234//234
f 234//234 268//268 269//269 235//235
f 235//235 269//269 270//270 236//236
f 236//236 270//270 271//271 237//237
f 237//237 271//271 272//272 238//238
f 238//238 272//272 273//273 239//239
f 239//239 273//273 240//240 206//206
f 240//240 274//274 275//275 241//241
f 241//241 275//275 276//276 242//242
f 242//242 276//276 277//277 243//243
f 243//243 277//277 278//278 244//244
f 244//244 278//278 279//279 245//245
f 245//245 279//279 280//280 246//246
f 246//246 280//280 281//281 247//247
f 247//247 281//281 282//282 248//248
f 248//248 282//282 283//283 249//249
f 249//249 283//283 284//284 250//250
f 250//250 284//284 285//285 251//251
f 251//251 285//285 286//286 252//252
f 252//252 286//286 287//287 253//253
f 253//253 287//287 288//288 254//254
f 254//254 288//288 289//289 255//255
f 255//255 289//289 290//290 256//256
f 256//256 290//290 291//291 257//257
f 257//257 291//291 292//292 258//258
f 258//258 292//292 293//293 259//259
f 259//259 293//293 294//294 260//260
f 260//260 294//294 295//295 261//261
f 261//261 295//295 296//296 262//262
f 262//262 296//296 297//297 263//263
f 263//263 297//297 298//298 264//264
f 264//264 298//298 299//299 265//265
f 265//265 299//299 300//300 266//266
f 266//266 300//300 301//301 267//267
f 267//267 301//301 302//302 268//268
f 268//268 302//302 303//303 269//269
f 269//269 303//303 304//304 270//270
f 270//270 304//304 305//305 271//271
f 271//271 305//305 306//306 272//272
f 272//272 306//306 307//307 273//273
f 273//273 307//307 274//274 240//240
f 274//274 308//308 309//309 275//275
f 275//275 309//309 310//310 276//276
f 276//276 310//310 311//311 277//277
f 277//277 311//311 312//312 278//278
f 278//278 312//312 313//313 279//279
f 279//279 313//313 314//314 280//280
f 280//280 314//314 315//315 281//281
f 281//281 315//315 316//316 282//282
f 282//282 316//316 317//317 283//283
f 283//283 317//317 318//318 284//284
f 284//284 318//318 319//319 285//285
f 285//285 319//319 320//320 286//286
f 286//286 320//320 321//321 287//287
f 287//287 321//321 322//322 288//288
f 288//288 322//322 323//323 289//289
f 289//289 323//323 324//324 290//290
f 290//290 324//324 325//325 291//291
f 291//291 325//325 326//326 292//292
f 292//292 326//326 327//327 293//293
f 293//293 327//327 328//328 294//294
f 294//294 328//328 329//329 295//295
f 295//295 329//329 330//330 296//296
f 296//296 330//330 331//331 297//297
f 297//297 331//331 332//332 298//298
f 298//298 332//332 333//333 299//299
f 299//299 333//333 334//334 300//300
f 300//300 334//334 335//335 301//301
f 301//301 335//335 336//336 302//302
f 302//302 336//336 337//337 303//303
f 303//303 337//337 338//338 304//304
f 304//304 338//338 339//339 305//305
f 305//305 339//339 340//340 306//306
f 306//306 340//340 341//341 307//307
f 307//307 341//341 308//308 274//274
f 308//308 342//342 343//343 309//309
f 309//309 343//343 344//344 310//310
f 310//310 344//344 345//345 311//311
f 311//311 345//345 346//346 312//312
f 312//312 346//346 347//347 313//313
f 313//313 347//347 348//348 314//314
f 314//314 348//348 349//349 315//315
f 315//315 349//349 350//350 316//316
f 316//316 350//350 351//351 317//317
f 317//317 351//351 352//352 318//318
f 318//318 352//352 353//353 319//319
f 319//319 353//353 354//354 320//320
f 320//320 354//354 355//355 321//321
f 321//321 355//355 356//356 322//322
f 322//322 356//356 357//357 323//323
f 323//323 357//357 358//358 324//324
f 324//324 358//358 359//359 325//325
f 325//325 359//359 360//360 326//326
f 326//326 360//360 361//361 327//327
f 327//327 361//361 362//362 328//328
f 328//328 362//362 363//363 329//329
f 329//329 363//363 364//364 330//330
f 330//330 364//364 365//365 331//331
f 331//331 365//365 366//366 332//332
f 332//332 366//366 367//367 333//333
f 333//333 367//367 368//368 334//334
f 334//334 368//368 369//369 335//335
f 335//335 369//369 370//370 336//336
f 336//336 370//370 371//371 337//337
f 337//337 371//371 372//372 338//338
f 338//338 372//372 373//373 339//339
f 339//339 373//373 374//374 340//340
f 340//340 374//374 375//375 341//341
f 341//341 375//375 342//342 308//308
f 342//342 376//376 377//377 343//343
f 343//343 377//377 378//378 344//344
f 344//344 378//378 379//379 345//345
f 345//345 379//379 380//380 346//346
f 346//346 380//380 381//381 347//347
f 347//347 381//381 382//382 348//348
f 348//348 382//382 383//383 349//349
f 349//349 383//383 384//384 350//350
f 350//350 384//384 385//385 351//351
f 351//351 385//385 386//386 352//352
f 352//352 386//386 387//387 353//353
f 353//353 387//387 388//388 354//354
f 354//354 388//388 389//389 355//355
f 355//355 389//389 390//390 356//356
f 356//356 390//390 391//391 357//357
f 357//357 391//391 392//392 358//358
f 358//358 392//392 393//393 359//359
f 359//359 393//393 394//394 360//360
f 360//360 394//394 395//395 361//361
f 361//361 395//395 396//396 362//362
f 362//362 396//396 397//397 363//363
f 363//363 397//397 398//398 364//364
f 364//364 398//398 399//399 365//365
f 365//365 399//399 400//400 366//366
f 366//366 400//400 401//401 367//367
f 367//367 401//401 402//402 368//368
f 368//368 402//402 403//403 369//369
f 369//369 403//403 404//404 370//370
f 370//370 404//404 405//405 371//371
f 371//371 405//405 406//406 372//372
f 372//372 406//406 407//407 373//373
f 373//373 407//407 408//408 374//374
f 374//374 408//408 409//409 375//375
f 375//375 409//409 376//376 342//342
f 376//376 410//410 411//411 377//377
f 377//377 411//411 412//412 378//378
f 378//378 412//412 413//413 379//379
f 379//379 413//413 414//414 380//380
f 380//380 414//414 415//415 381//381
f 381//381 415//415 416//416 382//382
f 382//382 416//416 417//417 383//383
f 383//383 417//417 418//418 384//384
f 384//384 418//418 419//419 385//385
f 385//385 419//419 420//420 386//386
f 386//386 420//420 421//421 387//387
f 387//387 421//421 422//422 388//388
f 388//388 422//422 423//423 389//389
f 389//389 423//423 424//424 390//390
f 390//390 424//424 425//425 391//391
f 391//391 425//425 426//426 392//392
f 392//392 426//426 427//427 393//393
f 393//393 427//427 428//428 394//394
f 394//394 428//428 429//429 395//395
f 395//395 429//429 430//430 396//396
f 396//396 430//430 431//431 397//397
f 397//397 431//431 432//432 398//398
f 398//398 432//432 433//433 399//399
f 399//399 433//433 434//434 400//400
f 400//400 434//434 435//435 401//401
f 401//401 435//435 436//436 402//402
f 402//402 436//436 437//437 403//403
f 403//403 437//437 438//438 404//404
f 404//404 438//438 439//439 405//405
f 405//405 439//439 440//440 406//406
f 406//406 440//440 441//441 407//407
f 407//407 441//441 442//442 408//408
f 408//408 442//442 443//443 409//409
f 409//409 443//443 410//410 376//376
f 410//410 444//444 445//445 411//411
f 411//411 445//445 446//446 412//412
f 412//412 446//446 447//447 413//413
f 413//413 447//447 448//448 414//414
f 414//414 448//448 449//449 415//415
f 415//415 449//449 450//450 416//416
f 416//416 450//450 451//451 417//417
f 417//417 451//452 452//453 418//418
f 418//418 452//453 453//454 419//419
f 419//419 453//454 454//455 420//420
f 420//420 454//455 455//456 421//421
f 421//421 455//456 456//457 422//422
f 422//422 456//457 457//458 423//423
f 423//423 457//458 458//459 424//424
f 424//424 458//459 459//460 425//425
f 425//425 459//460 460//461 426//426
f 426//426 460//461 461//462 427//427
f 427//427 461//462 462//463 428//428
f 428//428 462//463 463//464 429//429
f 429//429 463//464 464//465 430//430
f 430//430 464//465 465//466 431//431
f 431//431 465//466 466//467 432//432
f 432//432 466//467 467//468 433//433
f 433//433 467//468 468//469 434//434
f 434//434 468//469 469//470 435//435
f 435//435 469//470 470//471 436//436
f 436//436 470//471 471//472 437//437
f 437//437 471//472 472//473 438//438
f 438//438 472//473 473//474 439//439
f 439//439 473//474 474//475 440//440
f 440//440 474//475 475//476 441//441
f 441//441 475//476 476//477 442//442
f 442//442 476//477 477//478 443//443
f 443//443 477//479 444//444 410//410
f 444//444 478//480 479//481 445//445
f 445//482 479//482 480//482 446//482
f 446//482 480//482 481//482 447//482
f 447//482 481//482 482//482 448//482
f 448//482 482//482 483//482 449//482
f 449//449 483//483 484//484 450//450
f 450//450 484//484 485//485 451//451
f 451//452 485//486 486//487 452//453
f 452//453 486//487 487//488 453//454
f 453//454 487//488 488//489 454//455
f 454//455 488//489 489//490 455//456
f 455//456 489//490 490//491 456//457
f 456//457 490//491 491//492 457//458
f 457//458 491//492 492//493 458//459
f 458//459 492//493 493//494 459//460
f 459//460 493//494 494//495 460//461
f 460//496 494//497 495//498 461//499
f 461//499 495//498 496//500 462//501
f 462//501 496//500 497//502 463//503
f 463//503 497//502 498//504 464//505
f 464//505 498//504 499//506 465//507
f 465//507 499//506 500//508 466//509
f 466//509 500//508 501//510 467//511
f 467//511 501//510 502//512 468//513
f 468//469 502//514 503//515 469//470
f 469//470 503//515 504//516 470//471
f 470//471 504//516 505//517 471//472
f 471//472 505//517 506//518 472//473
f 472//473 506//518 507//519 473//474
f 473//474 507//519 508//520 474//475
f 474//475 508//520 509//521 475//476
f 475//476 509//521 510//522 476//477
f 476//477 510//522 511//523 477//478
f 477//479 511//524 478//480 444//444
f 478//480 512//525 513//526 479//526
f 479//482 513//482 514//482 480//482
f 480//482 514//482 515//482 481//482
f 481//482 515//482 516//482 482//482
f 482//482 516//482 517//482 483//482
f 483//527 517//527 518//528 484//484
f 484//484 518//528 519//529 485//485
f 485//486 519//530 520//530 486//487
f 486//531 520//531 521//532 487//533
f 487//533 521//532 522//534 488//535
f 488//535 522//534 523//536 489//537
f 489//537 523//536 524//538 490//539
f 490//539 524//538 525//540 491//541
f 491//541 525//540 526//542 492//543
f 492//543 526//542 527//544 493//545
f 493//545 527//544 528//546 494//497
f 494//497 528//546 529//547 495//498
f 495//498 529//547 530//548 496//500
f 496//500 530//548 531//549 497//502
f 497//502 531//549 532//550 498//504
f 498//504 532//550 533//551 499//506
f 499//506 533//551 534//552 500//508
f 500//508 534//552 535//553 501//510
f 501//510 535//553 536//554 502//512
f 502//512 536//554 537//555 503//556
f 503//556 537//555 538//557 504//558
f 504//558 538//557 539//559 505//560
f 505//560 539//559 540//561 506//562
f 506//562 540//561 541//563 507//564
f 507//564 541//563 542//565 508//566
f 508//566 542//565 543//567 509//568
f 509//568 543//567 544//569 510//569
f 510//522 544//570 545//570 511//523
f 511//524 545//571 512//525 478//480
f 546//572 548//573 547//574
f 546//572 549//575 548//573
f 546//572 550//576 549//575
f 546//572 551//577 550//576
f 546//572 552//578 551//577
f 546//572 553//579 552//578
f 546//572 554//580 553//579
f 546//572 555//581 554//580
f 546//572 556//582 555//581
f 546//572 557//583 556//582
f 546//572 558//584 557//583
f 546//572 559//585 558//584
f 546//572 560//586 559//585
f 546//572 561//587 560//586
f 546//572 562//588 561//587
f 546//572 563//589 562//588
f 546//572 564//590 563//589
f 546//572 565//591 564//590
f 546//572 566//592 565//591
f 546//572 567//593 566//592
f 546//572 568//594 567//593
f 546//572 569//595 568//594
f 546//572 570//596 569//595
f 546//572 571//597 570//596
f 546//572 572//598 571//597
f 546//572 573//599 572//598
f 546//572 574//600 573//599
f 546//572 575//601 574//600
f 546//572 576//602 575//601
f 546//572 577//603 576//602
f 546//572 578//604 577//603
f 546//572 579//605 578//604
f 546//572 580//606 579//605
f 546//572 547//574 580//606
f 547//574 548//573 582//607 581//608
f 548//573 549//575 583//609 582//607
f 549//575 550//576 584//610 583//609
f 550//576 551//577 585//611 584//610
f 551//577 552//578 586//612 585//611
f 552//578 553//579 587//613 586//612
f 553//579 554//580 588//614 587//613
f 554//580 555//581 589//615 588//614
f 555//581 556//582 590//616 589//615
f 556//582 557//583 591//617 590//616
f 557//583 558//584 592//618 591//617
f 558//584 559//585 593//619 592//618
f 559//585 560//586 594//620 593//619
f 560//586 561//587 595//621 594//620
f 561//587 562//588 596//622 595//621
f 562//588 563//589 597//623 596//622
f 563//589 564//590 598//624 597//623
f 564//590 565//591 599//625 598//624
f 565//591 566//592 600//626 599//625
f 566//592 567//593 601//627 600//626
f 567//593 568//594 602//628 601//627
f 568//594 569//595 603//629 602//628
f 569//595 570//596 604//630 603//629
f 570//596 571//597 605//631 604//630
f 571//597 572//598 606//632 605//631
f 572//598 573//599 607//633 606//632
f 573//599 574//600 608//634 607//633
f 574//600 575//601 609//635 608//634
f 575//601 576//602 610//636 609//635
f 576//602 577//603 611//637 610//636
f 577//603 578//604 612//638 611//637
f 578//604 579//605 613//639 612//638
f 579//605 580//606 614//640 613//639
f 580//606 547//574 581//608 614//640
f 581//608 582//607 616//641 615//642
f 582//607 583//609 617//643 616//641
f 583//609 584//610 618//644 617//643
f 584//610 585//611 619//645 618//644
f 585//611 586//612 620//646 619//645
f 586//612 587//613 621//647 620//646
f 587//613 588//614 622//648 621//647
f 588//614 589//615 623//649 622//648
f 589//615 590//616 624//650 623//649
f 590//616 591//617 625//651 624//650
f 591//617 592//618 626//652 625//651
f 592//618 593//619 627//653 626//652
f 593//619 594//620 628//654 627//653
f 594//620 595//621 629//655 628//654
f 595//621 596//622 630//656 629//655
f 596//622 597//623 631//657 630//656
f 597//623 598//624 632//658 631//657
f 598//624 599//625 633//659 632//658
f 599//625 600//626 634//660 633//659
f 600//626 601//627 635//661 634//660
f 601//627 602//628 636//662 635//661
f 602//628 603//629 637//663 636//662
f 603//629 604//630 638//664 637//663
f 604//630 605//631 639//665 638//664
f 605//631 606//632 640//666 639//665
f 606//632 607//633 641//667 640//666
f 607//633 608//634 642//668 641//667
f 608//634 609//635 643//669 642//668
f 609//635 610//636 644//670 643//669
f 610//636 611//637 645//671 644//670
f 611//637 612//638 646//672 645//671
f 612//638 613//639 647//673 646//672
f 613//639 614//640 648//674 647//673
f 614//640 581//608 615//642 648//674
f 615//642 616//641 650//675 649//676
f 616//641 617//643 651//677 650//675
f 617//643 618//644 652//678 651//677
f 618//644 619//645 653//679 652//678
f 619//645 620//646 654//680 653//679
f 620//646 621//647 655//681 654//680
f 621//647 622//648 656//682 655//681
f 622//648 623//649 657//683 656//682
f 623//649 624//650 658//684 657//683
f 624//650 625//651 659//685 658//684
f 625//651 626//652 660//686 659//685
f 626//652 627//653 661//687 660//686
f 627//653 628//654 662//688 661//687
f 628//654 629//655 663//689 662//688
f 629//655 630//656 664//690 663//689
f 630//656 631//657 665//691 664//690
f 631//657 632//658 666//692 665//691
f 632//658 633//659 667//693 666//692
f 633//659 634//660 668//694 667//693
f 634//660 635//661 669//695 668//694
f 635//661 636//662 670//696 669//695
f 636//662 637//663 671//697 670//696
f 637//663 638//664 672//698 671//697
f 638//664 639//665 673//699 672//698
f 639//665 640//666 674//700 673//699
f 640//666 641//667 675//701 674//700
f 641//667 642//668 676//702 675//701
f 642//668 643//669 677//703 676//702
f 643//669 644//670 678//704 677//703
f 644//670 645//671 679//705 678//704
f 645//671 646//672 680//706 679//705
f 646//672 647//673 681//707 680//706
f 647//673 648//674 682//708 681//707
f 648//674 615//642 649//676 682//708
f 649//676 650//675 684//709 683//710
f 650//675 651//677 685//711 684//709
f 651//677 652//678 686//712 685//711
f 652//678 653//679 687//713 686//712
f 653//679 654//680 688//714 687//713
f 654//680 655//681 689//715 688//714
f 655//681 656//682 690//716 689//715
f 656//682 657//683 691//717 690//716
f 657//683 658//684 692//718 691//717
f 658//684 659//685 693//719 692//718
f 659//685 660//686 694//720 693//719
f 660//686 661//687 695//721 694//720
f 661//687 662//688 696//722 695//721
f 662//688 663//689 697//723 696//722
f 663//689 664//690 698//724 697//723
f 664//690 665//691 699//725 698//724
f 665//691 666//692 700//726 699//725
f 666//692 667//693 701//727 700//726
f 667//693 668//694 702//728 701//727
f 668//694 669//695 703//729 702//728
f 669//695 670//696 704//730 703//729
f 670//696 671//697 705//731 704//730
f 671//697 672//698 706//732 705//731
f 672//698 673//699 707//733 706//732
f 673//699 674//700 708//734 707//733
f 674//700 675//701 709//735 708//734
f 675//701 676//702 710//736 709//735
f 676//702 677//703 711//737 710//736
f 677//703 678//704 712//738 711//737
f 678//704 679//705 713//739 712//738
f 679//705 680//706 714//740 713//739
f 680//706 681//707 715//741 714//740
f 681//707 682//708 716//742 715//741
f 682//708 649//676 683//710 716//742
f 683//710 684//709 718//743 717//744
f 684//709 685//711 719//745 718//743
f 685//711 686//712 720//746 719//745
f 686//712 687//713 721//747 720//746
f 687//713 688//714 722//748 721//747
f 688//714 689//715 723//749 722//748
f 689//715 690//716 724//750 723//749
f 690//716 691//717 725//751 724//750
f 691//717 692//718 726//752 725//751
f 692//718 693//719 727//753 726//752
f 693//719 694//720 728//754 727//753
f 694//720 695//721 729//755 728//754
f 695//721 696//722 730//756 729//755
f 696//722 697//723 731//757 730//756
f 697//723 698//724 732//758 731//757
f 698//724 699//725 733//759 732//758
f 699//725 700//726 734//760 733//759
f 700//726 701//727 735//761 734//760
f 701//727 702//728 736//762 735//761
f 702//728 703//729 737//763 736//762
f 703//729 704//730 738//764 737//763
f 704//730 705//731 739//765 738//764
f 705//731 706//732 740//766 739//765
f 706//732 707//733 741//767 740//766
f 707//733 708//734 742//768 741//767
f 708//734 709//735 743//769 742//768
f 709//735 710//736 744//770 743//769
f 710//736 711//737 745//771 744//770
f 711//737 712//738 746//772 745//771
f 712//738 713//739 747//773 746//772
f 713//739 714//740 748//774 747//773
f 714//740 715//741 749//775 748//774
f 715//741 716//742 750//776 749//775
f 716//742 683//710 717//744 750//776
f 717//744 718//743 752//777 751//778
f 718//743 719//745 753//779 752//777
f 719//745 720//746 754//780 753//779
f 720//746 721//747 755//781 754//780
f 721//747 722//748 756//782 755//781
f 722//748 723//749 757//783 756//782
f 723//749 724//750 758//784 757//783
f 724//750 725//751 759//785 758//784
f 725//751 726//752 760//786 759//785
f 726//752 727//753 761//787 760//786
f 727//753 728//754 762//788 761//787
f 728//754 729//755 763//789 762//788
f 729//755 730//756 764//790 763//789
f 730//756 731//757 765//791 764//790
f 731//757 732//758 766//792 765//791
f 732//758 733//759 767//793 766//792
f 733//759 734//760 768//794 767//793
f 734//760 735//761 769//795 768//794
f 735//761 736//762 770//796 769//795
f 736//762 737//763 771//797 770//796
f 737//763 738//764 772//798 771//797
f 738//764 739//765 773//799 772//798
f 739//765 740//766 774//800 773//799
f 740//766 741//767 775//801 774//800
f 741//767 742//768 776//802 775//801
f 742//768 743//769 777//803 776//802
f 743//769 744//770 778//804 777//803
f 744//770 745//771 779//805 778//804
f 745//771 746//772 780//806 779//805
f 746//772 747//773 781//807 780//806
f 747//773 748//774 782//808 781//807
f 748//774 749//775 783//809 782//808
f 749//775 750//776 784//810 783//809
f 750//776 717//744 751//778 784//810
f 751//778 752//777 786//811 785//812
f 752//777 753//779 787//813 786//811
f 753//779 754//780 788//814 787//813
f 754//780 755//781 789//815 788//814
f 755//781 756//782 790//816 789//815
f 756//782 757//783 791//817 790//816
f 757//783 758//784 792//818 791//817
f 758//784 759//785 793//819 792//818
f 759//785 760//786 794//820 793//819
f 760//786 761//787 795//821 794//820
f 761//787 762//788 796//822 795//821
f 762//788 763//789 797//823 796//822
f 763//789 764//790 798//824 797//823
f 764//790 765//791 799//825 798//824
f 765//791 766//792 800//826 799//825
f 766//792 767//793 801//827 800//826
f 767//793 768//794 802//828 801//827
f 768//794 769//795 803//829 802//828
f 769//795 770//796 804//830 803//829
f 770//796 771//797 805//831 804//830
f 771//797 772//798 806//832 805//831
f 772//798 773//799 807//833 806//832
f 773//799 774//800 808//834 807//833
f 774//800 775//801 809//835 808//834
f 775//801 776//802 810//836 809//835
f 776//802 777//803 811//837 810//836
f 777//803 778//804 812//838 811//837
f 778//804 779//805 813//839 812//838
f 779//805 780//806 814//840 813//839
f 780//806 781//807 815//841 814//840
f 781//807 782//808 816//842 815//841
f 782//808 783//809 817//843 816//842
f 783//809 784//810 818//844 817//843
f 784//810 751//778 785//812 818//844
f 785//812 786//811 820//845 819//846
f 786//811 787//813 821//847 820//845
f 787//813 788//814 822//848 821//847
f 788//814 789//815 823//849 822//848
f 789//815 790//816 824//850 823//849
f 790//816 791//817 825//851 824//850
f 791//817 792//818 826//852 825//851
f 792//818 793//819 827//853 826//852
f 793//819 794//820 828//854 827//853
f 794//820 795//821 829//855 828//854
f 795//821 796//822 830//856 829//855
f 796//822 797//823 831//857 830//856
f 797//823 798//824 832//858 831//857
f 798//824 799//825 833//859 832//858
f 799//825 800//826 834//860 833//859
f 800//826 801//827 835//861 834//860
f 801//827 802//828 836//862 835//861
f 802//828 803//829 837//863 836//862
f 803//829 804//830 838//864 837//863
f 804//830 805//831 839//865 838//864
f 805//831 806//832 840//866 839//865
f 806//832 807//833 841//867 840//866
f 807//833 808//834 842//868 841//867
f 808//834 809//835 843//869 842//868
f 809//835 810//836 844//870 843//869
f 810//836 811//837 845//871 844//870
f 811//837 812//838 846//872 845//871
f 812//838 813//839 847//873 846//872
f 813//839 814//840 848//874 847//873
f 814//840 815//841 849//875 848//874
f 815//841 816//842 850//876 849//875
f 816//842 817//843 851//877 850//876
f 817//843 818//844 852//878 851//877
f 818//844 785//812 819//846 852//878
f 819//846 820//845 854//879 853//880
f 820//845 821//847 855//881 854//879
f 821//847 822//848 856//882 855//881
f 822//848 823//849 857//883 856//882
f 823//849 824//850 858//884 857//883
f 824//850 825//851 859//885 858//884
f 825//851 826//852 860//886 859//885
f 826//852 827//853 861//887 860//886
f 827//853 828//854 862//888 861//887
f 828//854 829//855 863//889 862//888
f 829//855 830//856 864//890 863//889
f 830//856 831//857 865//891 864//890
f 831//857 832//858 866//892 865//891
f 832//858 833//859 867//893 866//892
f 833//859 834//860 868//894 867//893
f 834//860 835//861 869//895 868//894
f 835//861 836//862 870//896 869//895
f 836//862 837//863 871//897 870//896
f 837//863 838//864 872//898 871//897
f 838//864 839//865 873//899 872//898
f 839//865 840//866 874//900 873//899
f 840//866 841//867 875//901 874//900
f 841//867 842//868 876//902 875//901
f 842//868 843//869 877//903 876//902
f 843//869 844//870 878//904 877//903
f 844//870 845//871 879//905 878//904
f 845//871 846//872 880//906 879//905
f 846//872 847//873 881//907 880//906
f 847//873 848//874 882//908 881//907
f 848//874 849//875 883//909 882//908
f 849//875 850//876 884//910 883//909
f 850//876 851//877 885//911 884//910
f 851//877 852//878 886//912 885//911
f 852//878 819//846 853//880 886//912
f 853//880 854//879 888//913 887//914
f 854//879 855//881 889//915 888//913
f 855//881 856//882 890//916 889//915
f 856//882 857//883 891//917 890//916
f 857//883 858//884 892//918 891//917
f 858//884 859//885 893//919 892//918
f 859//885 860//886 894//920 893//921
f 860//886 861//887 895//922 894//920
f 861//887 862//888 896//923 895//922
f 862//888 863//889 897//924 896//923
f 863//889 864//890 898//925 897//924
f 864//890 865//891 899//926 898//925
f 865//891 866//892 900//927 899//926
f 866//892 867//893 901//928 900//927
f 867//893 868//894 902//929 901//928
f 868//894 869//895 903//930 902//929
f 869//895 870//896 904//931 903//930
f 870//896 871//897 905//932 904//931
f 871//897 872//898 906//933 905//932
f 872//898 873//899 907//934 906//933
f 873//899 874//900 908//935 907//934
f 874//900 875//901 909//936 908//935
f 875//901 876//902 910//937 909//936
f 876//902 877//903 911//938 910//937
f 877//903 878//904 912//939 911//938
f 878//904 879//905 913//940 912//939
f 879//905 880//906 914//941 913//940
f 880//906 881//907 915//942 914//941
f 881//907 882//908 916//943 915//942
f 882//908 883//909 917//944 916//943
f 883//909 884//910 918//945 917//944
f 884//910 885//911 919//946 918//945
f 885//911 886//912 920//947 919//946
f 886//912 853//880 887//948 920//947
f 887//914 888//913 922//949 921//950
f 888//913 889//915 923//951 922//949
f 889//915 890//916 924//952 923//951
f 890//916 891//917 925//953 924//952
f 891//917 892//918 926//954 925//953
f 892//918 893//919 927//955 926//954
f 893//921 894//920 928//956 927//957
f 894//920 895//922 929//958 928//959
f 895//922 896//923 930//960 929//958
f 896//923 897//924 931//961 930//960
f 897//924 898//925 932//962 931//961
f 898//925 899//926 933//963 932//962
f 899//926 900//927 934//964 933//963
f 900//927 901//928 935//965 934//964
f 901//928 902//929 936//966 935//965
f 902//929 903//930 937//967 936//966
f 903//930 904//931 938//968 937//967
f 904//931 905//932 939//969 938//968
f 905//932 906//933 940//970 939//969
f 906//933 907//934 941//971 940//970
f 907//934 908//935 942//972 941//971
f 908//935 909//936 943//973 942//972
f 909//936 910//937 944//974 943//973
f 910//937 911//938 945//975 944//974
f 911//938 912//939 946//976 945//975
f 912//939 913//940 947//977 946//976
f 913//940 914//941 948//978 947//977
f 914//941 915//942 949//979 948//978
f 915//942 916//943 950//980 949//979
f 916//943 917//944 951//981 950//980
f 917//944 918//945 952//982 951//981
f 918//945 919//946 953//983 952//982
f 919//946 920//947 954//984 953//983
f 920//947 887//948 921//985 954//986
f 921//950 922//949 956//987 955//988
f 922//949 923//951 957//989 956//987
f 923//951 924//952 958//990 957//989
f 924//952 925//953 959//991 958//990
f 925//953 926//954 960//992 959//991
f 926//954 927//955 961//993 960//992
f 927//957 928//956 962//994 961//995
f 928//959 929//958 963//996 962//997
f 929//958 930//960 964//998 963//996
f 930//960 931//961 965//999 964//998
f 931//961 932//962 966//1000 965//999
f 932//962 933//963 967//1001 966//1000
f 933//963 934//964 968//1002 967//1001
f 934//964 935//965 969//1003 968//1002
f 935//965 936//966 970//1004 969//1003
f 936//966 937//967 971//1005 970//1004
f 937//967 938//968 972//1006 971//1005
f 938//968 939//969 973//1007 972//1006
f 939//969 940//970 974//1008 973//1007
f 940//970 941//971 975//1009 974//1008
f 941//971 942//972 976//1010 975//1009
f 942//972 943//973 977//1011 976//1010
f 943//973 944//974 978//1012 977//1011
f 944//974 945//975 979//1013 978//1012
f 945//975 946//976 980//1014 979//1013
f 946//976 947//977 981//1015 980//1014
f 947//977 948//978 982//1016 981//1015
f 948//978 949//979 983//1017 982//1016
f 949//979 950//980 984//1018 983//1017
f 950//980 951//981 985//1019 984//1018
f 951//981 952//982 986//1020 985//1019
f 952//982 953//983 987//1021 986//1020
f 953//983 954//984 988//1022 987//1021
f 954//986 921//985 955//1023 988//1024
f 955//988 956//987 990//1025 989//1026
f 956//987 957//989 991//1027 990//1025
f 957//989 958//990 992//1028 991//1027
f 958//990 959//991 993//1029 992//1028
f 959//991 960//992 994//1030 993//1029
f 960//992 961//993 995//1031 994//1030
f 961//995 962//994 996//1032 995//1033
f 962//997 963//996 997//1034 996//1035
f 963//996 964//998 998//1036 997//1034
f 964//998 965//999 999//1037 998//1036
f 965//999 966//1000 1000//1038 999//1037
f 966//1000 967//1001 1001//1039 1000//1038
f 967//1001 968//1002 1002//1040 1001//1039
f 968//1002 969//1003 1003//1041 1002//1040
f 969//1003 970//1004 1004//1042 1003//1041
f 970//1004 971//1005 1005//1043 1004//1042
f 971//1005 972//1006 1006//1044 1005//1043
f 972//1006 973//1007 1007//1045 1006//1044
f 973//1007 974//1008 1008//1046 1007//1045
f 974//1008 975//1009 1009//1047 1008//1046
f 975//1009 976//1010 1010//1048 1009//1047
f 976//1010 977//1011 1011//1049 1010//1048
f 977//1011 978//1012 1012//1050 1011//1049
f 978//1012 979//1013 1013//1051 1012//1050
f 979//1013 980//1014 1014//1052 1013//1051
f 980//1014 981//1015 1015//1053 1014//1052
f 981//1015 982//1016 1016//1054 1015//1053
f 982//1016 983//1017 1017//1055 1016//1054
f 983//1017 984//1018 1018//1056 1017//1055
f 984//1018 985//1019 1019//1057 1018//1056
f 985//1019 986//1020 1020//1058 1019//1057
f 986//1020 987//1021 1021//1059 1020//1058
f 987//1021 988//1022 1022//1060 1021//1059
f 988//1024 955//1023 989//1061 1022//1062
f 989//1063 990//1064 1024//1065 1023//1063
f 990//1064 991//1066 1025//1067 1024//1065
f 991//1066 992//1068 1026//1068 1025//1067
f 992//1068 993//1069 1027//1070 1026//1068
f 993//1069 994//1071 1028//1072 1027//1070
f 994//1071 995//1073 1029//1073 1028//1072
f 995//1033 996//1032 1030//1074 1029//1074
f 996//1035 997//1034 1031//1075 1030//1076
f 997//1034 998//1036 1032//1077 1031//1075
f 998//1036 999//1037 1033//1078 1032//1077
f 999//1037 1000//1038 1034//1079 1033//1078
f 1000//1038 1001//1039 1035//1080 1034//1079
f 1001//1039 1002//1040 1036//1081 1035//1080
f 1002//1040 1003//1041 1037//1082 1036//1081
f 1003//1041 1004//1042 1038//1083 1037//1082
f 1004//1042 1005//1043 1039//1084 1038//1083
f 1005//1043 1006//1044 1040//1085 1039//1084
f 1006//1044 1007//1045 1041//1086 1040//1085
f 1007//1045 1008//1046 1042//1087 1041//1086
f 1008//1046 1009//1047 1043//1088 1042//1087
f 1009//1047 1010//1048 1044//1089 1043//1088
f 1010//1048 1011//1049 1045//1090 1044//1089
f 1011//1049 1012//1050 1046//1091 1045//1090
f 1012//1050 1013//1051 1047//1092 1046//1091
f 1013//1051 1014//1052 1048//1093 1047//1092
f 1014//1052 1015//1053 1049//1094 1048//1093
f 1015//1053 1016//1054 1050//1095 1049//1094
f 1016//1054 1017//1055 1051//1096 1050//1095
f 1017//1055 1018//1056 1052//1097 1051//1096
f 1018//1056 1019//1057 1053//1098 1052//1097
f 1019//1057 1020//1058 1054//1099 1053//1098
f 1020//1058 1021//1059 1055//1100 1054//1099
f 1021//1059 1022//1060 1056//1101 1055//1100
f 1022//1062 989//1061 1023//1102 1056//1102
f 1023//1103 1024//1104 1058//1105 1057//1106
f 1024//1104 1025//1107 1059//1108 1058//1105
f 1025//1107 1026//1109 1060//1109 1059//1108
f 1026//1109 1027//1110 1061//1111 1060//1109
f 1027//1110 1028//1112 1062//1113 1061//1111
f 1028//1112 1029//1114 1063//1115 1062//1113
f 1029//1114 1030//1116 1064//1116 1063//1115
f 1030//1076 1031//1075 1065//1117 1064//1118
f 1031//1075 1032//1077 1066//1119 1065//1117
f 1032//1077 1033//1078 1067//1120 1066//1119
f 1033//1078 1034//1079 1068//1121 1067//1120
f 1034//1079 1035//1080 1069//1122 1068//1121
f 1035//1080 1036//1081 1070//1123 1069//1122
f 1036//1081 1037//1082 1071//1124 1070//1123
f 1037//1082 1038//1083 1072//1125 1071//1124
f 1038//1083 1039//1084 1073//1126 1072//1125
f 1039//1084 1040//1085 1074//1127 1073//1126
f 1040//1085 1041//1086 1075//1128 1074//1127
f 1041//1086 1042//1087 1076//1129 1075//1128
f 1042//1087 1043//1088 1077//1130 1076//1129
f 1043//1088 1044//1089 1078//1131 1077//1130
f 1044//1089 1045//1090 1079//1132 1078//1131
f 1045//1090 1046//1091 1080//1133 1079//1132
f 1046//1091 1047//1092 1081//1134 1080//1133
f 1047//1092 1048//1093 1082//1135 1081//1134
f 1048//1093 1049//1094 1083//1136 1082//1135
f 1049//1094 1050//1095 1084//1137 1083//1136
f 1050//1095 1051//1096 1085//1138 1084//1137
f 1051//1096 1052//1097 1086//1139 1085//1138
f 1052//1097 1053//1098 1087//1140 1086//1139
f 1053//1098 1054//1099 1088//1141 1087//1140
f 1054//1099 1055//1100 1089//1142 1088//1141
f 1055//1100 1056//1101 1090//1143 1089//1142
f 1056//1144 1023//1103 1057//1106 1090//1144
f 513//1145 512//1146 1057//1146 1058//1147
f 514//1148 513//1145 1058//1147 1059//1149
f 515//1150 514//1148 1059//1149 1060//1151
f 516//1152 515//1150 1060//1151 1061//1153
f 517//1154 516//1152 1061//1153 1062//1155
f 518//1156 517//1154 1062//1155 1063//1156
f 519//1157 518//1157 1063//1157 1064//1157
f 520//1158 519//1159 1064//1159 1065//1160
f 521//1161 520//1158 1065//1160 1066//1162
f 522//1163 521//1161 1066//1162 1067//1164
f 523//1165 522//1163 1067//1164 1068//1166
f 524//1167 523//1165 1068//1166 1069//1168
f 525//1169 524//1167 1069//1168 1070//1170
f 526//1171 525//1169 1070//1170 1071//1172
f 527//1173 526//1171 1071//1172 1072//1174
f 528//1175 527//1173 1072//1174 1073//1176
f 529//1177 528//1175 1073//1176 1074//1177
f 530//1178 529//1177 1074//1177 1075//1179
f 531//1180 530//1178 1075//1179 1076//1181
f 532//1182 531//1180 1076//1181 1077//1182
f 533//1183 532//1182 1077//1182 1078//1184
f 534//1185 533//1183 1078//1184 1079//1186
f 535//1187 534//1185 1079//1186 1080//1187
f 536//1188 535//1187 1080//1187 1081//1189
f 537//1190 536//1188 1081//1189 1082//1191
f 538//1192 537//1190 1082//1191 1083//1193
f 539//1194 538//1192 1083//1193 1084//1195
f 540//1196 539//1194 1084//1195 1085//1197
f 541//1198 540//1196 1085//1197 1086//1199
f 542//1200 541//1198 1086//1199 1087//1201
f 543//1202 542//1200 1087//1201 1088//1203
f 544//1204 543//1202 1088//1203 1089//1205
f 545//1206 544//1204 1089//1205 1090//1206
f 512//1207 545//1207 1090//1207 1057//1207
